Subclass,Order,Family,Genus,Species,Genus_species,GenusSpaceSpecies,area_sqkm,Endemic_lessthan149246,,,,,,,,,,,,,,,,,,,,,,,,,,,,,,,,,,,,,,,
shark,Hexanchiformes,Chlamydoselachidae,Chlamydoselachus,africana,Chlamydoselachus_africana,Chlamydoselachus africana,199366,,,,,,,,,,,,,,,,,,,,,,,,,,,,,,,,,,,,,,,,
shark,Hexanchiformes,Chlamydoselachidae,Chlamydoselachus,anguineus,Chlamydoselachus_anguineus,Chlamydoselachus anguineus,2028893,,,,,,,,,,,,,,,,,,,,,,,,,,,,,,,,,,,,,,,,
shark,Hexanchiformes,Hexanchidae,Heptranchias,perlo,Heptranchias_perlo,Heptranchias perlo,10589516,,,,,,,,,,,,,,,,,,,,,,,,,,,,,,,,,,,,,,,,
shark,Hexanchiformes,Hexanchidae,Hexanchus,griseus,Hexanchus_griseus,Hexanchus griseus,9871430,,,,,,,,,,,,,,,,,,,,,,,,,,,,,,,,,,,,,,,,
shark,Hexanchiformes,Hexanchidae,Hexanchus,nakamurai,Hexanchus_nakamurai,Hexanchus nakamurai,1800574,,,,,,,,,,,,,,,,,,,,,,,,,,,,,,,,,,,,,,,,
shark,Hexanchiformes,Hexanchidae,Hexanchus,vitulus,Hexanchus_vitulus,Hexanchus vitulus,467611,,,,,,,,,,,,,,,,,,,,,,,,,,,,,,,,,,,,,,,,
shark,Hexanchiformes,Hexanchidae,Notorynchus,cepedianus,Notorynchus_cepedianus,Notorynchus cepedianus,4487898,,,,,,,,,,,,,,,,,,,,,,,,,,,,,,,,,,,,,,,,
shark,Echinorhiniformes,Echinorhinidae,Echinorhinus,brucus,Echinorhinus_brucus,Echinorhinus brucus,4527328,,,,,,,,,,,,,,,,,,,,,,,,,,,,,,,,,,,,,,,,
shark,Echinorhiniformes,Echinorhinidae,Echinorhinus,cookei,Echinorhinus_cookei,Echinorhinus cookei,973491,,,,,,,,,,,,,,,,,,,,,,,,,,,,,,,,,,,,,,,,
shark,Squaliformes,Squalidae,Cirrhigaleus,asper,Cirrhigaleus_asper,Cirrhigaleus asper,457281,,,,,,,,,,,,,,,,,,,,,,,,,,,,,,,,,,,,,,,,
shark,Squaliformes,Squalidae,Cirrhigaleus,australis,Cirrhigaleus_australis,Cirrhigaleus australis,37868,Endemic,,,,,,,,,,,,,,,,,,,,,,,,,,,,,,,,,,,,,,,
shark,Squaliformes,Squalidae,Cirrhigaleus,barbifer,Cirrhigaleus_barbifer,Cirrhigaleus barbifer,38947,Endemic,,,,,,,,,,,,,,,,,,,,,,,,,,,,,,,,,,,,,,,
shark,Squaliformes,Squalidae,Squalus,acanthias,Squalus_acanthias,Squalus acanthias,5974759,,,,,,,,,,,,,,,,,,,,,,,,,,,,,,,,,,,,,,,,
shark,Squaliformes,Squalidae,Squalus,acutipinnis,Squalus_acutipinnis,Squalus acutipinnis,7081,Endemic,,,,,,,,,,,,,,,,,,,,,,,,,,,,,,,,,,,,,,,
shark,Squaliformes,Squalidae,Squalus,albifrons,Squalus_albifrons,Squalus albifrons,73337,Endemic,,,,,,,,,,,,,,,,,,,,,,,,,,,,,,,,,,,,,,,
shark,Squaliformes,Squalidae,Squalus,albicaudus,Squalus_albicaudus,Squalus albicaudus,11089,Endemic,,,,,,,,,,,,,,,,,,,,,,,,,,,,,,,,,,,,,,,
shark,Squaliformes,Squalidae,Squalus,altipinnis,Squalus_altipinnis,Squalus altipinnis,3282,Endemic,,,,,,,,,,,,,,,,,,,,,,,,,,,,,,,,,,,,,,,
shark,Squaliformes,Squalidae,Squalus,bahiensis,Squalus_bahiensis,Squalus bahiensis,25,Endemic,,,,,,,,,,,,,,,,,,,,,,,,,,,,,,,,,,,,,,,
shark,Squaliformes,Squalidae,Squalus,bassi,Squalus_bassi,Squalus bassi,123719,Endemic,,,,,,,,,,,,,,,,,,,,,,,,,,,,,,,,,,,,,,,
shark,Squaliformes,Squalidae,Squalus,blainville,Squalus_blainville,Squalus blainville,2649615,,,,,,,,,,,,,,,,,,,,,,,,,,,,,,,,,,,,,,,,
shark,Squaliformes,Squalidae,Squalus,boretzi,Squalus_boretzi,Squalus boretzi,2834,Endemic,,,,,,,,,,,,,,,,,,,,,,,,,,,,,,,,,,,,,,,
shark,Squaliformes,Squalidae,Squalus,brevirostris,Squalus_brevirostris,Squalus brevirostris,601951,,,,,,,,,,,,,,,,,,,,,,,,,,,,,,,,,,,,,,,,
shark,Squaliformes,Squalidae,Squalus,bucephalus,Squalus_bucephalus,Squalus bucephalus,11896,Endemic,,,,,,,,,,,,,,,,,,,,,,,,,,,,,,,,,,,,,,,
shark,Squaliformes,Squalidae,Squalus,clarkae,Squalus_clarkae,Squalus clarkae,660813,,,,,,,,,,,,,,,,,,,,,,,,,,,,,,,,,,,,,,,,
shark,Squaliformes,Squalidae,Squalus,chloroculus,Squalus_chloroculus,Squalus chloroculus,85214,Endemic,,,,,,,,,,,,,,,,,,,,,,,,,,,,,,,,,,,,,,,
shark,Squaliformes,Squalidae,Squalus,crassispinus,Squalus_crassispinus,Squalus crassispinus,36897,Endemic,,,,,,,,,,,,,,,,,,,,,,,,,,,,,,,,,,,,,,,
shark,Squaliformes,Squalidae,Squalus,cubensis,Squalus_cubensis,Squalus cubensis,960642,,,,,,,,,,,,,,,,,,,,,,,,,,,,,,,,,,,,,,,,
shark,Squaliformes,Squalidae,Squalus,edmundsi,Squalus_edmundsi,Squalus edmundsi,85337,Endemic,,,,,,,,,,,,,,,,,,,,,,,,,,,,,,,,,,,,,,,
shark,Squaliformes,Squalidae,Squalus,formosus,Squalus_formosus,Squalus formosus,18051,Endemic,,,,,,,,,,,,,,,,,,,,,,,,,,,,,,,,,,,,,,,
shark,Squaliformes,Squalidae,Squalus,grahami,Squalus_grahami,Squalus grahami,84184,Endemic,,,,,,,,,,,,,,,,,,,,,,,,,,,,,,,,,,,,,,,
shark,Squaliformes,Squalidae,Squalus,griffini,Squalus_griffini,Squalus griffini,253380,,,,,,,,,,,,,,,,,,,,,,,,,,,,,,,,,,,,,,,,
shark,Squaliformes,Squalidae,Squalus,hawaiiensis,Squalus_hawaiiensis,Squalus hawaiiensis,2,Endemic,,,,,,,,,,,,,,,,,,,,,,,,,,,,,,,,,,,,,,,
shark,Squaliformes,Squalidae,Squalus,hemipinnis,Squalus_hemipinnis,Squalus hemipinnis,76222,Endemic,,,,,,,,,,,,,,,,,,,,,,,,,,,,,,,,,,,,,,,
shark,Squaliformes,Squalidae,Squalus,hima,Squalus_hima,Squalus hima,,,,,,,,,,,,,,,,,,,,,,,,,,,,,,,,,,,,,,,,,
shark,Squaliformes,Squalidae,Squalus,japonicus,Squalus_japonicus,Squalus japonicus,658091,,,,,,,,,,,,,,,,,,,,,,,,,,,,,,,,,,,,,,,,
shark,Squaliformes,Squalidae,Squalus,lalannei,Squalus_lalannei,Squalus lalannei,NA,,,,,,,,,,,,,,,,,,,,,,,,,,,,,,,,,,,,,,,,
shark,Squaliformes,Squalidae,Squalus,lobularis,Squalus_lobularis,Squalus lobularis,19325,Endemic,,,,,,,,,,,,,,,,,,,,,,,,,,,,,,,,,,,,,,,
shark,Squaliformes,Squalidae,Squalus,longispinnus,Squalus_longispinnus,Squalus longispinnus,,,,,,,,,,,,,,,,,,,,,,,,,,,,,,,,,,,,,,,,,
shark,Squaliformes,Squalidae,Squalus,mahia,Squalus_mahia,Squalus mahia,82429,Endemic,,,,,,,,,,,,,,,,,,,,,,,,,,,,,,,,,,,,,,,
shark,Squaliformes,Squalidae,Squalus,margaretsmithae,Squalus_margaretsmithae,Squalus margaretsmithae,399929,,,,,,,,,,,,,,,,,,,,,,,,,,,,,,,,,,,,,,,,
shark,Squaliformes,Squalidae,Squalus,megalops,Squalus_megalops,Squalus megalops,905549,,,,,,,,,,,,,,,,,,,,,,,,,,,,,,,,,,,,,,,,
shark,Squaliformes,Squalidae,Squalus,melanurus,Squalus_melanurus,Squalus melanurus,139,Endemic,,,,,,,,,,,,,,,,,,,,,,,,,,,,,,,,,,,,,,,
shark,Squaliformes,Squalidae,Squalus,mitsukurii,Squalus_mitsukurii,Squalus mitsukurii,1423186,,,,,,,,,,,,,,,,,,,,,,,,,,,,,,,,,,,,,,,,
shark,Squaliformes,Squalidae,Squalus,montalbani,Squalus_montalbani,Squalus montalbani,688599,,,,,,,,,,,,,,,,,,,,,,,,,,,,,,,,,,,,,,,,
shark,Squaliformes,Squalidae,Squalus,nasutus,Squalus_nasutus,Squalus nasutus,83678,Endemic,,,,,,,,,,,,,,,,,,,,,,,,,,,,,,,,,,,,,,,
shark,Squaliformes,Squalidae,Squalus,notocaudatus,Squalus_notocaudatus,Squalus notocaudatus,48487,Endemic,,,,,,,,,,,,,,,,,,,,,,,,,,,,,,,,,,,,,,,
shark,Squaliformes,Squalidae,Squalus,quasimodo,Squalus_quasimodo,Squalus quasimodo,45346,Endemic,,,,,,,,,,,,,,,,,,,,,,,,,,,,,,,,,,,,,,,
shark,Squaliformes,Squalidae,Squalus,rancureli,Squalus_rancureli,Squalus rancureli,578,Endemic,,,,,,,,,,,,,,,,,,,,,,,,,,,,,,,,,,,,,,,
shark,Squaliformes,Squalidae,Squalus,raoulensis,Squalus_raoulensis,Squalus raoulensis,439,Endemic,,,,,,,,,,,,,,,,,,,,,,,,,,,,,,,,,,,,,,,
shark,Squaliformes,Squalidae,Squalus,shiraii,Squalus_shiraii,Squalus shiraii,,,,,,,,,,,,,,,,,,,,,,,,,,,,,,,,,,,,,,,,,
shark,Squaliformes,Squalidae,Squalus,suckleyi,Squalus_suckleyi,Squalus suckleyi,3434528,,,,,,,,,,,,,,,,,,,,,,,,,,,,,,,,,,,,,,,,
shark,Squaliformes,Centrophoridae,Centrophorus,atromarginatus,Centrophorus_atromarginatus,Centrophorus atromarginatus,66633,Endemic,,,,,,,,,,,,,,,,,,,,,,,,,,,,,,,,,,,,,,,
shark,Squaliformes,Centrophoridae,Centrophorus,granulosus,Centrophorus_granulosus,Centrophorus granulosus,2898533,,,,,,,,,,,,,,,,,,,,,,,,,,,,,,,,,,,,,,,,
shark,Squaliformes,Centrophoridae,Centrophorus,harrissoni,Centrophorus_harrissoni,Centrophorus harrissoni,25940,Endemic,,,,,,,,,,,,,,,,,,,,,,,,,,,,,,,,,,,,,,,
shark,Squaliformes,Centrophoridae,Centrophorus,isodon,Centrophorus_isodon,Centrophorus isodon,35272,Endemic,,,,,,,,,,,,,,,,,,,,,,,,,,,,,,,,,,,,,,,
shark,Squaliformes,Centrophoridae,Centrophorus,lesliei,Centrophorus_lesliei,Centrophorus lesliei,3377,Endemic,,,,,,,,,,,,,,,,,,,,,,,,,,,,,,,,,,,,,,,
shark,Squaliformes,Centrophoridae,Centrophorus,longipinnis,Centrophorus_longipinnis,Centrophorus longipinnis,13390,Endemic,,,,,,,,,,,,,,,,,,,,,,,,,,,,,,,,,,,,,,,
shark,Squaliformes,Centrophoridae,Centrophorus,moluccensis,Centrophorus_moluccensis,Centrophorus moluccensis,439270,,,,,,,,,,,,,,,,,,,,,,,,,,,,,,,,,,,,,,,,
shark,Squaliformes,Centrophoridae,Centrophorus,seychellorum,Centrophorus_seychellorum,Centrophorus seychellorum,11,Endemic,,,,,,,,,,,,,,,,,,,,,,,,,,,,,,,,,,,,,,,
shark,Squaliformes,Centrophoridae,Centrophorus,squamosus,Centrophorus_squamosus,Centrophorus squamosus,3980579,,,,,,,,,,,,,,,,,,,,,,,,,,,,,,,,,,,,,,,,
shark,Squaliformes,Centrophoridae,Centrophorus,tessellatus,Centrophorus_tessellatus,Centrophorus tessellatus,75150,Endemic,,,,,,,,,,,,,,,,,,,,,,,,,,,,,,,,,,,,,,,
shark,Squaliformes,Centrophoridae,Centrophorus,uyato,Centrophorus_uyato,Centrophorus uyato,1028242,,,,,,,,,,,,,,,,,,,,,,,,,,,,,,,,,,,,,,,,
shark,Squaliformes,Centrophoridae,Centrophorus,westraliensis,Centrophorus_westraliensis,Centrophorus westraliensis,9648,Endemic,,,,,,,,,,,,,,,,,,,,,,,,,,,,,,,,,,,,,,,
shark,Squaliformes,Centrophoridae,Deania,calcea,Deania_calcea,Deania calcea,3583275,,,,,,,,,,,,,,,,,,,,,,,,,,,,,,,,,,,,,,,,
shark,Squaliformes,Centrophoridae,Deania,profundorum,Deania_profundorum,Deania profundorum,774972,,,,,,,,,,,,,,,,,,,,,,,,,,,,,,,,,,,,,,,,
shark,Squaliformes,Centrophoridae,Deania,quadrispinosa,Deania_quadrispinosa,Deania quadrispinosa,347473,,,,,,,,,,,,,,,,,,,,,,,,,,,,,,,,,,,,,,,,
shark,Squaliformes,Etmopteridae,Aculeola,nigra,Aculeola_nigra,Aculeola nigra,84262,Endemic,,,,,,,,,,,,,,,,,,,,,,,,,,,,,,,,,,,,,,,
shark,Squaliformes,Etmopteridae,Centroscyllium,excelsum,Centroscyllium_excelsum,Centroscyllium excelsum,1460,Endemic,,,,,,,,,,,,,,,,,,,,,,,,,,,,,,,,,,,,,,,
shark,Squaliformes,Etmopteridae,Centroscyllium,fabricii,Centroscyllium_fabricii,Centroscyllium fabricii,4886208,,,,,,,,,,,,,,,,,,,,,,,,,,,,,,,,,,,,,,,,
shark,Squaliformes,Etmopteridae,Centroscyllium,granulatum,Centroscyllium_granulatum,Centroscyllium granulatum,15878,Endemic,,,,,,,,,,,,,,,,,,,,,,,,,,,,,,,,,,,,,,,
shark,Squaliformes,Etmopteridae,Centroscyllium,kamoharai,Centroscyllium_kamoharai,Centroscyllium kamoharai,84568,Endemic,,,,,,,,,,,,,,,,,,,,,,,,,,,,,,,,,,,,,,,
shark,Squaliformes,Etmopteridae,Centroscyllium,nigrum,Centroscyllium_nigrum,Centroscyllium nigrum,380831,,,,,,,,,,,,,,,,,,,,,,,,,,,,,,,,,,,,,,,,
shark,Squaliformes,Etmopteridae,Centroscyllium,ornatum,Centroscyllium_ornatum,Centroscyllium ornatum,38814,Endemic,,,,,,,,,,,,,,,,,,,,,,,,,,,,,,,,,,,,,,,
shark,Squaliformes,Etmopteridae,Centroscyllium,ritteri,Centroscyllium_ritteri,Centroscyllium ritteri,132943,Endemic,,,,,,,,,,,,,,,,,,,,,,,,,,,,,,,,,,,,,,,
shark,Squaliformes,Etmopteridae,Etmopterus,alphus,Etmopterus_alphus,Etmopterus alphus,4733,Endemic,,,,,,,,,,,,,,,,,,,,,,,,,,,,,,,,,,,,,,,
shark,Squaliformes,Etmopteridae,Etmopterus,benchleyi,Etmopterus_benchleyi,Etmopterus benchleyi,5563,Endemic,,,,,,,,,,,,,,,,,,,,,,,,,,,,,,,,,,,,,,,
shark,Squaliformes,Etmopteridae,Etmopterus,bigelowi,Etmopterus_bigelowi,Etmopterus bigelowi,3268196,,,,,,,,,,,,,,,,,,,,,,,,,,,,,,,,,,,,,,,,
shark,Squaliformes,Etmopteridae,Etmopterus,brachyurus,Etmopterus_brachyurus,Etmopterus brachyurus,263405,,,,,,,,,,,,,,,,,,,,,,,,,,,,,,,,,,,,,,,,
shark,Squaliformes,Etmopteridae,Etmopterus,brosei,Etmopterus_brosei,Etmopterus brosei,,,,,,,,,,,,,,,,,,,,,,,,,,,,,,,,,,,,,,,,,
shark,Squaliformes,Etmopteridae,Etmopterus,bullisi,Etmopterus_bullisi,Etmopterus bullisi,192203,,,,,,,,,,,,,,,,,,,,,,,,,,,,,,,,,,,,,,,,
shark,Squaliformes,Etmopteridae,Etmopterus,burgessi,Etmopterus_burgessi,Etmopterus burgessi,4832,Endemic,,,,,,,,,,,,,,,,,,,,,,,,,,,,,,,,,,,,,,,
shark,Squaliformes,Etmopteridae,Etmopterus,carteri,Etmopterus_carteri,Etmopterus carteri,259,Endemic,,,,,,,,,,,,,,,,,,,,,,,,,,,,,,,,,,,,,,,
shark,Squaliformes,Etmopteridae,Etmopterus,caudistigmus,Etmopterus_caudistigmus,Etmopterus caudistigmus,1987,Endemic,,,,,,,,,,,,,,,,,,,,,,,,,,,,,,,,,,,,,,,
shark,Squaliformes,Etmopteridae,Etmopterus,compagnoi,Etmopterus_compagnoi,Etmopterus compagnoi,135414,Endemic,,,,,,,,,,,,,,,,,,,,,,,,,,,,,,,,,,,,,,,
shark,Squaliformes,Etmopteridae,Etmopterus,decacuspidatus,Etmopterus_decacuspidatus,Etmopterus decacuspidatus,816,Endemic,,,,,,,,,,,,,,,,,,,,,,,,,,,,,,,,,,,,,,,
shark,Squaliformes,Etmopteridae,Etmopterus,dianthus,Etmopterus_dianthus,Etmopterus dianthus,4038,Endemic,,,,,,,,,,,,,,,,,,,,,,,,,,,,,,,,,,,,,,,
shark,Squaliformes,Etmopteridae,Etmopterus,dislineatus,Etmopterus_dislineatus,Etmopterus dislineatus,23626,Endemic,,,,,,,,,,,,,,,,,,,,,,,,,,,,,,,,,,,,,,,
shark,Squaliformes,Etmopteridae,Etmopterus,evansi,Etmopterus_evansi,Etmopterus evansi,20285,Endemic,,,,,,,,,,,,,,,,,,,,,,,,,,,,,,,,,,,,,,,
shark,Squaliformes,Etmopteridae,Etmopterus,fusus,Etmopterus_fusus,Etmopterus fusus,3967,Endemic,,,,,,,,,,,,,,,,,,,,,,,,,,,,,,,,,,,,,,,
shark,Squaliformes,Etmopteridae,Etmopterus,gracilispinis,Etmopterus_gracilispinis,Etmopterus gracilispinis,3599485,,,,,,,,,,,,,,,,,,,,,,,,,,,,,,,,,,,,,,,,
shark,Squaliformes,Etmopteridae,Etmopterus,granulosus,Etmopterus_granulosus,Etmopterus granulosus,3599485,,,,,,,,,,,,,,,,,,,,,,,,,,,,,,,,,,,,,,,,
shark,Squaliformes,Etmopteridae,Etmopterus,hillianus,Etmopterus_hillianus,Etmopterus hillianus,182832,,,,,,,,,,,,,,,,,,,,,,,,,,,,,,,,,,,,,,,,
shark,Squaliformes,Etmopteridae,Etmopterus,joungi,Etmopterus_joungi,Etmopterus joungi,6041,Endemic,,,,,,,,,,,,,,,,,,,,,,,,,,,,,,,,,,,,,,,
shark,Squaliformes,Etmopteridae,Etmopterus,lailae,Etmopterus_lailae,Etmopterus lailae,1161,Endemic,,,,,,,,,,,,,,,,,,,,,,,,,,,,,,,,,,,,,,,
shark,Squaliformes,Etmopteridae,Etmopterus,lii,Etmopterus_lii,Etmopterus lii,,,,,,,,,,,,,,,,,,,,,,,,,,,,,,,,,,,,,,,,,
shark,Squaliformes,Etmopteridae,Etmopterus,litvinovi,Etmopterus_litvinovi,Etmopterus litvinovi,2902,Endemic,,,,,,,,,,,,,,,,,,,,,,,,,,,,,,,,,,,,,,,
shark,Squaliformes,Etmopteridae,Etmopterus,lucifer,Etmopterus_lucifer,Etmopterus lucifer,2485437,,,,,,,,,,,,,,,,,,,,,,,,,,,,,,,,,,,,,,,,
shark,Squaliformes,Etmopteridae,Etmopterus,marshae,Etmopterus_marshae,Etmopterus marshae,51,Endemic,,,,,,,,,,,,,,,,,,,,,,,,,,,,,,,,,,,,,,,
shark,Squaliformes,Etmopteridae,Etmopterus,molleri,Etmopterus_molleri,Etmopterus molleri,658224,,,,,,,,,,,,,,,,,,,,,,,,,,,,,,,,,,,,,,,,
shark,Squaliformes,Etmopteridae,Etmopterus,molleri,Etmopterus_parini,,,,,,,,,,,,,,,,,,,,,,,,,,,,,,,,,,,,,,,,,,
shark,Squaliformes,Etmopteridae,Etmopterus,perryi,Etmopterus_perryi,Etmopterus perryi,2963,Endemic,,,,,,,,,,,,,,,,,,,,,,,,,,,,,,,,,,,,,,,
shark,Squaliformes,Etmopteridae,Etmopterus,polli,Etmopterus_polli,Etmopterus polli,137731,Endemic,,,,,,,,,,,,,,,,,,,,,,,,,,,,,,,,,,,,,,,
shark,Squaliformes,Etmopteridae,Etmopterus,princeps,Etmopterus_princeps,Etmopterus princeps,2101541,,,,,,,,,,,,,,,,,,,,,,,,,,,,,,,,,,,,,,,,
shark,Squaliformes,Etmopteridae,Etmopterus,pseudosqualiolus,Etmopterus_pseudosqualiolus,Etmopterus pseudosqualiolus,5686,Endemic,,,,,,,,,,,,,,,,,,,,,,,,,,,,,,,,,,,,,,,
shark,Squaliformes,Etmopteridae,Etmopterus,pusillus,Etmopterus_pusillus,Etmopterus pusillus,5295077,,,,,,,,,,,,,,,,,,,,,,,,,,,,,,,,,,,,,,,,
shark,Squaliformes,Etmopteridae,Etmopterus,pycnolepis,Etmopterus_pycnolepis,Etmopterus pycnolepis,3314,Endemic,,,,,,,,,,,,,,,,,,,,,,,,,,,,,,,,,,,,,,,
shark,Squaliformes,Etmopteridae,Etmopterus,robinsi,Etmopterus_robinsi,Etmopterus robinsi,39503,Endemic,,,,,,,,,,,,,,,,,,,,,,,,,,,,,,,,,,,,,,,
shark,Squaliformes,Etmopteridae,Etmopterus,samadiae,Etmopterus_samadiae,Etmopterus samadiae,779,Endemic,,,,,,,,,,,,,,,,,,,,,,,,,,,,,,,,,,,,,,,
shark,Squaliformes,Etmopteridae,Etmopterus,schultzi,Etmopterus_schultzi,Etmopterus schultzi,206098,,,,,,,,,,,,,,,,,,,,,,,,,,,,,,,,,,,,,,,,
shark,Squaliformes,Etmopteridae,Etmopterus,sculptus,Etmopterus_sculptus,Etmopterus sculptus,210800,,,,,,,,,,,,,,,,,,,,,,,,,,,,,,,,,,,,,,,,
shark,Squaliformes,Etmopteridae,Etmopterus,sentosus,Etmopterus_sentosus,Etmopterus sentosus,24899,Endemic,,,,,,,,,,,,,,,,,,,,,,,,,,,,,,,,,,,,,,,
shark,Squaliformes,Etmopteridae,Etmopterus,sheikoi,Etmopterus_sheikoi,Etmopterus sheikoi,218,Endemic,,,,,,,,,,,,,,,,,,,,,,,,,,,,,,,,,,,,,,,
shark,Squaliformes,Etmopteridae,Etmopterus,spinax,Etmopterus_spinax,Etmopterus spinax,2097343,,,,,,,,,,,,,,,,,,,,,,,,,,,,,,,,,,,,,,,,
shark,Squaliformes,Etmopteridae,Etmopterus,splendidus,Etmopterus_splendidus,Etmopterus splendidus,50357,Endemic,,,,,,,,,,,,,,,,,,,,,,,,,,,,,,,,,,,,,,,
shark,Squaliformes,Etmopteridae,Etmopterus,unicolor,Etmopterus_unicolor,Etmopterus unicolor,502903,,,,,,,,,,,,,,,,,,,,,,,,,,,,,,,,,,,,,,,,
shark,Squaliformes,Etmopteridae,Etmopterus,viator,Etmopterus_viator,Etmopterus viator,133551,Endemic,,,,,,,,,,,,,,,,,,,,,,,,,,,,,,,,,,,,,,,
shark,Squaliformes,Etmopteridae,Etmopterus,villosus,Etmopterus_villosus,Etmopterus villosus,12561,Endemic,,,,,,,,,,,,,,,,,,,,,,,,,,,,,,,,,,,,,,,
shark,Squaliformes,Etmopteridae,Etmopterus,virens,Etmopterus_virens,Etmopterus virens,555451,,,,,,,,,,,,,,,,,,,,,,,,,,,,,,,,,,,,,,,,
shark,Squaliformes,Etmopteridae,Trigonognathus,kabeyai,Trigonognathus_kabeyai,Trigonognathus kabeyai,61245,Endemic,,,,,,,,,,,,,,,,,,,,,,,,,,,,,,,,,,,,,,,
shark,Squaliformes,Somniosidae,Centroscymnus,coelolepis,Centroscymnus_coelolepis,Centroscymnus coelolepis,10918625,,,,,,,,,,,,,,,,,,,,,,,,,,,,,,,,,,,,,,,,
shark,Squaliformes,Somniosidae,Centroscymnus,owstonii,Centroscymnus_owstonii,Centroscymnus owstonii,1148292,,,,,,,,,,,,,,,,,,,,,,,,,,,,,,,,,,,,,,,,
shark,Squaliformes,Somniosidae,Centroselachus,crepidater,Centroselachus_crepidater,Centroselachus crepidater,2697972,,,,,,,,,,,,,,,,,,,,,,,,,,,,,,,,,,,,,,,,
shark,Squaliformes,Somniosidae,Scymnodalatias,albicauda,Scymnodalatias_albicauda,Scymnodalatias albicauda,10206,Endemic,,,,,,,,,,,,,,,,,,,,,,,,,,,,,,,,,,,,,,,
shark,Squaliformes,Somniosidae,Scymnodalatias,garricki,Scymnodalatias_garricki,Scymnodalatias garricki,349,Endemic,,,,,,,,,,,,,,,,,,,,,,,,,,,,,,,,,,,,,,,
shark,Squaliformes,Somniosidae,Scymnodalatias,oligodon,Scymnodalatias_oligodon,Scymnodalatias oligodon,110369,Endemic,,,,,,,,,,,,,,,,,,,,,,,,,,,,,,,,,,,,,,,
shark,Squaliformes,Somniosidae,Scymnodalatias,sherwoodi,Scymnodalatias_sherwoodi,Scymnodalatias sherwoodi,6868,Endemic,,,,,,,,,,,,,,,,,,,,,,,,,,,,,,,,,,,,,,,
shark,Squaliformes,Somniosidae,Scymnodon,ichiharai,Scymnodon_ichiharai,Scymnodon ichiharai,23741,Endemic,,,,,,,,,,,,,,,,,,,,,,,,,,,,,,,,,,,,,,,
shark,Squaliformes,Somniosidae,Centroscymnus,macracanthus,Centroscymnus_macracanthus,Centroscymnus macracanthus,10918625,,,,,,,,,,,,,,,,,,,,,,,,,,,,,,,,,,,,,,,,
shark,Squaliformes,Somniosidae,Scymnodon,plunketi,Scymnodon_plunketi,Scymnodon plunketi,675188,,,,,,,,,,,,,,,,,,,,,,,,,,,,,,,,,,,,,,,,
shark,Squaliformes,Somniosidae,Scymnodon,ringens,Scymnodon_ringens,Scymnodon ringens,353709,,,,,,,,,,,,,,,,,,,,,,,,,,,,,,,,,,,,,,,,
shark,Squaliformes,Somniosidae,Somniosus,antarcticus,Somniosus_antarcticus,Somniosus antarcticus,938833,,,,,,,,,,,,,,,,,,,,,,,,,,,,,,,,,,,,,,,,
shark,Squaliformes,Somniosidae,Somniosus,cheni,Somniosus_cheni,Somniosus cheni,,,,,,,,,,,,,,,,,,,,,,,,,,,,,,,,,,,,,,,,,
shark,Squaliformes,Somniosidae,Somniosus,longus,Somniosus_longus,Somniosus longus,92767,Endemic,,,,,,,,,,,,,,,,,,,,,,,,,,,,,,,,,,,,,,,
shark,Squaliformes,Somniosidae,Somniosus,microcephalus,Somniosus_microcephalus,Somniosus microcephalus,9165399,,,,,,,,,,,,,,,,,,,,,,,,,,,,,,,,,,,,,,,,
shark,Squaliformes,Somniosidae,Somniosus,pacificus,Somniosus_pacificus,Somniosus pacificus,5319620,,,,,,,,,,,,,,,,,,,,,,,,,,,,,,,,,,,,,,,,
shark,Squaliformes,Somniosidae,Somniosus,rostratus,Somniosus_rostratus,Somniosus rostratus,996853,,,,,,,,,,,,,,,,,,,,,,,,,,,,,,,,,,,,,,,,
shark,Squaliformes,Somniosidae,Zameus,squamulosus,Zameus_squamulosus,Zameus squamulosus,4169970,,,,,,,,,,,,,,,,,,,,,,,,,,,,,,,,,,,,,,,,
shark,Squaliformes,Oxynotidae,Oxynotus,bruniensis,Oxynotus_bruniensis,Oxynotus bruniensis,478713,,,,,,,,,,,,,,,,,,,,,,,,,,,,,,,,,,,,,,,,
shark,Squaliformes,Oxynotidae,Oxynotus,caribbaeus,Oxynotus_caribbaeus,Oxynotus caribbaeus,129231,Endemic,,,,,,,,,,,,,,,,,,,,,,,,,,,,,,,,,,,,,,,
shark,Squaliformes,Oxynotidae,Oxynotus,centrina,Oxynotus_centrina,Oxynotus centrina,2218891,,,,,,,,,,,,,,,,,,,,,,,,,,,,,,,,,,,,,,,,
shark,Squaliformes,Oxynotidae,Oxynotus,japonicus,Oxynotus_japonicus,Oxynotus japonicus,6312,Endemic,,,,,,,,,,,,,,,,,,,,,,,,,,,,,,,,,,,,,,,
shark,Squaliformes,Oxynotidae,Oxynotus,paradoxus,Oxynotus_paradoxus,Oxynotus paradoxus,261043,,,,,,,,,,,,,,,,,,,,,,,,,,,,,,,,,,,,,,,,
shark,Squaliformes,Dalatiidae,Dalatias,licha,Dalatias_licha,Dalatias licha,3099848,,,,,,,,,,,,,,,,,,,,,,,,,,,,,,,,,,,,,,,,
shark,Squaliformes,Dalatiidae,Euprotomicroides,zantedeschia,Euprotomicroides_zantedeschia,Euprotomicroides zantedeschia,233557,,,,,,,,,,,,,,,,,,,,,,,,,,,,,,,,,,,,,,,,
shark,Squaliformes,Dalatiidae,Euprotomicrus,bispinatus,Euprotomicrus_bispinatus,Euprotomicrus bispinatus,25950243,,,,,,,,,,,,,,,,,,,,,,,,,,,,,,,,,,,,,,,,
shark,Squaliformes,Dalatiidae,Heteroscymnoides,marleyi,Heteroscymnoides_marleyi,Heteroscymnoides marleyi,241693,,,,,,,,,,,,,,,,,,,,,,,,,,,,,,,,,,,,,,,,
shark,Squaliformes,Dalatiidae,Isistius,brasiliensis,Isistius_brasiliensis,Isistius brasiliensis,1463958,,,,,,,,,,,,,,,,,,,,,,,,,,,,,,,,,,,,,,,,
shark,Squaliformes,Dalatiidae,Isistius,plutodus,Isistius_plutodus,Isistius plutodus,291390,,,,,,,,,,,,,,,,,,,,,,,,,,,,,,,,,,,,,,,,
shark,Squaliformes,Dalatiidae,Mollisquama,mississippiensis,Mollisquama_mississippiensis,Mollisquama mississippiensis,18224779,,,,,,,,,,,,,,,,,,,,,,,,,,,,,,,,,,,,,,,,
shark,Squaliformes,Dalatiidae,Mollisquama,parini,Mollisquama_parini,Mollisquama parini,33864,Endemic,,,,,,,,,,,,,,,,,,,,,,,,,,,,,,,,,,,,,,,
shark,Squaliformes,Dalatiidae,Squaliolus,aliae,Squaliolus_aliae,Squaliolus aliae,1273030,,,,,,,,,,,,,,,,,,,,,,,,,,,,,,,,,,,,,,,,
shark,Squaliformes,Dalatiidae,Squaliolus,laticaudus,Squaliolus_laticaudus,Squaliolus laticaudus,1116761,,,,,,,,,,,,,,,,,,,,,,,,,,,,,,,,,,,,,,,,
shark,Pristiophoriformes,Pristiophoridae,Pliotrema,annae,Pliotrema_annae,Pliotrema annae,67,Endemic,,,,,,,,,,,,,,,,,,,,,,,,,,,,,,,,,,,,,,,
shark,Pristiophoriformes,Pristiophoridae,Pliotrema,kajae,Pliotrema_kajae,Pliotrema kajae,12077,Endemic,,,,,,,,,,,,,,,,,,,,,,,,,,,,,,,,,,,,,,,
shark,Pristiophoriformes,Pristiophoridae,Pliotrema,warreni,Pliotrema_warreni,Pliotrema warreni,146816,Endemic,,,,,,,,,,,,,,,,,,,,,,,,,,,,,,,,,,,,,,,
shark,Pristiophoriformes,Pristiophoridae,Pristiophorus,cirratus,Pristiophorus_cirratus,Pristiophorus cirratus,439264,,,,,,,,,,,,,,,,,,,,,,,,,,,,,,,,,,,,,,,,
shark,Pristiophoriformes,Pristiophoridae,Pristiophorus,delicatus,Pristiophorus_delicatus,Pristiophorus delicatus,54854,Endemic,,,,,,,,,,,,,,,,,,,,,,,,,,,,,,,,,,,,,,,
shark,Pristiophoriformes,Pristiophoridae,Pristiophorus,japonicus,Pristiophorus_japonicus,Pristiophorus japonicus,1526594,,,,,,,,,,,,,,,,,,,,,,,,,,,,,,,,,,,,,,,,
shark,Pristiophoriformes,Pristiophoridae,Pristiophorus,lanae,Pristiophorus_lanae,Pristiophorus lanae,513,Endemic,,,,,,,,,,,,,,,,,,,,,,,,,,,,,,,,,,,,,,,
shark,Pristiophoriformes,Pristiophoridae,Pristiophorus,nancyae,Pristiophorus_nancyae,Pristiophorus nancyae,20290,Endemic,,,,,,,,,,,,,,,,,,,,,,,,,,,,,,,,,,,,,,,
shark,Pristiophoriformes,Pristiophoridae,Pristiophorus,nudipinnis,Pristiophorus_nudipinnis,Pristiophorus nudipinnis,389853,,,,,,,,,,,,,,,,,,,,,,,,,,,,,,,,,,,,,,,,
shark,Pristiophoriformes,Pristiophoridae,Pristiophorus,schroederi,Pristiophorus_schroederi,Pristiophorus schroederi,20796,Endemic,,,,,,,,,,,,,,,,,,,,,,,,,,,,,,,,,,,,,,,
shark,Squatiniformes,Squatinidae,Squatina,aculeata,Squatina_aculeata,Squatina aculeata,1448529,,,,,,,,,,,,,,,,,,,,,,,,,,,,,,,,,,,,,,,,
shark,Squatiniformes,Squatinidae,Squatina,africana,Squatina_africana,Squatina africana,435617,,,,,,,,,,,,,,,,,,,,,,,,,,,,,,,,,,,,,,,,
shark,Squatiniformes,Squatinidae,Squatina,albipunctata,Squatina_albipunctata,Squatina albipunctata,81324,Endemic,,,,,,,,,,,,,,,,,,,,,,,,,,,,,,,,,,,,,,,
shark,Squatiniformes,Squatinidae,Squatina,argentina,Squatina_argentina,Squatina argentina,411886,,,,,,,,,,,,,,,,,,,,,,,,,,,,,,,,,,,,,,,,
shark,Squatiniformes,Squatinidae,Squatina,armata,Squatina_armata,Squatina armata,183188,,,,,,,,,,,,,,,,,,,,,,,,,,,,,,,,,,,,,,,,
shark,Squatiniformes,Squatinidae,Squatina,australis,Squatina_australis,Squatina australis,471254,,,,,,,,,,,,,,,,,,,,,,,,,,,,,,,,,,,,,,,,
shark,Squatiniformes,Squatinidae,Squatina,caillieti,Squatina_caillieti,Squatina caillieti,471254,,,,,,,,,,,,,,,,,,,,,,,,,,,,,,,,,,,,,,,,
shark,Squatiniformes,Squatinidae,Squatina,californica,Squatina_californica,Squatina californica,226167,,,,,,,,,,,,,,,,,,,,,,,,,,,,,,,,,,,,,,,,
shark,Squatiniformes,Squatinidae,Squatina,david,Squatina_david,Squatina david,752069,,,,,,,,,,,,,,,,,,,,,,,,,,,,,,,,,,,,,,,,
shark,Squatiniformes,Squatinidae,Squatina,dumeril,Squatina_dumeril,Squatina dumeril,1659467,,,,,,,,,,,,,,,,,,,,,,,,,,,,,,,,,,,,,,,,
shark,Squatiniformes,Squatinidae,Squatina,formosa,Squatina_formosa,Squatina formosa,13698,Endemic,,,,,,,,,,,,,,,,,,,,,,,,,,,,,,,,,,,,,,,
shark,Squatiniformes,Squatinidae,Squatina,guggenheim,Squatina_guggenheim,Squatina guggenheim,600039,,,,,,,,,,,,,,,,,,,,,,,,,,,,,,,,,,,,,,,,
shark,Squatiniformes,Squatinidae,Squatina,japonica,Squatina_japonica,Squatina japonica,1135329,,,,,,,,,,,,,,,,,,,,,,,,,,,,,,,,,,,,,,,,
shark,Squatiniformes,Squatinidae,Squatina,leae,Squatina_leae,Squatina leae,,,,,,,,,,,,,,,,,,,,,,,,,,,,,,,,,,,,,,,,,
shark,Squatiniformes,Squatinidae,Squatina,legnota,Squatina_legnota,Squatina legnota,12525,Endemic,,,,,,,,,,,,,,,,,,,,,,,,,,,,,,,,,,,,,,,
shark,Squatiniformes,Squatinidae,Squatina,mapama,Squatina_mapama,Squatina mapama,,,,,,,,,,,,,,,,,,,,,,,,,,,,,,,,,,,,,,,,,
shark,Squatiniformes,Squatinidae,Squatina,nebulosa,Squatina_nebulosa,Squatina nebulosa,1282020,,,,,,,,,,,,,,,,,,,,,,,,,,,,,,,,,,,,,,,,
shark,Squatiniformes,Squatinidae,Squatina,occulta,Squatina_occulta,Squatina occulta,580439,,,,,,,,,,,,,,,,,,,,,,,,,,,,,,,,,,,,,,,,
shark,Squatiniformes,Squatinidae,Squatina,oculata,Squatina_oculata,Squatina oculata,2192250,,,,,,,,,,,,,,,,,,,,,,,,,,,,,,,,,,,,,,,,
shark,Squatiniformes,Squatinidae,Squatina,pseudocellata,Squatina_pseudocellata,Squatina pseudocellata,57869,Endemic,,,,,,,,,,,,,,,,,,,,,,,,,,,,,,,,,,,,,,,
shark,Squatiniformes,Squatinidae,Squatina,squatina,Squatina_squatina,Squatina squatina,3646901,,,,,,,,,,,,,,,,,,,,,,,,,,,,,,,,,,,,,,,,
shark,Squatiniformes,Squatinidae,Squatina,tergocellata,Squatina_tergocellata,Squatina tergocellata,41407,Endemic,,,,,,,,,,,,,,,,,,,,,,,,,,,,,,,,,,,,,,,
shark,Squatiniformes,Squatinidae,Squatina,tergocellatoides,Squatina_tergocellatoides,Squatina tergocellatoides,126107,Endemic,,,,,,,,,,,,,,,,,,,,,,,,,,,,,,,,,,,,,,,
shark,Squatiniformes,Squatinidae,Squatina,varii,Squatina_varii,Squatina varii,337417,,,,,,,,,,,,,,,,,,,,,,,,,,,,,,,,,,,,,,,,
shark,Heterodontiformes,Heterodontidae,Heterodontus,francisci,Heterodontus_francisci,Heterodontus francisci,109358,Endemic,,,,,,,,,,,,,,,,,,,,,,,,,,,,,,,,,,,,,,,
shark,Heterodontiformes,Heterodontidae,Heterodontus,galeatus,Heterodontus_galeatus,Heterodontus galeatus,23374,Endemic,,,,,,,,,,,,,,,,,,,,,,,,,,,,,,,,,,,,,,,
shark,Heterodontiformes,Heterodontidae,Heterodontus,japonicus,Heterodontus_japonicus,Heterodontus japonicus,943386,,,,,,,,,,,,,,,,,,,,,,,,,,,,,,,,,,,,,,,,
shark,Heterodontiformes,Heterodontidae,Heterodontus,mexicanus,Heterodontus_mexicanus,Heterodontus mexicanus,89389,Endemic,,,,,,,,,,,,,,,,,,,,,,,,,,,,,,,,,,,,,,,
shark,Heterodontiformes,Heterodontidae,Heterodontus,marshallae,Heterodontus_marshallae,Heterodontus marshallae,,,,,,,,,,,,,,,,,,,,,,,,,,,,,,,,,,,,,,,,,
shark,Heterodontiformes,Heterodontidae,Heterodontus,omanensis,Heterodontus_omanensis,Heterodontus omanensis,2665,Endemic,,,,,,,,,,,,,,,,,,,,,,,,,,,,,,,,,,,,,,,
shark,Heterodontiformes,Heterodontidae,Heterodontus,portusjacksoni,Heterodontus_portusjacksoni,Heterodontus portusjacksoni,620257,,,,,,,,,,,,,,,,,,,,,,,,,,,,,,,,,,,,,,,,
shark,Heterodontiformes,Heterodontidae,Heterodontus,quoyi,Heterodontus_quoyi,Heterodontus quoyi,12742,Endemic,,,,,,,,,,,,,,,,,,,,,,,,,,,,,,,,,,,,,,,
shark,Heterodontiformes,Heterodontidae,Heterodontus,ramalheira,Heterodontus_ramalheira,Heterodontus ramalheira,134336,Endemic,,,,,,,,,,,,,,,,,,,,,,,,,,,,,,,,,,,,,,,
shark,Heterodontiformes,Heterodontidae,Heterodontus,zebra,Heterodontus_zebra,Heterodontus zebra,1341443,,,,,,,,,,,,,,,,,,,,,,,,,,,,,,,,,,,,,,,,
shark,Orectolobiformes,Parascyllidae,Cirrhoscyllium,expolitum,Cirrhoscyllium_expolitum,Cirrhoscyllium expolitum,3384,Endemic,,,,,,,,,,,,,,,,,,,,,,,,,,,,,,,,,,,,,,,
shark,Orectolobiformes,Parascyllidae,Cirrhoscyllium,formosanum,Cirrhoscyllium_formosanum,Cirrhoscyllium formosanum,3433,Endemic,,,,,,,,,,,,,,,,,,,,,,,,,,,,,,,,,,,,,,,
shark,Orectolobiformes,Parascyllidae,Cirrhoscyllium,japonicum,Cirrhoscyllium_japonicum,Cirrhoscyllium japonicum,3104,Endemic,,,,,,,,,,,,,,,,,,,,,,,,,,,,,,,,,,,,,,,
shark,Orectolobiformes,Parascyllidae,Parascyllium,collare,Parascyllium_collare,Parascyllium collare,42355,Endemic,,,,,,,,,,,,,,,,,,,,,,,,,,,,,,,,,,,,,,,
shark,Orectolobiformes,Parascyllidae,Parascyllium,elongatum,Parascyllium_elongatum,Parascyllium elongatum,172,Endemic,,,,,,,,,,,,,,,,,,,,,,,,,,,,,,,,,,,,,,,
shark,Orectolobiformes,Parascyllidae,Parascyllium,ferrugineum,Parascyllium_ferrugineum,Parascyllium ferrugineum,429158,,,,,,,,,,,,,,,,,,,,,,,,,,,,,,,,,,,,,,,,
shark,Orectolobiformes,Parascyllidae,Parascyllium,sparsimaculatum,Parascyllium_sparsimaculatum,Parascyllium sparsimaculatum,375,Endemic,,,,,,,,,,,,,,,,,,,,,,,,,,,,,,,,,,,,,,,
shark,Orectolobiformes,Parascyllidae,Parascyllium,variolatum,Parascyllium_variolatum,Parascyllium variolatum,470587,,,,,,,,,,,,,,,,,,,,,,,,,,,,,,,,,,,,,,,,
shark,Orectolobiformes,Brachaeluridae,Brachaelurus,colcloughi,Brachaelurus_colcloughi,Brachaelurus colcloughi,108722,Endemic,,,,,,,,,,,,,,,,,,,,,,,,,,,,,,,,,,,,,,,
shark,Orectolobiformes,Brachaeluridae,Brachaelurus,waddi,Brachaelurus_waddi,Brachaelurus waddi,27716,Endemic,,,,,,,,,,,,,,,,,,,,,,,,,,,,,,,,,,,,,,,
shark,Orectolobiformes,Orectolobidae,Eucrossorhinus,dasypogon,Eucrossorhinus_dasypogon,Eucrossorhinus dasypogon,635520,,,,,,,,,,,,,,,,,,,,,,,,,,,,,,,,,,,,,,,,
shark,Orectolobiformes,Orectolobidae,Orectolobus,floridus,Orectolobus_floridus,Orectolobus floridus,12024,Endemic,,,,,,,,,,,,,,,,,,,,,,,,,,,,,,,,,,,,,,,
shark,Orectolobiformes,Orectolobidae,Orectolobus,halei,Orectolobus_halei,Orectolobus halei,541365,,,,,,,,,,,,,,,,,,,,,,,,,,,,,,,,,,,,,,,,
shark,Orectolobiformes,Orectolobidae,Orectolobus,hutchinsi,Orectolobus_hutchinsi,Orectolobus hutchinsi,74280,Endemic,,,,,,,,,,,,,,,,,,,,,,,,,,,,,,,,,,,,,,,
shark,Orectolobiformes,Orectolobidae,Orectolobus,japonicus,Orectolobus_japonicus,Orectolobus japonicus,1882438,,,,,,,,,,,,,,,,,,,,,,,,,,,,,,,,,,,,,,,,
shark,Orectolobiformes,Orectolobidae,Orectolobus,leptolineatus,Orectolobus_leptolineatus,Orectolobus leptolineatus,315413,,,,,,,,,,,,,,,,,,,,,,,,,,,,,,,,,,,,,,,,
shark,Orectolobiformes,Orectolobidae,Orectolobus,maculatus,Orectolobus_maculatus,Orectolobus maculatus,518207,,,,,,,,,,,,,,,,,,,,,,,,,,,,,,,,,,,,,,,,
shark,Orectolobiformes,Orectolobidae,Orectolobus,ornatus,Orectolobus_ornatus,Orectolobus ornatus,152909,,,,,,,,,,,,,,,,,,,,,,,,,,,,,,,,,,,,,,,,
shark,Orectolobiformes,Orectolobidae,Orectolobus,parvimaculatus,Orectolobus_parvimaculatus,Orectolobus parvimaculatus,36218,Endemic,,,,,,,,,,,,,,,,,,,,,,,,,,,,,,,,,,,,,,,
shark,Orectolobiformes,Orectolobidae,Orectolobus,reticulatus,Orectolobus_reticulatus,Orectolobus reticulatus,27884,Endemic,,,,,,,,,,,,,,,,,,,,,,,,,,,,,,,,,,,,,,,
shark,Orectolobiformes,Orectolobidae,Orectolobus,wardi,Orectolobus_wardi,Orectolobus wardi,54792,Endemic,,,,,,,,,,,,,,,,,,,,,,,,,,,,,,,,,,,,,,,
shark,Orectolobiformes,Orectolobidae,Sutorectus,tentaculatus,Sutorectus_tentaculatus,Sutorectus tentaculatus,81531,Endemic,,,,,,,,,,,,,,,,,,,,,,,,,,,,,,,,,,,,,,,
shark,Orectolobiformes,Hemiscylliidae,Chiloscyllium,arabicum,Chiloscyllium_arabicum,Chiloscyllium arabicum,471821,,,,,,,,,,,,,,,,,,,,,,,,,,,,,,,,,,,,,,,,
shark,Orectolobiformes,Hemiscylliidae,Chiloscyllium,burmensis,Chiloscyllium_burmensis,Chiloscyllium burmensis,68952,Endemic,,,,,,,,,,,,,,,,,,,,,,,,,,,,,,,,,,,,,,,
shark,Orectolobiformes,Hemiscylliidae,Chiloscyllium,caeruleopunctatum,Chiloscyllium_caeruleopunctatum,Chiloscyllium caeruleopunctatum,1736,Endemic,,,,,,,,,,,,,,,,,,,,,,,,,,,,,,,,,,,,,,,
shark,Orectolobiformes,Hemiscylliidae,Chiloscyllium,griseum,Chiloscyllium_griseum,Chiloscyllium griseum,709285,,,,,,,,,,,,,,,,,,,,,,,,,,,,,,,,,,,,,,,,
shark,Orectolobiformes,Hemiscylliidae,Chiloscyllium,hasselti,Chiloscyllium_hasselti,Chiloscyllium hasselti,274821,,,,,,,,,,,,,,,,,,,,,,,,,,,,,,,,,,,,,,,,
shark,Orectolobiformes,Hemiscylliidae,Chiloscyllium,indicum,Chiloscyllium_indicum,Chiloscyllium indicum,3350801,,,,,,,,,,,,,,,,,,,,,,,,,,,,,,,,,,,,,,,,
shark,Orectolobiformes,Hemiscylliidae,Chiloscyllium,plagiosum,Chiloscyllium_plagiosum,Chiloscyllium plagiosum,1761606,,,,,,,,,,,,,,,,,,,,,,,,,,,,,,,,,,,,,,,,
shark,Orectolobiformes,Hemiscylliidae,Chiloscyllium,punctatum,Chiloscyllium_punctatum,Chiloscyllium punctatum,3982742,,,,,,,,,,,,,,,,,,,,,,,,,,,,,,,,,,,,,,,,
shark,Orectolobiformes,Hemiscylliidae,Hemiscyllium,freycineti,Hemiscyllium_freycineti,Hemiscyllium freycineti,16065,Endemic,,,,,,,,,,,,,,,,,,,,,,,,,,,,,,,,,,,,,,,
shark,Orectolobiformes,Hemiscylliidae,Hemiscyllium,galei,Hemiscyllium_galei,Hemiscyllium galei,3964,Endemic,,,,,,,,,,,,,,,,,,,,,,,,,,,,,,,,,,,,,,,
shark,Orectolobiformes,Hemiscylliidae,Hemiscyllium,hallstromi,Hemiscyllium_hallstromi,Hemiscyllium hallstromi,14797,Endemic,,,,,,,,,,,,,,,,,,,,,,,,,,,,,,,,,,,,,,,
shark,Orectolobiformes,Hemiscylliidae,Hemiscyllium,halmahera,Hemiscyllium_halmahera,Hemiscyllium halmahera,14446,Endemic,,,,,,,,,,,,,,,,,,,,,,,,,,,,,,,,,,,,,,,
shark,Orectolobiformes,Hemiscylliidae,Hemiscyllium,henryi,Hemiscyllium_henryi,Hemiscyllium henryi,3130,Endemic,,,,,,,,,,,,,,,,,,,,,,,,,,,,,,,,,,,,,,,
shark,Orectolobiformes,Hemiscylliidae,Hemiscyllium,michaeli,Hemiscyllium_michaeli,Hemiscyllium michaeli,1770,Endemic,,,,,,,,,,,,,,,,,,,,,,,,,,,,,,,,,,,,,,,
shark,Orectolobiformes,Hemiscylliidae,Hemiscyllium,ocellatum,Hemiscyllium_ocellatum,Hemiscyllium ocellatum,27054,Endemic,,,,,,,,,,,,,,,,,,,,,,,,,,,,,,,,,,,,,,,
shark,Orectolobiformes,Hemiscylliidae,Hemiscyllium,strahani,Hemiscyllium_strahani,Hemiscyllium strahani,1270,Endemic,,,,,,,,,,,,,,,,,,,,,,,,,,,,,,,,,,,,,,,
shark,Orectolobiformes,Hemiscylliidae,Hemiscyllium,trispeculare,Hemiscyllium_trispeculare,Hemiscyllium trispeculare,730786,,,,,,,,,,,,,,,,,,,,,,,,,,,,,,,,,,,,,,,,
shark,Orectolobiformes,Ginglymostomatidae,Ginglymostoma,cirratum,Ginglymostoma_cirratum,Ginglymostoma cirratum,2089227,,,,,,,,,,,,,,,,,,,,,,,,,,,,,,,,,,,,,,,,
shark,Orectolobiformes,Ginglymostomatidae,Ginglymostoma,unami,Ginglymostoma_unami,Ginglymostoma unami,33151,Endemic,,,,,,,,,,,,,,,,,,,,,,,,,,,,,,,,,,,,,,,
shark,Orectolobiformes,Ginglymostomatidae,Nebrius,ferrugineus,Nebrius_ferrugineus,Nebrius ferrugineus,4753673,,,,,,,,,,,,,,,,,,,,,,,,,,,,,,,,,,,,,,,,
shark,Orectolobiformes,Ginglymostomatidae,Pseudoginglymostoma,brevicaudatum,Pseudoginglymostoma_brevicaudatum,Pseudoginglymostoma brevicaudatum,62786,Endemic,,,,,,,,,,,,,,,,,,,,,,,,,,,,,,,,,,,,,,,
shark,Orectolobiformes,Stegostomatidae,Stegostoma,tigrinum,Stegostoma_tigrinum,Stegostoma tigrinum,10400327,,,,,,,,,,,,,,,,,,,,,,,,,,,,,,,,,,,,,,,,
shark,Orectolobiformes,Rhincodontidae,Rhincodon,typus,Rhincodon_typus,Rhincodon typus,171329722,,,,,,,,,,,,,,,,,,,,,,,,,,,,,,,,,,,,,,,,
shark,Lamniformes,Carchariidae,Carcharias,taurus,Carcharias_taurus,Carcharias taurus,8018523,,,,,,,,,,,,,,,,,,,,,,,,,,,,,,,,,,,,,,,,
shark,Lamniformes,Odontaspididae,Odontaspis,ferox,Odontaspis_ferox,Odontaspis ferox,3653814,,,,,,,,,,,,,,,,,,,,,,,,,,,,,,,,,,,,,,,,
shark,Lamniformes,Odontaspididae,Odontaspis,noronhai,Odontaspis_noronhai,Odontaspis noronhai,4358123,,,,,,,,,,,,,,,,,,,,,,,,,,,,,,,,,,,,,,,,
shark,Lamniformes,Mitsukurinidae,Mitsukurina,owstoni,Mitsukurina_owstoni,Mitsukurina owstoni,1124177,,,,,,,,,,,,,,,,,,,,,,,,,,,,,,,,,,,,,,,,
shark,Lamniformes,Pseudocarchariidae,Pseudocarcharias,kamoharai,Pseudocarcharias_kamoharai,Pseudocarcharias kamoharai,185931581,,,,,,,,,,,,,,,,,,,,,,,,,,,,,,,,,,,,,,,,
shark,Lamniformes,Megachasmidae,Megachasma,pelagios,Megachasma_pelagios,Megachasma pelagios,201282310,,,,,,,,,,,,,,,,,,,,,,,,,,,,,,,,,,,,,,,,
shark,Lamniformes,Alopiidae,Alopias,pelagicus,Alopias_pelagicus,Alopias pelagicus,132388137,,,,,,,,,,,,,,,,,,,,,,,,,,,,,,,,,,,,,,,,
shark,Lamniformes,Alopiidae,Alopias,superciliosus,Alopias_superciliosus,Alopias superciliosus,200238034,,,,,,,,,,,,,,,,,,,,,,,,,,,,,,,,,,,,,,,,
shark,Lamniformes,Alopiidae,Alopias,vulpinus,Alopias_vulpinus,Alopias vulpinus,21266122,,,,,,,,,,,,,,,,,,,,,,,,,,,,,,,,,,,,,,,,
shark,Lamniformes,Cetorhinidae,Cetorhinus,maximus,Cetorhinus_maximus,Cetorhinus maximus,221859937,,,,,,,,,,,,,,,,,,,,,,,,,,,,,,,,,,,,,,,,
shark,Lamniformes,Lamnidae,Carcharodon,carcharias,Carcharodon_carcharias,Carcharodon carcharias,73528054,,,,,,,,,,,,,,,,,,,,,,,,,,,,,,,,,,,,,,,,
shark,Lamniformes,Lamnidae,Isurus,oxyrinchus,Isurus_oxyrinchus,Isurus oxyrinchus,242806695,,,,,,,,,,,,,,,,,,,,,,,,,,,,,,,,,,,,,,,,
shark,Lamniformes,Lamnidae,Isurus,paucus,Isurus_paucus,Isurus paucus,183080111,,,,,,,,,,,,,,,,,,,,,,,,,,,,,,,,,,,,,,,,
shark,Lamniformes,Lamnidae,Lamna,ditropis,Lamna_ditropis,Lamna ditropis,31779588,,,,,,,,,,,,,,,,,,,,,,,,,,,,,,,,,,,,,,,,
shark,Lamniformes,Lamnidae,Lamna,nasus,Lamna_nasus,Lamna nasus,93419889,,,,,,,,,,,,,,,,,,,,,,,,,,,,,,,,,,,,,,,,
shark,Carcharhiniformes,Pentanchidae,Apristurus,albisoma,Apristurus_albisoma,Apristurus albisoma,67880,Endemic,,,,,,,,,,,,,,,,,,,,,,,,,,,,,,,,,,,,,,,
shark,Carcharhiniformes,Pentanchidae,Apristurus,ampliceps,Apristurus_ampliceps,Apristurus ampliceps,180271,,,,,,,,,,,,,,,,,,,,,,,,,,,,,,,,,,,,,,,,
shark,Carcharhiniformes,Pentanchidae,Apristurus,aphyodes,Apristurus_aphyodes,Apristurus aphyodes,174464,,,,,,,,,,,,,,,,,,,,,,,,,,,,,,,,,,,,,,,,
shark,Carcharhiniformes,Pentanchidae,Apristurus,australis,Apristurus_australis,Apristurus australis,198287,,,,,,,,,,,,,,,,,,,,,,,,,,,,,,,,,,,,,,,,
shark,Carcharhiniformes,Pentanchidae,Apristurus,breviventralis,Apristurus_breviventralis,Apristurus breviventralis,3525,Endemic,,,,,,,,,,,,,,,,,,,,,,,,,,,,,,,,,,,,,,,
shark,Carcharhiniformes,Pentanchidae,Apristurus,brunneus,Apristurus_brunneus,Apristurus brunneus,359192,,,,,,,,,,,,,,,,,,,,,,,,,,,,,,,,,,,,,,,,
shark,Carcharhiniformes,Pentanchidae,Apristurus,bucephalus,Apristurus_bucephalus,Apristurus bucephalus,869,Endemic,,,,,,,,,,,,,,,,,,,,,,,,,,,,,,,,,,,,,,,
shark,Carcharhiniformes,Pentanchidae,Apristurus,canutus,Apristurus_canutus,Apristurus canutus,20069,Endemic,,,,,,,,,,,,,,,,,,,,,,,,,,,,,,,,,,,,,,,
shark,Carcharhiniformes,Pentanchidae,Apristurus,exsanguis,Apristurus_exsanguis,Apristurus exsanguis,497044,,,,,,,,,,,,,,,,,,,,,,,,,,,,,,,,,,,,,,,,
shark,Carcharhiniformes,Pentanchidae,Apristurus,fedorovi,Apristurus_fedorovi,Apristurus fedorovi,47703,Endemic,,,,,,,,,,,,,,,,,,,,,,,,,,,,,,,,,,,,,,,
shark,Carcharhiniformes,Pentanchidae,Apristurus,garricki,Apristurus_garricki,Apristurus garricki,144467,Endemic,,,,,,,,,,,,,,,,,,,,,,,,,,,,,,,,,,,,,,,
shark,Carcharhiniformes,Pentanchidae,Apristurus,gibbosus,Apristurus_gibbosus,Apristurus gibbosus,10462,Endemic,,,,,,,,,,,,,,,,,,,,,,,,,,,,,,,,,,,,,,,
shark,Carcharhiniformes,Pentanchidae,Apristurus,herklotsi,Apristurus_herklotsi,Apristurus herklotsi,62748,Endemic,,,,,,,,,,,,,,,,,,,,,,,,,,,,,,,,,,,,,,,
shark,Carcharhiniformes,Pentanchidae,Apristurus,indicus,Apristurus_indicus,Apristurus indicus,80514,Endemic,,,,,,,,,,,,,,,,,,,,,,,,,,,,,,,,,,,,,,,
shark,Carcharhiniformes,Pentanchidae,Apristurus,internatus,Apristurus_internatus,Apristurus internatus,285264,,,,,,,,,,,,,,,,,,,,,,,,,,,,,,,,,,,,,,,,
shark,Carcharhiniformes,Pentanchidae,Apristurus,investigatoris,Apristurus_investigatoris,Apristurus investigatoris,5538,Endemic,,,,,,,,,,,,,,,,,,,,,,,,,,,,,,,,,,,,,,,
shark,Carcharhiniformes,Pentanchidae,Apristurus,japonicus,Apristurus_japonicus,Apristurus japonicus,4359,Endemic,,,,,,,,,,,,,,,,,,,,,,,,,,,,,,,,,,,,,,,
shark,Carcharhiniformes,Pentanchidae,Apristurus,kampae,Apristurus_kampae,Apristurus kampae,251396,,,,,,,,,,,,,,,,,,,,,,,,,,,,,,,,,,,,,,,,
shark,Carcharhiniformes,Pentanchidae,Apristurus,laurussonii,Apristurus_laurussonii,Apristurus laurussonii,1069276,,,,,,,,,,,,,,,,,,,,,,,,,,,,,,,,,,,,,,,,
shark,Carcharhiniformes,Pentanchidae,Apristurus,longicephalus,Apristurus_longicephalus,Apristurus longicephalus,401646,,,,,,,,,,,,,,,,,,,,,,,,,,,,,,,,,,,,,,,,
shark,Carcharhiniformes,Pentanchidae,Apristurus,macrorhynchus,Apristurus_macrorhynchus,Apristurus macrorhynchus,55134,Endemic,,,,,,,,,,,,,,,,,,,,,,,,,,,,,,,,,,,,,,,
shark,Carcharhiniformes,Pentanchidae,Apristurus,macrostomus,Apristurus_macrostomus,Apristurus macrostomus,261976,,,,,,,,,,,,,,,,,,,,,,,,,,,,,,,,,,,,,,,,
shark,Carcharhiniformes,Pentanchidae,Apristurus,manis,Apristurus_manis,Apristurus manis,28619,Endemic,,,,,,,,,,,,,,,,,,,,,,,,,,,,,,,,,,,,,,,
shark,Carcharhiniformes,Pentanchidae,Apristurus,manocheriani,Apristurus_manocheriani,Apristurus manocheriani,,,,,,,,,,,,,,,,,,,,,,,,,,,,,,,,,,,,,,,,,
shark,Carcharhiniformes,Pentanchidae,Apristurus,melanoasper,Apristurus_melanoasper,Apristurus melanoasper,1138400,,,,,,,,,,,,,,,,,,,,,,,,,,,,,,,,,,,,,,,,
shark,Carcharhiniformes,Pentanchidae,Apristurus,microps,Apristurus_microps,Apristurus microps,109351,Endemic,,,,,,,,,,,,,,,,,,,,,,,,,,,,,,,,,,,,,,,
shark,Carcharhiniformes,Pentanchidae,Apristurus,micropterygeus,Apristurus_micropterygeus,Apristurus micropterygeus,20052,Endemic,,,,,,,,,,,,,,,,,,,,,,,,,,,,,,,,,,,,,,,
shark,Carcharhiniformes,Pentanchidae,Apristurus,nakayai,Apristurus_nakayai,Apristurus nakayai,2135,Endemic,,,,,,,,,,,,,,,,,,,,,,,,,,,,,,,,,,,,,,,
shark,Carcharhiniformes,Pentanchidae,Apristurus,nasutus,Apristurus_nasutus,Apristurus nasutus,101766,Endemic,,,,,,,,,,,,,,,,,,,,,,,,,,,,,,,,,,,,,,,
shark,Carcharhiniformes,Pentanchidae,Apristurus,ovicorrugatus,Apristurus_ovicorrugatus,Apristurus ovicorrugatus,,,,,,,,,,,,,,,,,,,,,,,,,,,,,,,,,,,,,,,,,
shark,Carcharhiniformes,Pentanchidae,Apristurus,parvipinnis,Apristurus_parvipinnis,Apristurus parvipinnis,124889,Endemic,,,,,,,,,,,,,,,,,,,,,,,,,,,,,,,,,,,,,,,
shark,Carcharhiniformes,Pentanchidae,Apristurus,pinguis,Apristurus_pinguis,Apristurus pinguis,245112,,,,,,,,,,,,,,,,,,,,,,,,,,,,,,,,,,,,,,,,
shark,Carcharhiniformes,Pentanchidae,Apristurus,platyrhynchus,Apristurus_platyrhynchus,Apristurus platyrhynchus,115911,Endemic,,,,,,,,,,,,,,,,,,,,,,,,,,,,,,,,,,,,,,,
shark,Carcharhiniformes,Pentanchidae,Apristurus,profundorum,Apristurus_profundorum,Apristurus profundorum,191846,,,,,,,,,,,,,,,,,,,,,,,,,,,,,,,,,,,,,,,,
shark,Carcharhiniformes,Pentanchidae,Apristurus,riveri,Apristurus_riveri,Apristurus riveri,299345,,,,,,,,,,,,,,,,,,,,,,,,,,,,,,,,,,,,,,,,
shark,Carcharhiniformes,Pentanchidae,Apristurus,saldanha,Apristurus_saldanha,Apristurus saldanha,80241,Endemic,,,,,,,,,,,,,,,,,,,,,,,,,,,,,,,,,,,,,,,
shark,Carcharhiniformes,Pentanchidae,Apristurus,sibogae,Apristurus_sibogae,Apristurus sibogae,16,Endemic,,,,,,,,,,,,,,,,,,,,,,,,,,,,,,,,,,,,,,,
shark,Carcharhiniformes,Pentanchidae,Apristurus,sinensis,Apristurus_sinensis,Apristurus sinensis,119403,Endemic,,,,,,,,,,,,,,,,,,,,,,,,,,,,,,,,,,,,,,,
shark,Carcharhiniformes,Pentanchidae,Apristurus,spongiceps,Apristurus_spongiceps,Apristurus spongiceps,51230,Endemic,,,,,,,,,,,,,,,,,,,,,,,,,,,,,,,,,,,,,,,
shark,Carcharhiniformes,Pentanchidae,Apristurus,stenseni,Apristurus_stenseni,Apristurus stenseni,247,Endemic,,,,,,,,,,,,,,,,,,,,,,,,,,,,,,,,,,,,,,,
shark,Carcharhiniformes,Pentanchidae,Apristurus,yangi,Apristurus_yangi,Apristurus yangi,238,Endemic,,,,,,,,,,,,,,,,,,,,,,,,,,,,,,,,,,,,,,,
shark,Carcharhiniformes,Pentanchidae,Asymbolus,analis,Asymbolus_analis,Asymbolus analis,42951,Endemic,,,,,,,,,,,,,,,,,,,,,,,,,,,,,,,,,,,,,,,
shark,Carcharhiniformes,Pentanchidae,Asymbolus,funebris,Asymbolus_funebris,Asymbolus funebris,68,Endemic,,,,,,,,,,,,,,,,,,,,,,,,,,,,,,,,,,,,,,,
shark,Carcharhiniformes,Pentanchidae,Asymbolus,galacticus,Asymbolus_galacticus,Asymbolus galacticus,446,Endemic,,,,,,,,,,,,,,,,,,,,,,,,,,,,,,,,,,,,,,,
shark,Carcharhiniformes,Pentanchidae,Asymbolus,occiduus,Asymbolus_occiduus,Asymbolus occiduus,57564,Endemic,,,,,,,,,,,,,,,,,,,,,,,,,,,,,,,,,,,,,,,
shark,Carcharhiniformes,Pentanchidae,Asymbolus,pallidus,Asymbolus_pallidus,Asymbolus pallidus,84169,Endemic,,,,,,,,,,,,,,,,,,,,,,,,,,,,,,,,,,,,,,,
shark,Carcharhiniformes,Pentanchidae,Asymbolus,parvus,Asymbolus_parvus,Asymbolus parvus,193727,,,,,,,,,,,,,,,,,,,,,,,,,,,,,,,,,,,,,,,,
shark,Carcharhiniformes,Pentanchidae,Asymbolus,rubiginosus,Asymbolus_rubiginosus,Asymbolus rubiginosus,87695,Endemic,,,,,,,,,,,,,,,,,,,,,,,,,,,,,,,,,,,,,,,
shark,Carcharhiniformes,Pentanchidae,Asymbolus,submaculatus,Asymbolus_submaculatus,Asymbolus submaculatus,102445,Endemic,,,,,,,,,,,,,,,,,,,,,,,,,,,,,,,,,,,,,,,
shark,Carcharhiniformes,Pentanchidae,Asymbolus,vincenti,Asymbolus_vincenti,Asymbolus vincenti,382958,,,,,,,,,,,,,,,,,,,,,,,,,,,,,,,,,,,,,,,,
shark,Carcharhiniformes,Pentanchidae,Bythaelurus,alcockii,Bythaelurus_alcockii,Bythaelurus alcockii,658,Endemic,,,,,,,,,,,,,,,,,,,,,,,,,,,,,,,,,,,,,,,
shark,Carcharhiniformes,Pentanchidae,Bythaelurus,bachi,Bythaelurus_bachi,Bythaelurus bachi,18026,Endemic,,,,,,,,,,,,,,,,,,,,,,,,,,,,,,,,,,,,,,,
shark,Carcharhiniformes,Pentanchidae,Bythaelurus,canescens,Bythaelurus_canescens,Bythaelurus canescens,136848,Endemic,,,,,,,,,,,,,,,,,,,,,,,,,,,,,,,,,,,,,,,
shark,Carcharhiniformes,Pentanchidae,Bythaelurus,clevai,Bythaelurus_clevai,Bythaelurus clevai,5,Endemic,,,,,,,,,,,,,,,,,,,,,,,,,,,,,,,,,,,,,,,
shark,Carcharhiniformes,Pentanchidae,Bythaelurus,dawsoni,Bythaelurus_dawsoni,Bythaelurus dawsoni,433883,,,,,,,,,,,,,,,,,,,,,,,,,,,,,,,,,,,,,,,,
shark,Carcharhiniformes,Pentanchidae,Bythaelurus,giddingsi,Bythaelurus_giddingsi,Bythaelurus giddingsi,3167,Endemic,,,,,,,,,,,,,,,,,,,,,,,,,,,,,,,,,,,,,,,
shark,Carcharhiniformes,Pentanchidae,Bythaelurus,hispidus,Bythaelurus_hispidus,Bythaelurus hispidus,48457,Endemic,,,,,,,,,,,,,,,,,,,,,,,,,,,,,,,,,,,,,,,
shark,Carcharhiniformes,Pentanchidae,Bythaelurus,immaculatus,Bythaelurus_immaculatus,Bythaelurus immaculatus,8128,Endemic,,,,,,,,,,,,,,,,,,,,,,,,,,,,,,,,,,,,,,,
shark,Carcharhiniformes,Pentanchidae,Bythaelurus,incanus,Bythaelurus_incanus,Bythaelurus incanus,NA,,,,,,,,,,,,,,,,,,,,,,,,,,,,,,,,,,,,,,,,
shark,Carcharhiniformes,Pentanchidae,Bythaelurus,lutarius,Bythaelurus_lutarius,Bythaelurus lutarius,14591,Endemic,,,,,,,,,,,,,,,,,,,,,,,,,,,,,,,,,,,,,,,
shark,Carcharhiniformes,Pentanchidae,Bythaelurus,naylori,Bythaelurus_naylori,Bythaelurus naylori,1981,Endemic,,,,,,,,,,,,,,,,,,,,,,,,,,,,,,,,,,,,,,,
shark,Carcharhiniformes,Pentanchidae,Bythaelurus,stewarti,Bythaelurus_stewarti,Bythaelurus stewarti,232,Endemic,,,,,,,,,,,,,,,,,,,,,,,,,,,,,,,,,,,,,,,
shark,Carcharhiniformes,Pentanchidae,Bythaelurus,tenuicephalus,Bythaelurus_tenuicephalus,Bythaelurus tenuicephalus,133,Endemic,,,,,,,,,,,,,,,,,,,,,,,,,,,,,,,,,,,,,,,
shark,Carcharhiniformes,Pentanchidae,Bythaelurus,vivaldii,Bythaelurus_vivaldii,Bythaelurus vivaldii,133,Endemic,,,,,,,,,,,,,,,,,,,,,,,,,,,,,,,,,,,,,,,
shark,Carcharhiniformes,Pentanchidae,Cephalurus,cephalus,Cephalurus_cephalus,Cephalurus cephalus,78293,Endemic,,,,,,,,,,,,,,,,,,,,,,,,,,,,,,,,,,,,,,,
shark,Carcharhiniformes,Pentanchidae,Figaro,boardmani,Figaro_boardmani,Figaro boardmani,188655,,,,,,,,,,,,,,,,,,,,,,,,,,,,,,,,,,,,,,,,
shark,Carcharhiniformes,Pentanchidae,Figaro,striatus,Figaro_striatus,Figaro striatus,68971,Endemic,,,,,,,,,,,,,,,,,,,,,,,,,,,,,,,,,,,,,,,
shark,Carcharhiniformes,Pentanchidae,Galeus,antillensis,Galeus_antillensis,Galeus antillensis,39742,Endemic,,,,,,,,,,,,,,,,,,,,,,,,,,,,,,,,,,,,,,,
shark,Carcharhiniformes,Pentanchidae,Galeus,arae,Galeus_arae,Galeus arae,171083,,,,,,,,,,,,,,,,,,,,,,,,,,,,,,,,,,,,,,,,
shark,Carcharhiniformes,Pentanchidae,Galeus,atlanticus,Galeus_atlanticus,Galeus atlanticus,44778,Endemic,,,,,,,,,,,,,,,,,,,,,,,,,,,,,,,,,,,,,,,
shark,Carcharhiniformes,Pentanchidae,Galeus,cadenati,Galeus_cadenati,Galeus cadenati,183,Endemic,,,,,,,,,,,,,,,,,,,,,,,,,,,,,,,,,,,,,,,
shark,Carcharhiniformes,Pentanchidae,Galeus,corriganae,Galeus_corriganae,Galeus corriganae,229,Endemic,,,,,,,,,,,,,,,,,,,,,,,,,,,,,,,,,,,,,,,
shark,Carcharhiniformes,Pentanchidae,Galeus,eastmani,Galeus_eastmani,Galeus eastmani,265423,,,,,,,,,,,,,,,,,,,,,,,,,,,,,,,,,,,,,,,,
shark,Carcharhiniformes,Pentanchidae,Galeus,frederichi,Galeus_frederichi,Galeus frederichi,,,,,,,,,,,,,,,,,,,,,,,,,,,,,,,,,,,,,,,,,
shark,Carcharhiniformes,Pentanchidae,Galeus,gracilis,Galeus_gracilis,Galeus gracilis,20518,Endemic,,,,,,,,,,,,,,,,,,,,,,,,,,,,,,,,,,,,,,,
shark,Carcharhiniformes,Pentanchidae,Galeus,longirostris,Galeus_longirostris,Galeus longirostris,14712,Endemic,,,,,,,,,,,,,,,,,,,,,,,,,,,,,,,,,,,,,,,
shark,Carcharhiniformes,Pentanchidae,Galeus,melastomus,Galeus_melastomus,Galeus melastomus,2791093,,,,,,,,,,,,,,,,,,,,,,,,,,,,,,,,,,,,,,,,
shark,Carcharhiniformes,Pentanchidae,Galeus,mincaronei,Galeus_mincaronei,Galeus mincaronei,34526,Endemic,,,,,,,,,,,,,,,,,,,,,,,,,,,,,,,,,,,,,,,
shark,Carcharhiniformes,Pentanchidae,Galeus,murinus,Galeus_murinus,Galeus murinus,462227,,,,,,,,,,,,,,,,,,,,,,,,,,,,,,,,,,,,,,,,
shark,Carcharhiniformes,Pentanchidae,Galeus,nipponensis,Galeus_nipponensis,Galeus nipponensis,143324,Endemic,,,,,,,,,,,,,,,,,,,,,,,,,,,,,,,,,,,,,,,
shark,Carcharhiniformes,Pentanchidae,Galeus,piperatus,Galeus_piperatus,Galeus piperatus,36319,Endemic,,,,,,,,,,,,,,,,,,,,,,,,,,,,,,,,,,,,,,,
shark,Carcharhiniformes,Pentanchidae,Galeus,polli,Galeus_polli,Galeus polli,330049,,,,,,,,,,,,,,,,,,,,,,,,,,,,,,,,,,,,,,,,
shark,Carcharhiniformes,Pentanchidae,Galeus,priapus,Galeus_priapus,Galeus priapus,7738,Endemic,,,,,,,,,,,,,,,,,,,,,,,,,,,,,,,,,,,,,,,
shark,Carcharhiniformes,Pentanchidae,Galeus,sauteri,Galeus_sauteri,Galeus sauteri,318631,,,,,,,,,,,,,,,,,,,,,,,,,,,,,,,,,,,,,,,,
shark,Carcharhiniformes,Pentanchidae,Galeus,schultzi,Galeus_schultzi,Galeus schultzi,58600,Endemic,,,,,,,,,,,,,,,,,,,,,,,,,,,,,,,,,,,,,,,
shark,Carcharhiniformes,Pentanchidae,Galeus,springeri,Galeus_springeri,Galeus springeri,22619,Endemic,,,,,,,,,,,,,,,,,,,,,,,,,,,,,,,,,,,,,,,
shark,Carcharhiniformes,Pentanchidae,Halaelurus,boesemani,Halaelurus_boesemani,Halaelurus boesemani,15223,Endemic,,,,,,,,,,,,,,,,,,,,,,,,,,,,,,,,,,,,,,,
shark,Carcharhiniformes,Pentanchidae,Halaelurus,buergeri,Halaelurus_buergeri,Halaelurus buergeri,654029,,,,,,,,,,,,,,,,,,,,,,,,,,,,,,,,,,,,,,,,
shark,Carcharhiniformes,Pentanchidae,Halaelurus,lineatus,Halaelurus_lineatus,Halaelurus lineatus,73051,Endemic,,,,,,,,,,,,,,,,,,,,,,,,,,,,,,,,,,,,,,,
shark,Carcharhiniformes,Pentanchidae,Halaelurus,maculosus,Halaelurus_maculosus,Halaelurus maculosus,2406,Endemic,,,,,,,,,,,,,,,,,,,,,,,,,,,,,,,,,,,,,,,
shark,Carcharhiniformes,Pentanchidae,Halaelurus,natalensis,Halaelurus_natalensis,Halaelurus natalensis,84854,Endemic,,,,,,,,,,,,,,,,,,,,,,,,,,,,,,,,,,,,,,,
shark,Carcharhiniformes,Pentanchidae,Halaelurus,quagga,Halaelurus_quagga,Halaelurus quagga,58061,Endemic,,,,,,,,,,,,,,,,,,,,,,,,,,,,,,,,,,,,,,,
shark,Carcharhiniformes,Pentanchidae,Halaelurus,sellus,Halaelurus_sellus,Halaelurus sellus,198881,,,,,,,,,,,,,,,,,,,,,,,,,,,,,,,,,,,,,,,,
shark,Carcharhiniformes,Pentanchidae,Haploblepharus,edwardsii,Haploblepharus_edwardsii,Haploblepharus edwardsii,60851,Endemic,,,,,,,,,,,,,,,,,,,,,,,,,,,,,,,,,,,,,,,
shark,Carcharhiniformes,Pentanchidae,Haploblepharus,fuscus,Haploblepharus_fuscus,Haploblepharus fuscus,1363,Endemic,,,,,,,,,,,,,,,,,,,,,,,,,,,,,,,,,,,,,,,
shark,Carcharhiniformes,Pentanchidae,Haploblepharus,kistnasamyi,Haploblepharus_kistnasamyi,Haploblepharus kistnasamyi,1428,Endemic,,,,,,,,,,,,,,,,,,,,,,,,,,,,,,,,,,,,,,,
shark,Carcharhiniformes,Pentanchidae,Haploblepharus,pictus,Haploblepharus_pictus,Haploblepharus pictus,2667,Endemic,,,,,,,,,,,,,,,,,,,,,,,,,,,,,,,,,,,,,,,
shark,Carcharhiniformes,Pentanchidae,Holohalaelurus,favus,Holohalaelurus_favus,Holohalaelurus favus,45368,Endemic,,,,,,,,,,,,,,,,,,,,,,,,,,,,,,,,,,,,,,,
shark,Carcharhiniformes,Pentanchidae,Holohalaelurus,grennian,Holohalaelurus_grennian,Holohalaelurus grennian,4451,Endemic,,,,,,,,,,,,,,,,,,,,,,,,,,,,,,,,,,,,,,,
shark,Carcharhiniformes,Pentanchidae,Holohalaelurus,melanostigma,Holohalaelurus_melanostigma,Holohalaelurus melanostigma,338,Endemic,,,,,,,,,,,,,,,,,,,,,,,,,,,,,,,,,,,,,,,
shark,Carcharhiniformes,Pentanchidae,Holohalaelurus,punctatus,Holohalaelurus_punctatus,Holohalaelurus punctatus,19922,Endemic,,,,,,,,,,,,,,,,,,,,,,,,,,,,,,,,,,,,,,,
shark,Carcharhiniformes,Pentanchidae,Holohalaelurus,regani,Holohalaelurus_regani,Holohalaelurus regani,322239,,,,,,,,,,,,,,,,,,,,,,,,,,,,,,,,,,,,,,,,
shark,Carcharhiniformes,Pentanchidae,Dichichthys,albimarginatus,Dichichthys_albimarginatus,Dichichthys albimarginatus,39721,Endemic,,,,,,,,,,,,,,,,,,,,,,,,,,,,,,,,,,,,,,,
shark,Carcharhiniformes,Dichichthyidae,Parmaturus,albipenis,Parmaturus_albipenis,Parmaturus albipenis,281,Endemic,,,,,,,,,,,,,,,,,,,,,,,,,,,,,,,,,,,,,,,
shark,Carcharhiniformes,Pentanchidae,Parmaturus,angelae,Parmaturus_angelae,Parmaturus angelae,2183,Endemic,,,,,,,,,,,,,,,,,,,,,,,,,,,,,,,,,,,,,,,
shark,Carcharhiniformes,Dichichthyidae,Dichichthys,bigus,Dichichthys_bigus,Dichichthys bigus,39721,Endemic,,,,,,,,,,,,,,,,,,,,,,,,,,,,,,,,,,,,,,,
shark,Carcharhiniformes,Pentanchidae,Parmaturus,campechiensis,Parmaturus_campechiensis,Parmaturus campechiensis,6064,Endemic,,,,,,,,,,,,,,,,,,,,,,,,,,,,,,,,,,,,,,,
shark,Carcharhiniformes,Pentanchidae,Parmaturus,lanatus,Parmaturus_lanatus,Parmaturus lanatus,337,Endemic,,,,,,,,,,,,,,,,,,,,,,,,,,,,,,,,,,,,,,,
shark,Carcharhiniformes,Pentanchidae,Parmaturus,macmillani,Parmaturus_macmillani,Parmaturus macmillani,2114,Endemic,,,,,,,,,,,,,,,,,,,,,,,,,,,,,,,,,,,,,,,
shark,Carcharhiniformes,Dichichthyidae,Dichichthys,melanobranchus,Dichichthys_melanobranchus,Dichichthys melanobranchus,39721,Endemic,,,,,,,,,,,,,,,,,,,,,,,,,,,,,,,,,,,,,,,
shark,Carcharhiniformes,Dichichthyidae,Dichichthys,nigripalatum,Dichichthys_nigripalatum,Dichichthys nigripalatum,39721,Endemic,,,,,,,,,,,,,,,,,,,,,,,,,,,,,,,,,,,,,,,
shark,Carcharhiniformes,Dichichthyidae,Dichichthys,satoi,Dichichthys_satoi,Dichichthys satoi,,,,,,,,,,,,,,,,,,,,,,,,,,,,,,,,,,,,,,,,,
shark,Carcharhiniformes,Pentanchidae,Parmaturus,pilosus,Parmaturus_pilosus,Parmaturus pilosus,214680,,,,,,,,,,,,,,,,,,,,,,,,,,,,,,,,,,,,,,,,
shark,Carcharhiniformes,Pentanchidae,Parmaturus,xaniurus,Parmaturus_xaniurus,Parmaturus xaniurus,282256,,,,,,,,,,,,,,,,,,,,,,,,,,,,,,,,,,,,,,,,
shark,Carcharhiniformes,Pentanchidae,Pentanchus,profundicolus,Pentanchus_profundicolus,Pentanchus profundicolus,1314,Endemic,,,,,,,,,,,,,,,,,,,,,,,,,,,,,,,,,,,,,,,
shark,Carcharhiniformes,Scyliorhinidae,Akheilos,suwartanai,Akheilos_suwartanai,Akheilos suwartanai,3874063,,,,,,,,,,,,,,,,,,,,,,,,,,,,,,,,,,,,,,,,
shark,Carcharhiniformes,Scyliorhinidae,Atelomycterus,baliensis,Atelomycterus_baliensis,Atelomycterus baliensis,11373,Endemic,,,,,,,,,,,,,,,,,,,,,,,,,,,,,,,,,,,,,,,
shark,Carcharhiniformes,Scyliorhinidae,Atelomycterus,erdmanni,Atelomycterus_erdmanni,Atelomycterus erdmanni,5979,Endemic,,,,,,,,,,,,,,,,,,,,,,,,,,,,,,,,,,,,,,,
shark,Carcharhiniformes,Scyliorhinidae,Atelomycterus,fasciatus,Atelomycterus_fasciatus,Atelomycterus fasciatus,75403,Endemic,,,,,,,,,,,,,,,,,,,,,,,,,,,,,,,,,,,,,,,
shark,Carcharhiniformes,Scyliorhinidae,Atelomycterus,macleayi,Atelomycterus_macleayi,Atelomycterus macleayi,33778,Endemic,,,,,,,,,,,,,,,,,,,,,,,,,,,,,,,,,,,,,,,
shark,Carcharhiniformes,Scyliorhinidae,Atelomycterus,marmoratus,Atelomycterus_marmoratus,Atelomycterus marmoratus,2307622,,,,,,,,,,,,,,,,,,,,,,,,,,,,,,,,,,,,,,,,
shark,Carcharhiniformes,Scyliorhinidae,Atelomycterus,marnkalha,Atelomycterus_marnkalha,Atelomycterus marnkalha,379167,,,,,,,,,,,,,,,,,,,,,,,,,,,,,,,,,,,,,,,,
shark,Carcharhiniformes,Scyliorhinidae,Aulohalaelurus,kanakorum,Aulohalaelurus_kanakorum,Aulohalaelurus kanakorum,NA,,,,,,,,,,,,,,,,,,,,,,,,,,,,,,,,,,,,,,,,
shark,Carcharhiniformes,Scyliorhinidae,Aulohalaelurus,labiosus,Aulohalaelurus_labiosus,Aulohalaelurus labiosus,5975,Endemic,,,,,,,,,,,,,,,,,,,,,,,,,,,,,,,,,,,,,,,
shark,Carcharhiniformes,Scyliorhinidae,Cephaloscyllium,albipinnum,Cephaloscyllium_albipinnum,Cephaloscyllium albipinnum,25351,Endemic,,,,,,,,,,,,,,,,,,,,,,,,,,,,,,,,,,,,,,,
shark,Carcharhiniformes,Scyliorhinidae,Cephaloscyllium,cooki,Cephaloscyllium_cooki,Cephaloscyllium cooki,2629,Endemic,,,,,,,,,,,,,,,,,,,,,,,,,,,,,,,,,,,,,,,
shark,Carcharhiniformes,Scyliorhinidae,Cephaloscyllium,fasciatum,Cephaloscyllium_fasciatum,Cephaloscyllium fasciatum,40006,Endemic,,,,,,,,,,,,,,,,,,,,,,,,,,,,,,,,,,,,,,,
shark,Carcharhiniformes,Scyliorhinidae,Cephaloscyllium,formosanum,Cephaloscyllium_formosanum,Cephaloscyllium formosanum,40006,Endemic,,,,,,,,,,,,,,,,,,,,,,,,,,,,,,,,,,,,,,,
shark,Carcharhiniformes,Scyliorhinidae,Cephaloscyllium,hiscosellum,Cephaloscyllium_hiscosellum,Cephaloscyllium hiscosellum,14252,Endemic,,,,,,,,,,,,,,,,,,,,,,,,,,,,,,,,,,,,,,,
shark,Carcharhiniformes,Scyliorhinidae,Cephaloscyllium,isabellum,Cephaloscyllium_isabellum,Cephaloscyllium isabellum,300186,,,,,,,,,,,,,,,,,,,,,,,,,,,,,,,,,,,,,,,,
shark,Carcharhiniformes,Scyliorhinidae,Cephaloscyllium,laticeps,Cephaloscyllium_laticeps,Cephaloscyllium laticeps,219803,,,,,,,,,,,,,,,,,,,,,,,,,,,,,,,,,,,,,,,,
shark,Carcharhiniformes,Scyliorhinidae,Cephaloscyllium,pictum,Cephaloscyllium_pictum,Cephaloscyllium pictum,4793,Endemic,,,,,,,,,,,,,,,,,,,,,,,,,,,,,,,,,,,,,,,
shark,Carcharhiniformes,Scyliorhinidae,Cephaloscyllium,sarawakensis,Cephaloscyllium_sarawakensis,Cephaloscyllium sarawakensis,122641,Endemic,,,,,,,,,,,,,,,,,,,,,,,,,,,,,,,,,,,,,,,
shark,Carcharhiniformes,Scyliorhinidae,Cephaloscyllium,signourum,Cephaloscyllium_signourum,Cephaloscyllium signourum,25732,Endemic,,,,,,,,,,,,,,,,,,,,,,,,,,,,,,,,,,,,,,,
shark,Carcharhiniformes,Scyliorhinidae,Cephaloscyllium,silasi,Cephaloscyllium_silasi,Cephaloscyllium silasi,22076,Endemic,,,,,,,,,,,,,,,,,,,,,,,,,,,,,,,,,,,,,,,
shark,Carcharhiniformes,Scyliorhinidae,Cephaloscyllium,speccum,Cephaloscyllium_speccum,Cephaloscyllium speccum,61650,Endemic,,,,,,,,,,,,,,,,,,,,,,,,,,,,,,,,,,,,,,,
shark,Carcharhiniformes,Scyliorhinidae,Cephaloscyllium,stevensi,Cephaloscyllium_stevensi,Cephaloscyllium stevensi,99,Endemic,,,,,,,,,,,,,,,,,,,,,,,,,,,,,,,,,,,,,,,
shark,Carcharhiniformes,Scyliorhinidae,Cephaloscyllium,sufflans,Cephaloscyllium_sufflans,Cephaloscyllium sufflans,51486,Endemic,,,,,,,,,,,,,,,,,,,,,,,,,,,,,,,,,,,,,,,
shark,Carcharhiniformes,Scyliorhinidae,Cephaloscyllium,umbratile,Cephaloscyllium_umbratile,Cephaloscyllium umbratile,573050,,,,,,,,,,,,,,,,,,,,,,,,,,,,,,,,,,,,,,,,
shark,Carcharhiniformes,Scyliorhinidae,Cephaloscyllium,variegatum,Cephaloscyllium_variegatum,Cephaloscyllium variegatum,97618,Endemic,,,,,,,,,,,,,,,,,,,,,,,,,,,,,,,,,,,,,,,
shark,Carcharhiniformes,Scyliorhinidae,Cephaloscyllium,ventriosum,Cephaloscyllium_ventriosum,Cephaloscyllium ventriosum,201360,,,,,,,,,,,,,,,,,,,,,,,,,,,,,,,,,,,,,,,,
shark,Carcharhiniformes,Scyliorhinidae,Cephaloscyllium,zebrum,Cephaloscyllium_zebrum,Cephaloscyllium zebrum,NA,,,,,,,,,,,,,,,,,,,,,,,,,,,,,,,,,,,,,,,,
shark,Carcharhiniformes,Scyliorhinidae,Poroderma,africanum,Poroderma_africanum,Poroderma africanum,39088,Endemic,,,,,,,,,,,,,,,,,,,,,,,,,,,,,,,,,,,,,,,
shark,Carcharhiniformes,Scyliorhinidae,Poroderma,pantherinum,Poroderma_pantherinum,Poroderma pantherinum,115925,Endemic,,,,,,,,,,,,,,,,,,,,,,,,,,,,,,,,,,,,,,,
shark,Carcharhiniformes,Scyliorhinidae,Schroederichthys,bivius,Schroederichthys_bivius,Schroederichthys bivius,1094484,,,,,,,,,,,,,,,,,,,,,,,,,,,,,,,,,,,,,,,,
shark,Carcharhiniformes,Scyliorhinidae,Schroederichthys,chilensis,Schroederichthys_chilensis,Schroederichthys chilensis,10001,Endemic,,,,,,,,,,,,,,,,,,,,,,,,,,,,,,,,,,,,,,,
shark,Carcharhiniformes,Scyliorhinidae,Schroederichthys,maculatus,Schroederichthys_maculatus,Schroederichthys maculatus,13030,Endemic,,,,,,,,,,,,,,,,,,,,,,,,,,,,,,,,,,,,,,,
shark,Carcharhiniformes,Scyliorhinidae,Schroederichthys,saurisqualus,Schroederichthys_saurisqualus,Schroederichthys saurisqualus,70911,Endemic,,,,,,,,,,,,,,,,,,,,,,,,,,,,,,,,,,,,,,,
shark,Carcharhiniformes,Scyliorhinidae,Schroederichthys,tenuis,Schroederichthys_tenuis,Schroederichthys tenuis,89716,Endemic,,,,,,,,,,,,,,,,,,,,,,,,,,,,,,,,,,,,,,,
shark,Carcharhiniformes,Scyliorhinidae,Scyliorhinus,boa,Scyliorhinus_boa,Scyliorhinus boa,94329,Endemic,,,,,,,,,,,,,,,,,,,,,,,,,,,,,,,,,,,,,,,
shark,Carcharhiniformes,Scyliorhinidae,Scyliorhinus,cabofriensis,Scyliorhinus_cabofriensis,Scyliorhinus cabofriensis,23267,Endemic,,,,,,,,,,,,,,,,,,,,,,,,,,,,,,,,,,,,,,,
shark,Carcharhiniformes,Scyliorhinidae,Scyliorhinus,canicula,Scyliorhinus_canicula,Scyliorhinus canicula,2687793,,,,,,,,,,,,,,,,,,,,,,,,,,,,,,,,,,,,,,,,
shark,Carcharhiniformes,Scyliorhinidae,Scyliorhinus,capensis,Scyliorhinus_capensis,Scyliorhinus capensis,298192,,,,,,,,,,,,,,,,,,,,,,,,,,,,,,,,,,,,,,,,
shark,Carcharhiniformes,Scyliorhinidae,Scyliorhinus,cervigoni,Scyliorhinus_cervigoni,Scyliorhinus cervigoni,239837,,,,,,,,,,,,,,,,,,,,,,,,,,,,,,,,,,,,,,,,
shark,Carcharhiniformes,Scyliorhinidae,Scyliorhinus,comoroensis,Scyliorhinus_comoroensis,Scyliorhinus comoroensis,21,Endemic,,,,,,,,,,,,,,,,,,,,,,,,,,,,,,,,,,,,,,,
shark,Carcharhiniformes,Scyliorhinidae,Scyliorhinus,duhamelii,Scyliorhinus_duhamelii,Scyliorhinus duhamelii,21,Endemic,,,,,,,,,,,,,,,,,,,,,,,,,,,,,,,,,,,,,,,
shark,Carcharhiniformes,Scyliorhinidae,Scyliorhinus,garmani,Scyliorhinus_garmani,Scyliorhinus garmani,21,Endemic,,,,,,,,,,,,,,,,,,,,,,,,,,,,,,,,,,,,,,,
shark,Carcharhiniformes,Scyliorhinidae,Scyliorhinus,haeckelii,Scyliorhinus_haeckelii,Scyliorhinus haeckelii,501346,,,,,,,,,,,,,,,,,,,,,,,,,,,,,,,,,,,,,,,,
shark,Carcharhiniformes,Scyliorhinidae,Scyliorhinus,hachijoensis,Scyliorhinus_hachijoensis,Scyliorhinus hachijoensis,,,,,,,,,,,,,,,,,,,,,,,,,,,,,,,,,,,,,,,,,
shark,Carcharhiniformes,Scyliorhinidae,Scyliorhinus,hesperius,Scyliorhinus_hesperius,Scyliorhinus hesperius,7092,Endemic,,,,,,,,,,,,,,,,,,,,,,,,,,,,,,,,,,,,,,,
shark,Carcharhiniformes,Scyliorhinidae,Scyliorhinus,meadi,Scyliorhinus_meadi,Scyliorhinus meadi,46872,Endemic,,,,,,,,,,,,,,,,,,,,,,,,,,,,,,,,,,,,,,,
shark,Carcharhiniformes,Scyliorhinidae,Scyliorhinus,retifer,Scyliorhinus_retifer,Scyliorhinus retifer,355998,,,,,,,,,,,,,,,,,,,,,,,,,,,,,,,,,,,,,,,,
shark,Carcharhiniformes,Scyliorhinidae,Scyliorhinus,stellaris,Scyliorhinus_stellaris,Scyliorhinus stellaris,1756058,,,,,,,,,,,,,,,,,,,,,,,,,,,,,,,,,,,,,,,,
shark,Carcharhiniformes,Scyliorhinidae,Scyliorhinus,torazame,Scyliorhinus_torazame,Scyliorhinus torazame,639919,,,,,,,,,,,,,,,,,,,,,,,,,,,,,,,,,,,,,,,,
shark,Carcharhiniformes,Scyliorhinidae,Scyliorhinus,torrei,Scyliorhinus_torrei,Scyliorhinus torrei,48839,Endemic,,,,,,,,,,,,,,,,,,,,,,,,,,,,,,,,,,,,,,,
shark,Carcharhiniformes,Scyliorhinidae,Scyliorhinus,ugoi,Scyliorhinus_ugoi,Scyliorhinus ugoi,4993,Endemic,,,,,,,,,,,,,,,,,,,,,,,,,,,,,,,,,,,,,,,
shark,Carcharhiniformes,Proscyllidae,Ctenacis,fehlmanni,Ctenacis_fehlmanni,Ctenacis fehlmanni,36445,Endemic,,,,,,,,,,,,,,,,,,,,,,,,,,,,,,,,,,,,,,,
shark,Carcharhiniformes,Proscyllidae,Eridacnis,barbouri,Eridacnis_barbouri,Eridacnis barbouri,18316,Endemic,,,,,,,,,,,,,,,,,,,,,,,,,,,,,,,,,,,,,,,
shark,Carcharhiniformes,Proscyllidae,Eridacnis,radcliffei,Eridacnis_radcliffei,Eridacnis radcliffei,545009,,,,,,,,,,,,,,,,,,,,,,,,,,,,,,,,,,,,,,,,
shark,Carcharhiniformes,Proscyllidae,Eridacnis,sinuans,Eridacnis_sinuans,Eridacnis sinuans,19318,Endemic,,,,,,,,,,,,,,,,,,,,,,,,,,,,,,,,,,,,,,,
shark,Carcharhiniformes,Proscyllidae,Proscyllium,habereri,Proscyllium_habereri,Proscyllium habereri,940812,,,,,,,,,,,,,,,,,,,,,,,,,,,,,,,,,,,,,,,,
shark,Carcharhiniformes,Proscyllidae,Proscyllium,magnificum,Proscyllium_magnificum,Proscyllium magnificum,7487,Endemic,,,,,,,,,,,,,,,,,,,,,,,,,,,,,,,,,,,,,,,
shark,Carcharhiniformes,Pseudotriakidae,Gollum,attenuatus,Gollum_attenuatus,Gollum attenuatus,155114,,,,,,,,,,,,,,,,,,,,,,,,,,,,,,,,,,,,,,,,
shark,Carcharhiniformes,Pseudotriakidae,Gollum,suluensis,Gollum_suluensis,Gollum suluensis,155114,,,,,,,,,,,,,,,,,,,,,,,,,,,,,,,,,,,,,,,,
shark,Carcharhiniformes,Pseudotriakidae,Planonasus,indicus,Planonasus_indicus,Planonasus indicus,3092,Endemic,,,,,,,,,,,,,,,,,,,,,,,,,,,,,,,,,,,,,,,
shark,Carcharhiniformes,Pseudotriakidae,Planonasus,parini,Planonasus_parini,Planonasus parini,13595,Endemic,,,,,,,,,,,,,,,,,,,,,,,,,,,,,,,,,,,,,,,
shark,Carcharhiniformes,Pseudotriakidae,Pseudotriakis,microdon,Pseudotriakis_microdon,Pseudotriakis microdon,2585123,,,,,,,,,,,,,,,,,,,,,,,,,,,,,,,,,,,,,,,,
shark,Carcharhiniformes,Leptochariidae,Leptocharias,smithii,Leptocharias_smithii,Leptocharias smithii,246844,,,,,,,,,,,,,,,,,,,,,,,,,,,,,,,,,,,,,,,,
shark,Carcharhiniformes,Triakidae,Furgaleus,macki,Furgaleus_macki,Furgaleus macki,526835,,,,,,,,,,,,,,,,,,,,,,,,,,,,,,,,,,,,,,,,
shark,Carcharhiniformes,Triakidae,Galeorhinus,galeus,Galeorhinus_galeus,Galeorhinus galeus,5755915,,,,,,,,,,,,,,,,,,,,,,,,,,,,,,,,,,,,,,,,
shark,Carcharhiniformes,Triakidae,Gogolia,filewoodi,Gogolia_filewoodi,Gogolia filewoodi,25,Endemic,,,,,,,,,,,,,,,,,,,,,,,,,,,,,,,,,,,,,,,
shark,Carcharhiniformes,Triakidae,Hemitriakis,abdita,Hemitriakis_abdita,Hemitriakis abdita,8550,Endemic,,,,,,,,,,,,,,,,,,,,,,,,,,,,,,,,,,,,,,,
shark,Carcharhiniformes,Triakidae,Hemitriakis,complicofasciata,Hemitriakis_complicofasciata,Hemitriakis complicofasciata,3795,Endemic,,,,,,,,,,,,,,,,,,,,,,,,,,,,,,,,,,,,,,,
shark,Carcharhiniformes,Triakidae,Hemitriakis,falcata,Hemitriakis_falcata,Hemitriakis falcata,40481,Endemic,,,,,,,,,,,,,,,,,,,,,,,,,,,,,,,,,,,,,,,
shark,Carcharhiniformes,Triakidae,Hemitriakis,indroyonoi,Hemitriakis_indroyonoi,Hemitriakis indroyonoi,578,Endemic,,,,,,,,,,,,,,,,,,,,,,,,,,,,,,,,,,,,,,,
shark,Carcharhiniformes,Triakidae,Hemitriakis,japanica,Hemitriakis_japanica,Hemitriakis japanica,940537,,,,,,,,,,,,,,,,,,,,,,,,,,,,,,,,,,,,,,,,
shark,Carcharhiniformes,Triakidae,Hemitriakis,leucoperiptera,Hemitriakis_leucoperiptera,Hemitriakis leucoperiptera,940537,,,,,,,,,,,,,,,,,,,,,,,,,,,,,,,,,,,,,,,,
shark,Carcharhiniformes,Triakidae,Hypogaleus,hyugaensis,Hypogaleus_hyugaensis,Hypogaleus hyugaensis,1343706,,,,,,,,,,,,,,,,,,,,,,,,,,,,,,,,,,,,,,,,
shark,Carcharhiniformes,Triakidae,Iago,garricki,Iago_garricki,Iago garricki,130249,Endemic,,,,,,,,,,,,,,,,,,,,,,,,,,,,,,,,,,,,,,,
shark,Carcharhiniformes,Triakidae,Iago,gopalakrishnani,Iago_gopalakrishnani,Iago gopalakrishnani,,,,,,,,,,,,,,,,,,,,,,,,,,,,,,,,,,,,,,,,,
shark,Carcharhiniformes,Triakidae,Iago,omanensis,Iago_omanensis,Iago omanensis,499064,,,,,,,,,,,,,,,,,,,,,,,,,,,,,,,,,,,,,,,,
shark,Carcharhiniformes,Triakidae,Mustelus,albipinnis,Mustelus_albipinnis,Mustelus albipinnis,26456,Endemic,,,,,,,,,,,,,,,,,,,,,,,,,,,,,,,,,,,,,,,
shark,Carcharhiniformes,Triakidae,Mustelus,andamanensis,Mustelus_andamanensis,Mustelus andamanensis,,,,,,,,,,,,,,,,,,,,,,,,,,,,,,,,,,,,,,,,,
shark,Carcharhiniformes,Triakidae,Mustelus,antarcticus,Mustelus_antarcticus,Mustelus antarcticus,552174,,,,,,,,,,,,,,,,,,,,,,,,,,,,,,,,,,,,,,,,
shark,Carcharhiniformes,Triakidae,Mustelus,asterias,Mustelus_asterias,Mustelus asterias,1424993,,,,,,,,,,,,,,,,,,,,,,,,,,,,,,,,,,,,,,,,
shark,Carcharhiniformes,Triakidae,Mustelus,californicus,Mustelus_californicus,Mustelus californicus,127774,Endemic,,,,,,,,,,,,,,,,,,,,,,,,,,,,,,,,,,,,,,,
shark,Carcharhiniformes,Triakidae,Mustelus,canis,Mustelus_canis,Mustelus canis,2679550,,,,,,,,,,,,,,,,,,,,,,,,,,,,,,,,,,,,,,,,
shark,Carcharhiniformes,Triakidae,Mustelus,dorsalis,Mustelus_dorsalis,Mustelus dorsalis,123859,Endemic,,,,,,,,,,,,,,,,,,,,,,,,,,,,,,,,,,,,,,,
shark,Carcharhiniformes,Triakidae,Mustelus,fasciatus,Mustelus_fasciatus,Mustelus fasciatus,460526,,,,,,,,,,,,,,,,,,,,,,,,,,,,,,,,,,,,,,,,
shark,Carcharhiniformes,Triakidae,Mustelus,griseus,Mustelus_griseus,Mustelus griseus,1609014,,,,,,,,,,,,,,,,,,,,,,,,,,,,,,,,,,,,,,,,
shark,Carcharhiniformes,Triakidae,Mustelus,henlei,Mustelus_henlei,Mustelus henlei,399833,,,,,,,,,,,,,,,,,,,,,,,,,,,,,,,,,,,,,,,,
shark,Carcharhiniformes,Triakidae,Mustelus,higmani,Mustelus_higmani,Mustelus higmani,1370867,,,,,,,,,,,,,,,,,,,,,,,,,,,,,,,,,,,,,,,,
shark,Carcharhiniformes,Triakidae,Mustelus,lenticulatus,Mustelus_lenticulatus,Mustelus lenticulatus,222043,,,,,,,,,,,,,,,,,,,,,,,,,,,,,,,,,,,,,,,,
shark,Carcharhiniformes,Triakidae,Mustelus,lunulatus,Mustelus_lunulatus,Mustelus lunulatus,217925,,,,,,,,,,,,,,,,,,,,,,,,,,,,,,,,,,,,,,,,
shark,Carcharhiniformes,Triakidae,Mustelus,manazo,Mustelus_manazo,Mustelus manazo,2029405,,,,,,,,,,,,,,,,,,,,,,,,,,,,,,,,,,,,,,,,
shark,Carcharhiniformes,Triakidae,Mustelus,mangalorensis,Mustelus_mangalorensis,Mustelus mangalorensis,2029405,,,,,,,,,,,,,,,,,,,,,,,,,,,,,,,,,,,,,,,,
shark,Carcharhiniformes,Triakidae,Mustelus,mento,Mustelus_mento,Mustelus mento,28046,Endemic,,,,,,,,,,,,,,,,,,,,,,,,,,,,,,,,,,,,,,,
shark,Carcharhiniformes,Triakidae,Mustelus,minicanis,Mustelus_minicanis,Mustelus minicanis,16667,Endemic,,,,,,,,,,,,,,,,,,,,,,,,,,,,,,,,,,,,,,,
shark,Carcharhiniformes,Triakidae,Mustelus,mosis,Mustelus_mosis,Mustelus mosis,762685,,,,,,,,,,,,,,,,,,,,,,,,,,,,,,,,,,,,,,,,
shark,Carcharhiniformes,Triakidae,Mustelus,mustelus,Mustelus_mustelus,Mustelus mustelus,1701126,,,,,,,,,,,,,,,,,,,,,,,,,,,,,,,,,,,,,,,,
shark,Carcharhiniformes,Triakidae,Mustelus,norrisi,Mustelus_norrisi,Mustelus norrisi,984553,,,,,,,,,,,,,,,,,,,,,,,,,,,,,,,,,,,,,,,,
shark,Carcharhiniformes,Triakidae,Mustelus,palumbes,Mustelus_palumbes,Mustelus palumbes,295046,,,,,,,,,,,,,,,,,,,,,,,,,,,,,,,,,,,,,,,,
shark,Carcharhiniformes,Triakidae,Mustelus,punctulatus,Mustelus_punctulatus,Mustelus punctulatus,657778,,,,,,,,,,,,,,,,,,,,,,,,,,,,,,,,,,,,,,,,
shark,Carcharhiniformes,Triakidae,Mustelus,ravidus,Mustelus_ravidus,Mustelus ravidus,108760,Endemic,,,,,,,,,,,,,,,,,,,,,,,,,,,,,,,,,,,,,,,
shark,Carcharhiniformes,Triakidae,Mustelus,schmitti,Mustelus_schmitti,Mustelus schmitti,978956,,,,,,,,,,,,,,,,,,,,,,,,,,,,,,,,,,,,,,,,
shark,Carcharhiniformes,Triakidae,Mustelus,sinusmexicanus,Mustelus_sinusmexicanus,Mustelus sinusmexicanus,230910,,,,,,,,,,,,,,,,,,,,,,,,,,,,,,,,,,,,,,,,
shark,Carcharhiniformes,Triakidae,Mustelus,stevensi,Mustelus_stevensi,Mustelus stevensi,87848,Endemic,,,,,,,,,,,,,,,,,,,,,,,,,,,,,,,,,,,,,,,
shark,Carcharhiniformes,Triakidae,Mustelus,walkeri,Mustelus_walkeri,Mustelus walkeri,49237,Endemic,,,,,,,,,,,,,,,,,,,,,,,,,,,,,,,,,,,,,,,
shark,Carcharhiniformes,Triakidae,Mustelus,whitneyi,Mustelus_whitneyi,Mustelus whitneyi,64390,Endemic,,,,,,,,,,,,,,,,,,,,,,,,,,,,,,,,,,,,,,,
shark,Carcharhiniformes,Triakidae,Mustelus,widodoi,Mustelus_widodoi,Mustelus widodoi,19688,Endemic,,,,,,,,,,,,,,,,,,,,,,,,,,,,,,,,,,,,,,,
shark,Carcharhiniformes,Triakidae,Scylliogaleus,quecketti,Scylliogaleus_quecketti,Scylliogaleus quecketti,7247,Endemic,,,,,,,,,,,,,,,,,,,,,,,,,,,,,,,,,,,,,,,
shark,Carcharhiniformes,Triakidae,Triakis,acutipinna,Triakis_acutipinna,Triakis acutipinna,4835,Endemic,,,,,,,,,,,,,,,,,,,,,,,,,,,,,,,,,,,,,,,
shark,Carcharhiniformes,Triakidae,Triakis,maculata,Triakis_maculata,Triakis maculata,69461,Endemic,,,,,,,,,,,,,,,,,,,,,,,,,,,,,,,,,,,,,,,
shark,Carcharhiniformes,Triakidae,Triakis,megalopterus,Triakis_megalopterus,Triakis megalopterus,11226,Endemic,,,,,,,,,,,,,,,,,,,,,,,,,,,,,,,,,,,,,,,
shark,Carcharhiniformes,Triakidae,Triakis,scyllium,Triakis_scyllium,Triakis scyllium,844340,,,,,,,,,,,,,,,,,,,,,,,,,,,,,,,,,,,,,,,,
shark,Carcharhiniformes,Triakidae,Triakis,semifasciata,Triakis_semifasciata,Triakis semifasciata,112552,Endemic,,,,,,,,,,,,,,,,,,,,,,,,,,,,,,,,,,,,,,,
shark,Carcharhiniformes,Hemigaleidae,Chaenogaleus,macrostoma,Chaenogaleus_macrostoma,Chaenogaleus macrostoma,2282531,,,,,,,,,,,,,,,,,,,,,,,,,,,,,,,,,,,,,,,,
shark,Carcharhiniformes,Hemigaleidae,Hemigaleus,australiensis,Hemigaleus_australiensis,Hemigaleus australiensis,992186,,,,,,,,,,,,,,,,,,,,,,,,,,,,,,,,,,,,,,,,
shark,Carcharhiniformes,Hemigaleidae,Hemigaleus,microstoma,Hemigaleus_microstoma,Hemigaleus microstoma,2021479,,,,,,,,,,,,,,,,,,,,,,,,,,,,,,,,,,,,,,,,
shark,Carcharhiniformes,Hemigaleidae,Hemipristis,elongata,Hemipristis_elongata,Hemipristis elongata,5407574,,,,,,,,,,,,,,,,,,,,,,,,,,,,,,,,,,,,,,,,
shark,Carcharhiniformes,Hemigaleidae,Paragaleus,leucolomatus,Paragaleus_leucolomatus,Paragaleus leucolomatus,21081,Endemic,,,,,,,,,,,,,,,,,,,,,,,,,,,,,,,,,,,,,,,
shark,Carcharhiniformes,Hemigaleidae,Paragaleus,pectoralis,Paragaleus_pectoralis,Paragaleus pectoralis,272754,,,,,,,,,,,,,,,,,,,,,,,,,,,,,,,,,,,,,,,,
shark,Carcharhiniformes,Hemigaleidae,Paragaleus,randalli,Paragaleus_randalli,Paragaleus randalli,238975,,,,,,,,,,,,,,,,,,,,,,,,,,,,,,,,,,,,,,,,
shark,Carcharhiniformes,Hemigaleidae,Paragaleus,tengi,Paragaleus_tengi,Paragaleus tengi,135468,Endemic,,,,,,,,,,,,,,,,,,,,,,,,,,,,,,,,,,,,,,,
shark,Carcharhiniformes,Carcharhinidae,Carcharhinus,acronotus,Carcharhinus_acronotus,Carcharhinus acronotus,796394,,,,,,,,,,,,,,,,,,,,,,,,,,,,,,,,,,,,,,,,
shark,Carcharhiniformes,Carcharhinidae,Carcharhinus,albimarginatus,Carcharhinus_albimarginatus,Carcharhinus albimarginatus,3878961,,,,,,,,,,,,,,,,,,,,,,,,,,,,,,,,,,,,,,,,
shark,Carcharhiniformes,Carcharhinidae,Carcharhinus,altimus,Carcharhinus_altimus,Carcharhinus altimus,3632241,,,,,,,,,,,,,,,,,,,,,,,,,,,,,,,,,,,,,,,,
shark,Carcharhiniformes,Carcharhinidae,Carcharhinus,amblyrhynchoides,Carcharhinus_amblyrhynchoides,Carcharhinus amblyrhynchoides,3013961,,,,,,,,,,,,,,,,,,,,,,,,,,,,,,,,,,,,,,,,
shark,Carcharhiniformes,Carcharhinidae,Carcharhinus,amblyrhynchos,Carcharhinus_amblyrhynchos,Carcharhinus amblyrhynchos,5939688,,,,,,,,,,,,,,,,,,,,,,,,,,,,,,,,,,,,,,,,
shark,Carcharhiniformes,Carcharhinidae,Carcharhinus,amboinensis,Carcharhinus_amboinensis,Carcharhinus amboinensis,4128514,,,,,,,,,,,,,,,,,,,,,,,,,,,,,,,,,,,,,,,,
shark,Carcharhiniformes,Carcharhinidae,Carcharhinus,borneensis,Carcharhinus_borneensis,Carcharhinus borneensis,656961,,,,,,,,,,,,,,,,,,,,,,,,,,,,,,,,,,,,,,,,
shark,Carcharhiniformes,Carcharhinidae,Carcharhinus,brachyurus,Carcharhinus_brachyurus,Carcharhinus brachyurus,3017727,,,,,,,,,,,,,,,,,,,,,,,,,,,,,,,,,,,,,,,,
shark,Carcharhiniformes,Carcharhinidae,Carcharhinus,brevipinna,Carcharhinus_brevipinna,Carcharhinus brevipinna,6230596,,,,,,,,,,,,,,,,,,,,,,,,,,,,,,,,,,,,,,,,
shark,Carcharhiniformes,Carcharhinidae,Carcharhinus,cautus,Carcharhinus_cautus,Carcharhinus cautus,388091,,,,,,,,,,,,,,,,,,,,,,,,,,,,,,,,,,,,,,,,
shark,Carcharhiniformes,Carcharhinidae,Carcharhinus,cerdale,Carcharhinus_cerdale,Carcharhinus cerdale,76644,Endemic,,,,,,,,,,,,,,,,,,,,,,,,,,,,,,,,,,,,,,,
shark,Carcharhiniformes,Carcharhinidae,Carcharhinus,coatesi,Carcharhinus_coatesi,Carcharhinus coatesi,1467009,,,,,,,,,,,,,,,,,,,,,,,,,,,,,,,,,,,,,,,,
shark,Carcharhiniformes,Carcharhinidae,Carcharhinus,dussumieri,Carcharhinus_dussumieri,Carcharhinus dussumieri,532892,,,,,,,,,,,,,,,,,,,,,,,,,,,,,,,,,,,,,,,,
shark,Carcharhiniformes,Carcharhinidae,Carcharhinus,falciformis,Carcharhinus_falciformis,Carcharhinus falciformis,173881104,,,,,,,,,,,,,,,,,,,,,,,,,,,,,,,,,,,,,,,,
shark,Carcharhiniformes,Carcharhinidae,Carcharhinus,fitzroyensis,Carcharhinus_fitzroyensis,Carcharhinus fitzroyensis,603398,,,,,,,,,,,,,,,,,,,,,,,,,,,,,,,,,,,,,,,,
shark,Carcharhiniformes,Carcharhinidae,Carcharhinus,galapagensis,Carcharhinus_galapagensis,Carcharhinus galapagensis,5785402,,,,,,,,,,,,,,,,,,,,,,,,,,,,,,,,,,,,,,,,
shark,Carcharhiniformes,Carcharhinidae,Carcharhinus,hemiodon,Carcharhinus_hemiodon,Carcharhinus hemiodon,1572166,,,,,,,,,,,,,,,,,,,,,,,,,,,,,,,,,,,,,,,,
shark,Carcharhiniformes,Carcharhinidae,Carcharhinus,humani,Carcharhinus_humani,Carcharhinus humani,140843,Endemic,,,,,,,,,,,,,,,,,,,,,,,,,,,,,,,,,,,,,,,
shark,Carcharhiniformes,Carcharhinidae,Carcharhinus,isodon,Carcharhinus_isodon,Carcharhinus isodon,194517,,,,,,,,,,,,,,,,,,,,,,,,,,,,,,,,,,,,,,,,
shark,Carcharhiniformes,Carcharhinidae,Carcharhinus,leiodon,Carcharhinus_leiodon,Carcharhinus leiodon,39175,Endemic,,,,,,,,,,,,,,,,,,,,,,,,,,,,,,,,,,,,,,,
shark,Carcharhiniformes,Carcharhinidae,Carcharhinus,leucas,Carcharhinus_leucas,Carcharhinus leucas,9018500,,,,,,,,,,,,,,,,,,,,,,,,,,,,,,,,,,,,,,,,
shark,Carcharhiniformes,Carcharhinidae,Carcharhinus,limbatus,Carcharhinus_limbatus,Carcharhinus limbatus,9993934,,,,,,,,,,,,,,,,,,,,,,,,,,,,,,,,,,,,,,,,
shark,Carcharhiniformes,Carcharhinidae,Carcharhinus,longimanus,Carcharhinus_longimanus,Carcharhinus longimanus,200946268,,,,,,,,,,,,,,,,,,,,,,,,,,,,,,,,,,,,,,,,
shark,Carcharhiniformes,Carcharhinidae,Carcharhinus,macloti,Carcharhinus_macloti,Carcharhinus macloti,5893444,,,,,,,,,,,,,,,,,,,,,,,,,,,,,,,,,,,,,,,,
shark,Carcharhiniformes,Carcharhinidae,Carcharhinus,melanopterus,Carcharhinus_melanopterus,Carcharhinus melanopterus,5899763,,,,,,,,,,,,,,,,,,,,,,,,,,,,,,,,,,,,,,,,
shark,Carcharhiniformes,Carcharhinidae,Carcharhinus,obsoletus,Carcharhinus_obsoletus,Carcharhinus obsoletus,365369,,,,,,,,,,,,,,,,,,,,,,,,,,,,,,,,,,,,,,,,
shark,Carcharhiniformes,Carcharhinidae,Carcharhinus,obscurus,Carcharhinus_obscurus,Carcharhinus obscurus,10491645,,,,,,,,,,,,,,,,,,,,,,,,,,,,,,,,,,,,,,,,
shark,Carcharhiniformes,Carcharhinidae,Carcharhinus,perezi,Carcharhinus_perezi,Carcharhinus perezi,2311031,,,,,,,,,,,,,,,,,,,,,,,,,,,,,,,,,,,,,,,,
shark,Carcharhiniformes,Carcharhinidae,Carcharhinus,plumbeus,Carcharhinus_plumbeus,Carcharhinus plumbeus,8381722,,,,,,,,,,,,,,,,,,,,,,,,,,,,,,,,,,,,,,,,
shark,Carcharhiniformes,Carcharhinidae,Carcharhinus,porosus,Carcharhinus_porosus,Carcharhinus porosus,1287431,,,,,,,,,,,,,,,,,,,,,,,,,,,,,,,,,,,,,,,,
shark,Carcharhiniformes,Carcharhinidae,Carcharhinus,sealei,Carcharhinus_sealei,Carcharhinus sealei,1074286,,,,,,,,,,,,,,,,,,,,,,,,,,,,,,,,,,,,,,,,
shark,Carcharhiniformes,Carcharhinidae,Carcharhinus,signatus,Carcharhinus_signatus,Carcharhinus signatus,3259790,,,,,,,,,,,,,,,,,,,,,,,,,,,,,,,,,,,,,,,,
shark,Carcharhiniformes,Carcharhinidae,Carcharhinus,sorrah,Carcharhinus_sorrah,Carcharhinus sorrah,6057285,,,,,,,,,,,,,,,,,,,,,,,,,,,,,,,,,,,,,,,,
shark,Carcharhiniformes,Carcharhinidae,Carcharhinus,tilstoni,Carcharhinus_tilstoni,Carcharhinus tilstoni,1284721,,,,,,,,,,,,,,,,,,,,,,,,,,,,,,,,,,,,,,,,
shark,Carcharhiniformes,Carcharhinidae,Carcharhinus,tjutjot,Carcharhinus_tjutjot,Carcharhinus tjutjot,1390955,,,,,,,,,,,,,,,,,,,,,,,,,,,,,,,,,,,,,,,,
shark,Carcharhiniformes,Galeocerdidae,Galeocerdo,cuvier,Galeocerdo_cuvier,Galeocerdo cuvier,14996553,,,,,,,,,,,,,,,,,,,,,,,,,,,,,,,,,,,,,,,,
shark,Carcharhiniformes,Carcharhinidae,Glyphis,gangeticus,Glyphis_gangeticus,Glyphis gangeticus,107891,Endemic,,,,,,,,,,,,,,,,,,,,,,,,,,,,,,,,,,,,,,,
shark,Carcharhiniformes,Carcharhinidae,Glyphis,garricki,Glyphis_garricki,Glyphis garricki,130952,Endemic,,,,,,,,,,,,,,,,,,,,,,,,,,,,,,,,,,,,,,,
shark,Carcharhiniformes,Carcharhinidae,Glyphis,glyphis,Glyphis_glyphis,Glyphis glyphis,130952,Endemic,,,,,,,,,,,,,,,,,,,,,,,,,,,,,,,,,,,,,,,
shark,Carcharhiniformes,Carcharhinidae,Isogomphodon,oxyrhynchus,Isogomphodon_oxyrhynchus,Isogomphodon oxyrhynchus,188330,,,,,,,,,,,,,,,,,,,,,,,,,,,,,,,,,,,,,,,,
shark,Carcharhiniformes,Carcharhinidae,Lamiopsis,temminckii,Lamiopsis_temminckii,Lamiopsis temminckii,286034,,,,,,,,,,,,,,,,,,,,,,,,,,,,,,,,,,,,,,,,
shark,Carcharhiniformes,Carcharhinidae,Lamiopsis,tephrodes,Lamiopsis_tephrodes,Lamiopsis tephrodes,1187564,,,,,,,,,,,,,,,,,,,,,,,,,,,,,,,,,,,,,,,,
shark,Carcharhiniformes,Carcharhinidae,Loxodon,macrorhinus,Loxodon_macrorhinus,Loxodon macrorhinus,5219691,,,,,,,,,,,,,,,,,,,,,,,,,,,,,,,,,,,,,,,,
shark,Carcharhiniformes,Carcharhinidae,Nasolamia,velox,Nasolamia_velox,Nasolamia velox,316784,,,,,,,,,,,,,,,,,,,,,,,,,,,,,,,,,,,,,,,,
shark,Carcharhiniformes,Carcharhinidae,Negaprion,acutidens,Negaprion_acutidens,Negaprion acutidens,5391903,,,,,,,,,,,,,,,,,,,,,,,,,,,,,,,,,,,,,,,,
shark,Carcharhiniformes,Carcharhinidae,Negaprion,brevirostris,Negaprion_brevirostris,Negaprion brevirostris,2165487,,,,,,,,,,,,,,,,,,,,,,,,,,,,,,,,,,,,,,,,
shark,Carcharhiniformes,Carcharhinidae,Prionace,glauca,Prionace_glauca,Prionace glauca,281728546,,,,,,,,,,,,,,,,,,,,,,,,,,,,,,,,,,,,,,,,
shark,Carcharhiniformes,Carcharhinidae,Rhizoprionodon,acutus,Rhizoprionodon_acutus,Rhizoprionodon acutus,7178978,,,,,,,,,,,,,,,,,,,,,,,,,,,,,,,,,,,,,,,,
shark,Carcharhiniformes,Carcharhinidae,Rhizoprionodon,lalandii,Rhizoprionodon_lalandii,Rhizoprionodon lalandii,626530,,,,,,,,,,,,,,,,,,,,,,,,,,,,,,,,,,,,,,,,
shark,Carcharhiniformes,Carcharhinidae,Rhizoprionodon,longurio,Rhizoprionodon_longurio,Rhizoprionodon longurio,58558,Endemic,,,,,,,,,,,,,,,,,,,,,,,,,,,,,,,,,,,,,,,
shark,Carcharhiniformes,Carcharhinidae,Rhizoprionodon,oligolinx,Rhizoprionodon_oligolinx,Rhizoprionodon oligolinx,1361781,,,,,,,,,,,,,,,,,,,,,,,,,,,,,,,,,,,,,,,,
shark,Carcharhiniformes,Carcharhinidae,Rhizoprionodon,porosus,Rhizoprionodon_porosus,Rhizoprionodon porosus,1790584,,,,,,,,,,,,,,,,,,,,,,,,,,,,,,,,,,,,,,,,
shark,Carcharhiniformes,Carcharhinidae,Rhizoprionodon,taylori,Rhizoprionodon_taylori,Rhizoprionodon taylori,1365055,,,,,,,,,,,,,,,,,,,,,,,,,,,,,,,,,,,,,,,,
shark,Carcharhiniformes,Carcharhinidae,Rhizoprionodon,terraenovae,Rhizoprionodon_terraenovae,Rhizoprionodon terraenovae,1243072,,,,,,,,,,,,,,,,,,,,,,,,,,,,,,,,,,,,,,,,
shark,Carcharhiniformes,Carcharhinidae,Scoliodon,laticaudus,Scoliodon_laticaudus,Scoliodon laticaudus,313882,,,,,,,,,,,,,,,,,,,,,,,,,,,,,,,,,,,,,,,,
shark,Carcharhiniformes,Carcharhinidae,Scoliodon,macrorhynchos,Scoliodon_macrorhynchos,Scoliodon macrorhynchos,1948668,,,,,,,,,,,,,,,,,,,,,,,,,,,,,,,,,,,,,,,,
shark,Carcharhiniformes,Carcharhinidae,Triaenodon,obesus,Triaenodon_obesus,Triaenodon obesus,7786146,,,,,,,,,,,,,,,,,,,,,,,,,,,,,,,,,,,,,,,,
shark,Carcharhiniformes,Sphyrnidae,Eusphyra,blochii,Eusphyra_blochii,Eusphyra blochii,863991,,,,,,,,,,,,,,,,,,,,,,,,,,,,,,,,,,,,,,,,
shark,Carcharhiniformes,Sphyrnidae,Sphyrna,alleni,Sphyrna_alleni,Sphyrna alleni,,,,,,,,,,,,,,,,,,,,,,,,,,,,,,,,,,,,,,,,,
shark,Carcharhiniformes,Sphyrnidae,Sphyrna,corona,Sphyrna_corona,Sphyrna corona,188251,,,,,,,,,,,,,,,,,,,,,,,,,,,,,,,,,,,,,,,,
shark,Carcharhiniformes,Sphyrnidae,Sphyrna,gilberti,Sphyrna_gilberti,Sphyrna gilberti,188251,,,,,,,,,,,,,,,,,,,,,,,,,,,,,,,,,,,,,,,,
shark,Carcharhiniformes,Sphyrnidae,Sphyrna,lewini,Sphyrna_lewini,Sphyrna lewini,31396804,,,,,,,,,,,,,,,,,,,,,,,,,,,,,,,,,,,,,,,,
shark,Carcharhiniformes,Sphyrnidae,Sphyrna,media,Sphyrna_media,Sphyrna media,1036416,,,,,,,,,,,,,,,,,,,,,,,,,,,,,,,,,,,,,,,,
shark,Carcharhiniformes,Sphyrnidae,Sphyrna,mokarran,Sphyrna_mokarran,Sphyrna mokarran,31445766,,,,,,,,,,,,,,,,,,,,,,,,,,,,,,,,,,,,,,,,
shark,Carcharhiniformes,Sphyrnidae,Sphyrna,tiburo,Sphyrna_tiburo,Sphyrna tiburo,1879058,,,,,,,,,,,,,,,,,,,,,,,,,,,,,,,,,,,,,,,,
shark,Carcharhiniformes,Sphyrnidae,Sphyrna,tudes,Sphyrna_tudes,Sphyrna tudes,720095,,,,,,,,,,,,,,,,,,,,,,,,,,,,,,,,,,,,,,,,
shark,Carcharhiniformes,Sphyrnidae,Sphyrna,zygaena,Sphyrna_zygaena,Sphyrna zygaena,17880726,,,,,,,,,,,,,,,,,,,,,,,,,,,,,,,,,,,,,,,,
ray,Torpediniformes,Platyrhinidae,Platyrhina,hyugaensis,Platyrhina_hyugaensis,Platyrhina hyugaensis,5633,Endemic,,,,,,,,,,,,,,,,,,,,,,,,,,,,,,,,,,,,,,,
ray,Torpediniformes,Platyrhinidae,Platyrhina,psomadakisi,Platyrhina_psomadakisi,Platyrhina psomadakisi,75032,Endemic,,,,,,,,,,,,,,,,,,,,,,,,,,,,,,,,,,,,,,,
ray,Torpediniformes,Platyrhinidae,Platyrhina,sinensis,Platyrhina_sinensis,Platyrhina sinensis,33700,Endemic,,,,,,,,,,,,,,,,,,,,,,,,,,,,,,,,,,,,,,,
ray,Torpediniformes,Platyrhinidae,Platyrhina,tangi,Platyrhina_tangi,Platyrhina tangi,732073,,,,,,,,,,,,,,,,,,,,,,,,,,,,,,,,,,,,,,,,
ray,Torpediniformes,Platyrhinidae,Platyrhinoidis,triseriata,Platyrhinoidis_triseriata,Platyrhinoidis triseriata,33858,Endemic,,,,,,,,,,,,,,,,,,,,,,,,,,,,,,,,,,,,,,,
ray,Torpediniformes,Narcinidae,Benthobatis,kreffti,Benthobatis_kreffti,Benthobatis kreffti,6055,Endemic,,,,,,,,,,,,,,,,,,,,,,,,,,,,,,,,,,,,,,,
ray,Torpediniformes,Narcinidae,Benthobatis,marcida,Benthobatis_marcida,Benthobatis marcida,101771,Endemic,,,,,,,,,,,,,,,,,,,,,,,,,,,,,,,,,,,,,,,
ray,Torpediniformes,Narcinidae,Benthobatis,moresbyi,Benthobatis_moresbyi,Benthobatis moresbyi,18036,Endemic,,,,,,,,,,,,,,,,,,,,,,,,,,,,,,,,,,,,,,,
ray,Torpediniformes,Narcinidae,Benthobatis,yangi,Benthobatis_yangi,Benthobatis yangi,125,Endemic,,,,,,,,,,,,,,,,,,,,,,,,,,,,,,,,,,,,,,,
ray,Torpediniformes,Narcinidae,Diplobatis,colombiensis,Diplobatis_colombiensis,Diplobatis colombiensis,8989,Endemic,,,,,,,,,,,,,,,,,,,,,,,,,,,,,,,,,,,,,,,
ray,Torpediniformes,Narcinidae,Diplobatis,guamachensis,Diplobatis_guamachensis,Diplobatis guamachensis,52445,Endemic,,,,,,,,,,,,,,,,,,,,,,,,,,,,,,,,,,,,,,,
ray,Torpediniformes,Narcinidae,Diplobatis,ommata,Diplobatis_ommata,Diplobatis ommata,117169,Endemic,,,,,,,,,,,,,,,,,,,,,,,,,,,,,,,,,,,,,,,
ray,Torpediniformes,Narcinidae,Diplobatis,picta,Diplobatis_picta,Diplobatis picta,469513,,,,,,,,,,,,,,,,,,,,,,,,,,,,,,,,,,,,,,,,
ray,Torpediniformes,Narcinidae,Discopyge,castelloi,Discopyge_castelloi,Discopyge castelloi,14199,Endemic,,,,,,,,,,,,,,,,,,,,,,,,,,,,,,,,,,,,,,,
ray,Torpediniformes,Narcinidae,Discopyge,tschudii,Discopyge_tschudii,Discopyge tschudii,914762,,,,,,,,,,,,,,,,,,,,,,,,,,,,,,,,,,,,,,,,
ray,Torpediniformes,Narcinidae,Narcine,atzi,Narcine_atzi,Narcine atzi,57515,Endemic,,,,,,,,,,,,,,,,,,,,,,,,,,,,,,,,,,,,,,,
ray,Torpediniformes,Narcinidae,Narcine,baliensis,Narcine_baliensis,Narcine baliensis,8918,Endemic,,,,,,,,,,,,,,,,,,,,,,,,,,,,,,,,,,,,,,,
ray,Torpediniformes,Narcinidae,Narcine,bancroftii,Narcine_bancroftii,Narcine bancroftii,578073,,,,,,,,,,,,,,,,,,,,,,,,,,,,,,,,,,,,,,,,
ray,Torpediniformes,Narcinidae,Narcine,brasiliensis,Narcine_brasiliensis,Narcine brasiliensis,184226,,,,,,,,,,,,,,,,,,,,,,,,,,,,,,,,,,,,,,,,
ray,Torpediniformes,Narcinidae,Narcine,brevilabiata,Narcine_brevilabiata,Narcine brevilabiata,248672,,,,,,,,,,,,,,,,,,,,,,,,,,,,,,,,,,,,,,,,
ray,Torpediniformes,Narcinidae,Narcine,entemedor,Narcine_entemedor,Narcine entemedor,160104,,,,,,,,,,,,,,,,,,,,,,,,,,,,,,,,,,,,,,,,
ray,Torpediniformes,Narcinidae,Narcine,insolita,Narcine_insolita,Narcine insolita,6,Endemic,,,,,,,,,,,,,,,,,,,,,,,,,,,,,,,,,,,,,,,
ray,Torpediniformes,Narcinidae,Narcine,leoparda,Narcine_leoparda,Narcine leoparda,6316,Endemic,,,,,,,,,,,,,,,,,,,,,,,,,,,,,,,,,,,,,,,
ray,Torpediniformes,Narcinidae,Narcine,lingula,Narcine_lingula,Narcine lingula,285502,,,,,,,,,,,,,,,,,,,,,,,,,,,,,,,,,,,,,,,,
ray,Torpediniformes,Narcinidae,Narcine,maculata,Narcine_maculata,Narcine maculata,410551,,,,,,,,,,,,,,,,,,,,,,,,,,,,,,,,,,,,,,,,
ray,Torpediniformes,Narcinidae,Narcine,oculifera,Narcine_oculifera,Narcine oculifera,4267,Endemic,,,,,,,,,,,,,,,,,,,,,,,,,,,,,,,,,,,,,,,
ray,Torpediniformes,Narcinidae,Narcine,prodorsalis,Narcine_prodorsalis,Narcine prodorsalis,657154,,,,,,,,,,,,,,,,,,,,,,,,,,,,,,,,,,,,,,,,
ray,Torpediniformes,Narcinidae,Narcine,rierai,Narcine_rierai,Narcine rierai,31580,Endemic,,,,,,,,,,,,,,,,,,,,,,,,,,,,,,,,,,,,,,,
ray,Torpediniformes,Narcinidae,Narcine,timlei,Narcine_timlei,Narcine timlei,875179,,,,,,,,,,,,,,,,,,,,,,,,,,,,,,,,,,,,,,,,
ray,Torpediniformes,Narcinidae,Narcine,vermiculata,Narcine_vermiculata,Narcine vermiculata,875179,,,,,,,,,,,,,,,,,,,,,,,,,,,,,,,,,,,,,,,,
ray,Torpediniformes,Narcinidae,Narcinops,lasti,Narcinops_lasti,Narcinops lasti,52574,Endemic,,,,,,,,,,,,,,,,,,,,,,,,,,,,,,,,,,,,,,,
ray,Torpediniformes,Narcinidae,Narcinops,nelsoni,Narcinops_nelsoni,Narcinops nelsoni,92718,Endemic,,,,,,,,,,,,,,,,,,,,,,,,,,,,,,,,,,,,,,,
ray,Torpediniformes,Narcinidae,Narcinops,ornata,Narcinops_ornata,Narcinops ornata,479530,,,,,,,,,,,,,,,,,,,,,,,,,,,,,,,,,,,,,,,,
ray,Torpediniformes,Narcinidae,Narcinops,tasmaniensis,Narcinops_tasmaniensis,Narcinops tasmaniensis,463164,,,,,,,,,,,,,,,,,,,,,,,,,,,,,,,,,,,,,,,,
ray,Torpediniformes,Narcinidae,Narcinops,westraliensis,Narcinops_westraliensis,Narcinops westraliensis,49141,Endemic,,,,,,,,,,,,,,,,,,,,,,,,,,,,,,,,,,,,,,,
ray,Torpediniformes,Narkidae,Electrolux,addisoni,Electrolux_addisoni,Electrolux addisoni,729,Endemic,,,,,,,,,,,,,,,,,,,,,,,,,,,,,,,,,,,,,,,
ray,Torpediniformes,Narkidae,Heteronarce,bentuviai,Heteronarce_bentuviai,Heteronarce bentuviai,634,Endemic,,,,,,,,,,,,,,,,,,,,,,,,,,,,,,,,,,,,,,,
ray,Torpediniformes,Narkidae,Heteronarce,garmani,Heteronarce_garmani,Heteronarce garmani,21498,Endemic,,,,,,,,,,,,,,,,,,,,,,,,,,,,,,,,,,,,,,,
ray,Torpediniformes,Narkidae,Heteronarce,mollis,Heteronarce_mollis,Heteronarce mollis,27518,Endemic,,,,,,,,,,,,,,,,,,,,,,,,,,,,,,,,,,,,,,,
ray,Torpediniformes,Narkidae,Narke,capensis,Narke_capensis,Narke capensis,154680,,,,,,,,,,,,,,,,,,,,,,,,,,,,,,,,,,,,,,,,
ray,Torpediniformes,Narkidae,Narke,dipterygia,Narke_dipterygia,Narke dipterygia,2026687,,,,,,,,,,,,,,,,,,,,,,,,,,,,,,,,,,,,,,,,
ray,Torpediniformes,Narkidae,Narke,japonica,Narke_japonica,Narke japonica,581802,,,,,,,,,,,,,,,,,,,,,,,,,,,,,,,,,,,,,,,,
ray,Torpediniformes,Narkidae,Temera,hardwickii,Temera_hardwickii,Temera hardwickii,106129,Endemic,,,,,,,,,,,,,,,,,,,,,,,,,,,,,,,,,,,,,,,
ray,Torpediniformes,Narkidae,Typhlonarke,aysoni,Typhlonarke_aysoni,Typhlonarke aysoni,421066,,,,,,,,,,,,,,,,,,,,,,,,,,,,,,,,,,,,,,,,
ray,Torpediniformes,Hypnidae,Hypnos,monopterygius,Hypnos_monopterygius,Hypnos monopterygius,797734,,,,,,,,,,,,,,,,,,,,,,,,,,,,,,,,,,,,,,,,
ray,Torpediniformes,Torpedinidae,Tetronarce,californica,Tetronarce_californica,Tetronarce californica,166222,,,,,,,,,,,,,,,,,,,,,,,,,,,,,,,,,,,,,,,,
ray,Torpediniformes,Torpedinidae,Tetronarce,cowleyi,Tetronarce_cowleyi,Tetronarce cowleyi,249157,,,,,,,,,,,,,,,,,,,,,,,,,,,,,,,,,,,,,,,,
ray,Torpediniformes,Torpedinidae,Tetronarce,formosa,Tetronarce_formosa,Tetronarce formosa,176847,,,,,,,,,,,,,,,,,,,,,,,,,,,,,,,,,,,,,,,,
ray,Torpediniformes,Torpedinidae,Tetronarce,nobiliana,Tetronarce_nobiliana,Tetronarce nobiliana,5177505,,,,,,,,,,,,,,,,,,,,,,,,,,,,,,,,,,,,,,,,
ray,Torpediniformes,Torpedinidae,Tetronarce,occidentalis,Tetronarce_occidentalis,Tetronarce occidentalis,778867,,,,,,,,,,,,,,,,,,,,,,,,,,,,,,,,,,,,,,,,
ray,Torpediniformes,Torpedinidae,Tetronarce,puelcha,Tetronarce_puelcha,Tetronarce puelcha,824134,,,,,,,,,,,,,,,,,,,,,,,,,,,,,,,,,,,,,,,,
ray,Torpediniformes,Torpedinidae,Tetronarce,tokionis,Tetronarce_tokionis,Tetronarce tokionis,207006,,,,,,,,,,,,,,,,,,,,,,,,,,,,,,,,,,,,,,,,
ray,Torpediniformes,Torpedinidae,Tetronarce,tremens,Tetronarce_tremens,Tetronarce tremens,239804,,,,,,,,,,,,,,,,,,,,,,,,,,,,,,,,,,,,,,,,
ray,Torpediniformes,Torpedinidae,Torpedo,adenensis,Torpedo_adenensis,Torpedo adenensis,2812,Endemic,,,,,,,,,,,,,,,,,,,,,,,,,,,,,,,,,,,,,,,
ray,Torpediniformes,Torpedinidae,Torpedo,andersoni,Torpedo_andersoni,Torpedo andersoni,270735,,,,,,,,,,,,,,,,,,,,,,,,,,,,,,,,,,,,,,,,
ray,Torpediniformes,Torpedinidae,Torpedo,bauchotae,Torpedo_bauchotae,Torpedo bauchotae,190323,,,,,,,,,,,,,,,,,,,,,,,,,,,,,,,,,,,,,,,,
ray,Torpediniformes,Torpedinidae,Torpedo,fuscomaculata,Torpedo_fuscomaculata,Torpedo fuscomaculata,246985,,,,,,,,,,,,,,,,,,,,,,,,,,,,,,,,,,,,,,,,
ray,Torpediniformes,Torpedinidae,Torpedo,mackayana,Torpedo_mackayana,Torpedo mackayana,62278,Endemic,,,,,,,,,,,,,,,,,,,,,,,,,,,,,,,,,,,,,,,
ray,Torpediniformes,Torpedinidae,Torpedo,marmorata,Torpedo_marmorata,Torpedo marmorata,1190342,,,,,,,,,,,,,,,,,,,,,,,,,,,,,,,,,,,,,,,,
ray,Torpediniformes,Torpedinidae,Torpedo,panthera,Torpedo_panthera,Torpedo panthera,,,,,,,,,,,,,,,,,,,,,,,,,,,,,,,,,,,,,,,,,
ray,Torpediniformes,Torpedinidae,Torpedo,sinuspersici,Torpedo_sinuspersici,Torpedo sinuspersici,709336,,,,,,,,,,,,,,,,,,,,,,,,,,,,,,,,,,,,,,,,
ray,Torpediniformes,Torpedinidae,Torpedo,suessii,Torpedo_suessii,Torpedo suessii,3390,Endemic,,,,,,,,,,,,,,,,,,,,,,,,,,,,,,,,,,,,,,,
ray,Torpediniformes,Torpedinidae,Torpedo,torpedo,Torpedo_torpedo,Torpedo torpedo,1175869,,,,,,,,,,,,,,,,,,,,,,,,,,,,,,,,,,,,,,,,
ray,Rhinopristiformes,Pristidae,Anoxypristis,cuspidata,Anoxypristis_cuspidata,Anoxypristis cuspidata,5690171,,,,,,,,,,,,,,,,,,,,,,,,,,,,,,,,,,,,,,,,
ray,Rhinopristiformes,Pristidae,Pristis,clavata,Pristis_clavata,Pristis clavata,900042,,,,,,,,,,,,,,,,,,,,,,,,,,,,,,,,,,,,,,,,
ray,Rhinopristiformes,Pristidae,Pristis,pectinata,Pristis_pectinata,Pristis pectinata,1979109,,,,,,,,,,,,,,,,,,,,,,,,,,,,,,,,,,,,,,,,
ray,Rhinopristiformes,Pristidae,Pristis,pristis,Pristis_pristis,Pristis pristis,5280274,,,,,,,,,,,,,,,,,,,,,,,,,,,,,,,,,,,,,,,,
ray,Rhinopristiformes,Pristidae,Pristis,zijsron,Pristis_zijsron,Pristis zijsron,5478359,,,,,,,,,,,,,,,,,,,,,,,,,,,,,,,,,,,,,,,,
ray,Rhinopristiformes,Trygonorrhinidae,Aptychotrema,rostrata,Aptychotrema_rostrata,Aptychotrema rostrata,235340,,,,,,,,,,,,,,,,,,,,,,,,,,,,,,,,,,,,,,,,
ray,Rhinopristiformes,Trygonorrhinidae,Aptychotrema,timorensis,Aptychotrema_timorensis,Aptychotrema timorensis,235340,,,,,,,,,,,,,,,,,,,,,,,,,,,,,,,,,,,,,,,,
ray,Rhinopristiformes,Trygonorrhinidae,Aptychotrema,vincentiana,Aptychotrema_vincentiana,Aptychotrema vincentiana,486793,,,,,,,,,,,,,,,,,,,,,,,,,,,,,,,,,,,,,,,,
ray,Rhinopristiformes,Trygonorrhinidae,Trygonorrhina,dumerilii,Trygonorrhina_dumerilii,Trygonorrhina dumerilii,379868,,,,,,,,,,,,,,,,,,,,,,,,,,,,,,,,,,,,,,,,
ray,Rhinopristiformes,Trygonorrhinidae,Trygonorrhina,fasciata,Trygonorrhina_fasciata,Trygonorrhina fasciata,26408,Endemic,,,,,,,,,,,,,,,,,,,,,,,,,,,,,,,,,,,,,,,
ray,Rhinopristiformes,Trygonorrhinidae,Zapteryx,brevirostris,Zapteryx_brevirostris,Zapteryx brevirostris,505783,,,,,,,,,,,,,,,,,,,,,,,,,,,,,,,,,,,,,,,,
ray,Rhinopristiformes,Trygonorrhinidae,Zapteryx,exasperata,Zapteryx_exasperata,Zapteryx exasperata,103581,Endemic,,,,,,,,,,,,,,,,,,,,,,,,,,,,,,,,,,,,,,,
ray,Rhinopristiformes,Trygonorrhinidae,Zapteryx,xyster,Zapteryx_xyster,Zapteryx xyster,176216,,,,,,,,,,,,,,,,,,,,,,,,,,,,,,,,,,,,,,,,
ray,Rhinopristiformes,Glaucostegidae,Glaucostegus,cemiculus,Glaucostegus_cemiculus,Glaucostegus cemiculus,2608928,,,,,,,,,,,,,,,,,,,,,,,,,,,,,,,,,,,,,,,,
ray,Rhinopristiformes,Glaucostegidae,Glaucostegus,granulatus,Glaucostegus_granulatus,Glaucostegus granulatus,1674093,,,,,,,,,,,,,,,,,,,,,,,,,,,,,,,,,,,,,,,,
ray,Rhinopristiformes,Glaucostegidae,Glaucostegus,halavi,Glaucostegus_halavi,Glaucostegus halavi,1077589,,,,,,,,,,,,,,,,,,,,,,,,,,,,,,,,,,,,,,,,
ray,Rhinopristiformes,Glaucostegidae,Glaucostegus,obtusus,Glaucostegus_obtusus,Glaucostegus obtusus,1266498,,,,,,,,,,,,,,,,,,,,,,,,,,,,,,,,,,,,,,,,
ray,Rhinopristiformes,Glaucostegidae,Glaucostegus,microphthalmus,Glaucostegus_microphthalmus,Glaucostegus microphthalmus,,,,,,,,,,,,,,,,,,,,,,,,,,,,,,,,,,,,,,,,,
ray,Rhinopristiformes,Glaucostegidae,Glaucostegus,petiti,Glaucostegus_petiti,Glaucostegus petiti,,,,,,,,,,,,,,,,,,,,,,,,,,,,,,,,,,,,,,,,,
ray,Rhinopristiformes,Glaucostegidae,Glaucostegus,spinosus,Glaucostegus_spinosus,Glaucostegus spinosus,,,,,,,,,,,,,,,,,,,,,,,,,,,,,,,,,,,,,,,,,
ray,Rhinopristiformes,Glaucostegidae,Glaucostegus,thouin,Glaucostegus_thouin,Glaucostegus thouin,2821189,,,,,,,,,,,,,,,,,,,,,,,,,,,,,,,,,,,,,,,,
ray,Rhinopristiformes,Glaucostegidae,Glaucostegus,typus,Glaucostegus_typus,Glaucostegus typus,9468113,,,,,,,,,,,,,,,,,,,,,,,,,,,,,,,,,,,,,,,,
ray,Rhinopristiformes,Glaucostegidae,Glaucostegus,younholeei,Glaucostegus_younholeei ,Glaucostegus younholeei,NA,,,,,,,,,,,,,,,,,,,,,,,,,,,,,,,,,,,,,,,,
ray,Rhinopristiformes,Rhinidae,Rhina,ancylostoma,Rhina_ancylostoma,Rhina ancylostoma,13863287,,,,,,,,,,,,,,,,,,,,,,,,,,,,,,,,,,,,,,,,
ray,Rhinopristiformes,Rhinidae,Rhynchobatus,australiae,Rhynchobatus_australiae,Rhynchobatus australiae,13636577,,,,,,,,,,,,,,,,,,,,,,,,,,,,,,,,,,,,,,,,
ray,Rhinopristiformes,Rhinidae,Rhynchobatus,cooki,Rhynchobatus_cooki,Rhynchobatus cooki,17358,Endemic,,,,,,,,,,,,,,,,,,,,,,,,,,,,,,,,,,,,,,,
ray,Rhinopristiformes,Rhinidae,Rhynchobatus,djiddensis,Rhynchobatus_djiddensis,Rhynchobatus djiddensis,1893987,,,,,,,,,,,,,,,,,,,,,,,,,,,,,,,,,,,,,,,,
ray,Rhinopristiformes,Rhinidae,Rhynchobatus,immaculatus,Rhynchobatus_immaculatus,Rhynchobatus immaculatus,26563,Endemic,,,,,,,,,,,,,,,,,,,,,,,,,,,,,,,,,,,,,,,
ray,Rhinopristiformes,Rhinidae,Rhynchobatus,laevis,Rhynchobatus_laevis,Rhynchobatus laevis,1615317,,,,,,,,,,,,,,,,,,,,,,,,,,,,,,,,,,,,,,,,
ray,Rhinopristiformes,Rhinidae,Rhynchobatus,luebberti,Rhynchobatus_luebberti,Rhynchobatus luebberti,626523,,,,,,,,,,,,,,,,,,,,,,,,,,,,,,,,,,,,,,,,
ray,Rhinopristiformes,Rhinidae,Rhynchobatus,mononoke,Rhynchobatus_mononoke,Rhynchobatus mononoke,,,,,,,,,,,,,,,,,,,,,,,,,,,,,,,,,,,,,,,,,
ray,Rhinopristiformes,Rhinidae,Rhynchobatus,palpebratus,Rhynchobatus_palpebratus,Rhynchobatus palpebratus,1807630,,,,,,,,,,,,,,,,,,,,,,,,,,,,,,,,,,,,,,,,
ray,Rhinopristiformes,Rhinidae,Rhynchobatus,springeri,Rhynchobatus_springeri,Rhynchobatus springeri,2433160,,,,,,,,,,,,,,,,,,,,,,,,,,,,,,,,,,,,,,,,
ray,Rhinopristiformes,Rhinidae,Rhynchorhina,mauritaniensis,Rhynchorhina_mauritaniensis,Rhynchorhina mauritaniensis,793,Endemic,,,,,,,,,,,,,,,,,,,,,,,,,,,,,,,,,,,,,,,
ray,Rhinopristiformes,Rhinobatidae,Acroteriobatus,andysabini,Acroteriobatus_andysabini,Acroteriobatus andysabini,,,,,,,,,,,,,,,,,,,,,,,,,,,,,,,,,,,,,,,,,
ray,Rhinopristiformes,Rhinobatidae,Acroteriobatus,annulatus,Acroteriobatus_annulatus,Acroteriobatus annulatus,23034,Endemic,,,,,,,,,,,,,,,,,,,,,,,,,,,,,,,,,,,,,,,
ray,Rhinopristiformes,Rhinobatidae,Acroteriobatus,blochii,Acroteriobatus_blochii,Acroteriobatus blochii,197,Endemic,,,,,,,,,,,,,,,,,,,,,,,,,,,,,,,,,,,,,,,
ray,Rhinopristiformes,Rhinobatidae,Acroteriobatus,leucospilus,Acroteriobatus_leucospilus,Acroteriobatus leucospilus,132934,Endemic,,,,,,,,,,,,,,,,,,,,,,,,,,,,,,,,,,,,,,,
ray,Rhinopristiformes,Rhinobatidae,Acroteriobatus,ocellatus,Acroteriobatus_ocellatus,Acroteriobatus ocellatus,49027,Endemic,,,,,,,,,,,,,,,,,,,,,,,,,,,,,,,,,,,,,,,
ray,Rhinopristiformes,Rhinobatidae,Acroteriobatus,omanensis,Acroteriobatus_omanensis,Acroteriobatus omanensis,39291,Endemic,,,,,,,,,,,,,,,,,,,,,,,,,,,,,,,,,,,,,,,
ray,Rhinopristiformes,Rhinobatidae,Acroteriobatus,salalah,Acroteriobatus_salalah,Acroteriobatus salalah,10827,Endemic,,,,,,,,,,,,,,,,,,,,,,,,,,,,,,,,,,,,,,,
ray,Rhinopristiformes,Rhinobatidae,Acroteriobatus,stehmanni,Acroteriobatus_stehmanni,Acroteriobatus stehmanni,,,,,,,,,,,,,,,,,,,,,,,,,,,,,,,,,,,,,,,,,
ray,Rhinopristiformes,Rhinobatidae,Acroteriobatus,variegatus,Acroteriobatus_variegatus,Acroteriobatus variegatus,164,Endemic,,,,,,,,,,,,,,,,,,,,,,,,,,,,,,,,,,,,,,,
ray,Rhinopristiformes,Rhinobatidae,Acroteriobatus,zanzibarensis,Acroteriobatus_zanzibarensis,Acroteriobatus zanzibarensis,,,,,,,,,,,,,,,,,,,,,,,,,,,,,,,,,,,,,,,,,
ray,Rhinopristiformes,Rhinobatidae,Pseudobatos,buthi,Pseudobatos_buthi,Pseudobatos buthi,5303,Endemic,,,,,,,,,,,,,,,,,,,,,,,,,,,,,,,,,,,,,,,
ray,Rhinopristiformes,Rhinobatidae,Pseudobatos,glaucostigmus,Pseudobatos_glaucostigmus,Pseudobatos glaucostigmus,162858,,,,,,,,,,,,,,,,,,,,,,,,,,,,,,,,,,,,,,,,
ray,Rhinopristiformes,Rhinobatidae,Pseudobatos,horkelii,Pseudobatos_horkelii,Pseudobatos horkelii,498752,,,,,,,,,,,,,,,,,,,,,,,,,,,,,,,,,,,,,,,,
ray,Rhinopristiformes,Rhinobatidae,Pseudobatos,lentiginosus,Pseudobatos_lentiginosus,Pseudobatos lentiginosus,419273,,,,,,,,,,,,,,,,,,,,,,,,,,,,,,,,,,,,,,,,
ray,Rhinopristiformes,Rhinobatidae,Pseudobatos,leucorhynchus,Pseudobatos_leucorhynchus,Pseudobatos leucorhynchus,73930,Endemic,,,,,,,,,,,,,,,,,,,,,,,,,,,,,,,,,,,,,,,
ray,Rhinopristiformes,Rhinobatidae,Pseudobatos,percellens,Pseudobatos_percellens,Pseudobatos percellens,727224,,,,,,,,,,,,,,,,,,,,,,,,,,,,,,,,,,,,,,,,
ray,Rhinopristiformes,Rhinobatidae,Pseudobatos,planiceps,Pseudobatos_planiceps,Pseudobatos planiceps,46062,Endemic,,,,,,,,,,,,,,,,,,,,,,,,,,,,,,,,,,,,,,,
ray,Rhinopristiformes,Rhinobatidae,Pseudobatos,prahli,Pseudobatos_prahli,Pseudobatos prahli,63396,Endemic,,,,,,,,,,,,,,,,,,,,,,,,,,,,,,,,,,,,,,,
ray,Rhinopristiformes,Rhinobatidae,Pseudobatos,productus,Pseudobatos_productus,Pseudobatos productus,63086,Endemic,,,,,,,,,,,,,,,,,,,,,,,,,,,,,,,,,,,,,,,
ray,Rhinopristiformes,Rhinobatidae,Rhinobatos,albomaculatus,Rhinobatos_albomaculatus,Rhinobatos albomaculatus,325554,,,,,,,,,,,,,,,,,,,,,,,,,,,,,,,,,,,,,,,,
ray,Rhinopristiformes,Rhinobatidae,Rhinobatos,annandalei,Rhinobatos_annandalei,Rhinobatos annandalei,249629,,,,,,,,,,,,,,,,,,,,,,,,,,,,,,,,,,,,,,,,
ray,Rhinopristiformes,Rhinobatidae,Rhinobatos,austini,Rhinobatos_austini,Rhinobatos austini,28657,Endemic,,,,,,,,,,,,,,,,,,,,,,,,,,,,,,,,,,,,,,,
ray,Rhinopristiformes,Rhinobatidae,Rhinobatos,borneensis,Rhinobatos_borneensis,Rhinobatos borneensis,133586,Endemic,,,,,,,,,,,,,,,,,,,,,,,,,,,,,,,,,,,,,,,
ray,Rhinopristiformes,Rhinobatidae,Rhinobatos,holcorhynchus,Rhinobatos_holcorhynchus,Rhinobatos holcorhynchus,29663,Endemic,,,,,,,,,,,,,,,,,,,,,,,,,,,,,,,,,,,,,,,
ray,Rhinopristiformes,Rhinobatidae,Rhinobatos,hynnicephalus,Rhinobatos_hynnicephalus,Rhinobatos hynnicephalus,169393,,,,,,,,,,,,,,,,,,,,,,,,,,,,,,,,,,,,,,,,
ray,Rhinopristiformes,Rhinobatidae,Rhinobatos,irvinei,Rhinobatos_irvinei,Rhinobatos irvinei,200945,,,,,,,,,,,,,,,,,,,,,,,,,,,,,,,,,,,,,,,,
ray,Rhinopristiformes,Rhinobatidae,Rhinobatos,jimbaranensis,Rhinobatos_jimbaranensis,Rhinobatos jimbaranensis,11575,Endemic,,,,,,,,,,,,,,,,,,,,,,,,,,,,,,,,,,,,,,,
ray,Rhinopristiformes,Rhinobatidae,Rhinobatos,lionotus,Rhinobatos_lionotus,Rhinobatos lionotus,283421,,,,,,,,,,,,,,,,,,,,,,,,,,,,,,,,,,,,,,,,
ray,Rhinopristiformes,Rhinobatidae,Rhinobatos,manai,Rhinobatos_manai,Rhinobatos manai,249,Endemic,,,,,,,,,,,,,,,,,,,,,,,,,,,,,,,,,,,,,,,
ray,Rhinopristiformes,Rhinobatidae,Rhinobatos,nudidorsalis,Rhinobatos_nudidorsalis,Rhinobatos nudidorsalis,6308,Endemic,,,,,,,,,,,,,,,,,,,,,,,,,,,,,,,,,,,,,,,
ray,Rhinopristiformes,Rhinobatidae,Rhinobatos,penggali,Rhinobatos_penggali,Rhinobatos penggali,4388,Endemic,,,,,,,,,,,,,,,,,,,,,,,,,,,,,,,,,,,,,,,
ray,Rhinopristiformes,Rhinobatidae,Rhinobatos,punctifer,Rhinobatos_punctifer,Rhinobatos punctifer,464181,,,,,,,,,,,,,,,,,,,,,,,,,,,,,,,,,,,,,,,,
ray,Rhinopristiformes,Rhinobatidae,Rhinobatos,ranongensis,Rhinobatos_ranongensis,Rhinobatos ranongensis,1926,Endemic,,,,,,,,,,,,,,,,,,,,,,,,,,,,,,,,,,,,,,,
ray,Rhinopristiformes,Rhinobatidae,Rhinobatos,rhinobatos,Rhinobatos_rhinobatos,Rhinobatos rhinobatos,971243,,,,,,,,,,,,,,,,,,,,,,,,,,,,,,,,,,,,,,,,
ray,Rhinopristiformes,Rhinobatidae,Rhinobatos,sainsburyi,Rhinobatos_sainsburyi,Rhinobatos sainsburyi,278567,,,,,,,,,,,,,,,,,,,,,,,,,,,,,,,,,,,,,,,,
ray,Rhinopristiformes,Rhinobatidae,Rhinobatos,schlegelii,Rhinobatos_schlegelii,Rhinobatos schlegelii,421823,,,,,,,,,,,,,,,,,,,,,,,,,,,,,,,,,,,,,,,,
ray,Rhinopristiformes,Rhinobatidae,Rhinobatos,whitei,Rhinobatos_whitei,Rhinobatos whitei,44823,Endemic,,,,,,,,,,,,,,,,,,,,,,,,,,,,,,,,,,,,,,,
ray,Rajiformes,Rajidae,Amblyraja,doellojuradoi,Amblyraja_doellojuradoi,Amblyraja doellojuradoi,892909,,,,,,,,,,,,,,,,,,,,,,,,,,,,,,,,,,,,,,,,
ray,Rajiformes,Rajidae,Amblyraja,frerichsi,Amblyraja_frerichsi,Amblyraja frerichsi,157367,,,,,,,,,,,,,,,,,,,,,,,,,,,,,,,,,,,,,,,,
ray,Rajiformes,Rajidae,Amblyraja,georgiana,Amblyraja_georgiana,Amblyraja georgiana,1654492,,,,,,,,,,,,,,,,,,,,,,,,,,,,,,,,,,,,,,,,
ray,Rajiformes,Rajidae,Amblyraja,hyperborea,Amblyraja_hyperborea,Amblyraja hyperborea,6165972,,,,,,,,,,,,,,,,,,,,,,,,,,,,,,,,,,,,,,,,
ray,Rajiformes,Rajidae,Amblyraja,jenseni,Amblyraja_jenseni,Amblyraja jenseni,3195082,,,,,,,,,,,,,,,,,,,,,,,,,,,,,,,,,,,,,,,,
ray,Rajiformes,Rajidae,Amblyraja,radiata,Amblyraja_radiata,Amblyraja radiata,4667900,,,,,,,,,,,,,,,,,,,,,,,,,,,,,,,,,,,,,,,,
ray,Rajiformes,Rajidae,Amblyraja,reversa,Amblyraja_reversa,Amblyraja reversa,2161,Endemic,,,,,,,,,,,,,,,,,,,,,,,,,,,,,,,,,,,,,,,
ray,Rajiformes,Rajidae,Amblyraja,taaf,Amblyraja_taaf,Amblyraja taaf,488,Endemic,,,,,,,,,,,,,,,,,,,,,,,,,,,,,,,,,,,,,,,
ray,Rajiformes,Rajidae,Beringraja,binoculata,Beringraja_binoculata,Beringraja binoculata,784742,,,,,,,,,,,,,,,,,,,,,,,,,,,,,,,,,,,,,,,,
ray,Rajiformes,Rajidae,Beringraja,cortezensis,Beringraja_cortezensis,Beringraja cortezensis,39588,Endemic,,,,,,,,,,,,,,,,,,,,,,,,,,,,,,,,,,,,,,,
ray,Rajiformes,Rajidae,Beringraja,inornata,Beringraja_inornata,Beringraja inornata,167689,,,,,,,,,,,,,,,,,,,,,,,,,,,,,,,,,,,,,,,,
ray,Rajiformes,Rajidae,Beringraja,pulchra,Beringraja_pulchra,Beringraja pulchra,1075210,,,,,,,,,,,,,,,,,,,,,,,,,,,,,,,,,,,,,,,,
ray,Rajiformes,Rajidae,Beringraja,rhina,Beringraja_rhina,Beringraja rhina,604407,,,,,,,,,,,,,,,,,,,,,,,,,,,,,,,,,,,,,,,,
ray,Rajiformes,Rajidae,Beringraja,stellulata,Beringraja_stellulata,Beringraja stellulata,96751,Endemic,,,,,,,,,,,,,,,,,,,,,,,,,,,,,,,,,,,,,,,
ray,Rajiformes,Rajidae,Breviraja,claramaculata,Breviraja_claramaculata,Breviraja claramaculata,12577,Endemic,,,,,,,,,,,,,,,,,,,,,,,,,,,,,,,,,,,,,,,
ray,Rajiformes,Rajidae,Breviraja,colesi,Breviraja_colesi,Breviraja colesi,46515,Endemic,,,,,,,,,,,,,,,,,,,,,,,,,,,,,,,,,,,,,,,
ray,Rajiformes,Rajidae,Breviraja,mouldi,Breviraja_mouldi,Breviraja mouldi,15060,Endemic,,,,,,,,,,,,,,,,,,,,,,,,,,,,,,,,,,,,,,,
ray,Rajiformes,Rajidae,Breviraja,nigriventralis,Breviraja_nigriventralis,Breviraja nigriventralis,11719,Endemic,,,,,,,,,,,,,,,,,,,,,,,,,,,,,,,,,,,,,,,
ray,Rajiformes,Rajidae,Breviraja,spinosa,Breviraja_spinosa,Breviraja spinosa,24118,Endemic,,,,,,,,,,,,,,,,,,,,,,,,,,,,,,,,,,,,,,,
ray,Rajiformes,Rajidae,Dactylobatus,armatus,Dactylobatus_armatus,Dactylobatus armatus,32981,Endemic,,,,,,,,,,,,,,,,,,,,,,,,,,,,,,,,,,,,,,,
ray,Rajiformes,Rajidae,Dactylobatus,clarkii,Dactylobatus_clarkii,Dactylobatus clarkii,145787,Endemic,,,,,,,,,,,,,,,,,,,,,,,,,,,,,,,,,,,,,,,
ray,Rajiformes,Rajidae,Dentiraja,australis,Dentiraja_australis,Dentiraja australis,35825,Endemic,,,,,,,,,,,,,,,,,,,,,,,,,,,,,,,,,,,,,,,
ray,Rajiformes,Rajidae,Dentiraja,cerva,Dentiraja_cerva,Dentiraja cerva,255163,,,,,,,,,,,,,,,,,,,,,,,,,,,,,,,,,,,,,,,,
ray,Rajiformes,Rajidae,Dentiraja,confusa,Dentiraja_confusa,Dentiraja confusa,270095,,,,,,,,,,,,,,,,,,,,,,,,,,,,,,,,,,,,,,,,
ray,Rajiformes,Rajidae,Dentiraja,endeavouri,Dentiraja_endeavouri,Dentiraja endeavouri,10594,Endemic,,,,,,,,,,,,,,,,,,,,,,,,,,,,,,,,,,,,,,,
ray,Rajiformes,Rajidae,Dentiraja,falloarga,Dentiraja_falloarga,Dentiraja falloarga,80961,Endemic,,,,,,,,,,,,,,,,,,,,,,,,,,,,,,,,,,,,,,,
ray,Rajiformes,Rajidae,Dentiraja,flindersi,Dentiraja_flindersi,Dentiraja flindersi,10558,Endemic,,,,,,,,,,,,,,,,,,,,,,,,,,,,,,,,,,,,,,,
ray,Rajiformes,Rajidae,Dentiraja,healdi,Dentiraja_healdi,Dentiraja healdi,13364,Endemic,,,,,,,,,,,,,,,,,,,,,,,,,,,,,,,,,,,,,,,
ray,Rajiformes,Rajidae,Dentiraja,lemprieri,Dentiraja_lemprieri,Dentiraja lemprieri,157177,,,,,,,,,,,,,,,,,,,,,,,,,,,,,,,,,,,,,,,,
ray,Rajiformes,Rajidae,Dentiraja,oculus,Dentiraja_oculus,Dentiraja oculus,5808,Endemic,,,,,,,,,,,,,,,,,,,,,,,,,,,,,,,,,,,,,,,
ray,Rajiformes,Rajidae,Dentiraja,polyommata,Dentiraja_polyommata,Dentiraja polyommata,39721,Endemic,,,,,,,,,,,,,,,,,,,,,,,,,,,,,,,,,,,,,,,
ray,Rajiformes,Rajidae,Dipturus,acrobelus,Dipturus_acrobelus,Dipturus acrobelus,84377,Endemic,,,,,,,,,,,,,,,,,,,,,,,,,,,,,,,,,,,,,,,
ray,Rajiformes,Rajidae,Dipturus,amphispinus,Dipturus_amphispinus,Dipturus amphispinus,84377,Endemic,,,,,,,,,,,,,,,,,,,,,,,,,,,,,,,,,,,,,,,
ray,Rajiformes,Rajidae,Dipturus,apricus,Dipturus_apricus,Dipturus apricus,58864,Endemic,,,,,,,,,,,,,,,,,,,,,,,,,,,,,,,,,,,,,,,
ray,Rajiformes,Rajidae,Dipturus,argentinensis,Dipturus_argentinensis,Dipturus argentinensis,184493,,,,,,,,,,,,,,,,,,,,,,,,,,,,,,,,,,,,,,,,
ray,Rajiformes,Rajidae,Dipturus,batis,Dipturus_batis,Dipturus batis,1595286,,,,,,,,,,,,,,,,,,,,,,,,,,,,,,,,,,,,,,,,
ray,Rajiformes,Rajidae,Dipturus,bullisi,Dipturus_bullisi,Dipturus bullisi,110457,Endemic,,,,,,,,,,,,,,,,,,,,,,,,,,,,,,,,,,,,,,,
ray,Rajiformes,Rajidae,Dipturus,brevicaudatus,Dipturus_brevicaudatus,Dipturus brevicaudatus,901438,,,,,,,,,,,,,,,,,,,,,,,,,,,,,,,,,,,,,,,,
ray,Rajiformes,Rajidae,Dipturus,campbelli,Dipturus_campbelli,Dipturus campbelli,12601,Endemic,,,,,,,,,,,,,,,,,,,,,,,,,,,,,,,,,,,,,,,
ray,Rajiformes,Rajidae,Dipturus,canutus,Dipturus_canutus,Dipturus canutus,127053,Endemic,,,,,,,,,,,,,,,,,,,,,,,,,,,,,,,,,,,,,,,
ray,Rajiformes,Rajidae,Dipturus,chilensis,Dipturus_chilensis,Dipturus chilensis,102527,Endemic,,,,,,,,,,,,,,,,,,,,,,,,,,,,,,,,,,,,,,,
ray,Rajiformes,Rajidae,Dipturus,chinensis,Dipturus_chinensis,Dipturus chinensis,207831,,,,,,,,,,,,,,,,,,,,,,,,,,,,,,,,,,,,,,,,
ray,Rajiformes,Rajidae,Dipturus,crosnieri,Dipturus_crosnieri,Dipturus crosnieri,748,Endemic,,,,,,,,,,,,,,,,,,,,,,,,,,,,,,,,,,,,,,,
ray,Rajiformes,Rajidae,Dipturus,doutrei,Dipturus_doutrei,Dipturus doutrei,500862,,,,,,,,,,,,,,,,,,,,,,,,,,,,,,,,,,,,,,,,
ray,Rajiformes,Rajidae,Dipturus,ecuadoriensis,Dipturus_ecuadoriensis,Dipturus ecuadoriensis,500862,,,,,,,,,,,,,,,,,,,,,,,,,,,,,,,,,,,,,,,,
ray,Rajiformes,Rajidae,Dipturus,garricki,Dipturus_garricki,Dipturus garricki,45528,Endemic,,,,,,,,,,,,,,,,,,,,,,,,,,,,,,,,,,,,,,,
ray,Rajiformes,Rajidae,Dipturus,gigas,Dipturus_gigas,Dipturus gigas,101232,Endemic,,,,,,,,,,,,,,,,,,,,,,,,,,,,,,,,,,,,,,,
ray,Rajiformes,Rajidae,Dipturus,grahamorum,Dipturus_grahamorum,Dipturus grahamorum,13977,Endemic,,,,,,,,,,,,,,,,,,,,,,,,,,,,,,,,,,,,,,,
ray,Rajiformes,Rajidae,Dipturus,gudgeri,Dipturus_gudgeri,Dipturus gudgeri,72193,Endemic,,,,,,,,,,,,,,,,,,,,,,,,,,,,,,,,,,,,,,,
ray,Rajiformes,Rajidae,Dipturus,innominatus,Dipturus_innominatus,Dipturus innominatus,525352,,,,,,,,,,,,,,,,,,,,,,,,,,,,,,,,,,,,,,,,
ray,Rajiformes,Rajidae,Dipturus,intermedius,Dipturus_intermedius,Dipturus intermedius,1653740,,,,,,,,,,,,,,,,,,,,,,,,,,,,,,,,,,,,,,,,
ray,Rajiformes,Rajidae,Dipturus,johannisdavisi,Dipturus_johannisdavisi,Dipturus johannisdavisi,29404,Endemic,,,,,,,,,,,,,,,,,,,,,,,,,,,,,,,,,,,,,,,
ray,Rajiformes,Rajidae,Dipturus,kwangtungensis,Dipturus_kwangtungensis,Dipturus kwangtungensis,29404,Endemic,,,,,,,,,,,,,,,,,,,,,,,,,,,,,,,,,,,,,,,
ray,Rajiformes,Rajidae,Dipturus,laevis,Dipturus_laevis,Dipturus laevis,578201,,,,,,,,,,,,,,,,,,,,,,,,,,,,,,,,,,,,,,,,
ray,Rajiformes,Rajidae,Dipturus,lamillai,Dipturus_lamillai,Dipturus lamillai,171703,,,,,,,,,,,,,,,,,,,,,,,,,,,,,,,,,,,,,,,,
ray,Rajiformes,Rajidae,Dipturus,lanceorostratus,Dipturus_lanceorostratus,Dipturus lanceorostratus,347,Endemic,,,,,,,,,,,,,,,,,,,,,,,,,,,,,,,,,,,,,,,
ray,Rajiformes,Rajidae,Dipturus,leptocaudus,Dipturus_leptocaudus,Dipturus leptocaudus,216484,,,,,,,,,,,,,,,,,,,,,,,,,,,,,,,,,,,,,,,,
ray,Rajiformes,Rajidae,Dipturus,macrocauda,Dipturus_macrocauda,Dipturus macrocauda,124681,Endemic,,,,,,,,,,,,,,,,,,,,,,,,,,,,,,,,,,,,,,,
ray,Rajiformes,Rajidae,Dipturus,maugeanus,Dipturus_maugeanus,Dipturus maugeanus,96,Endemic,,,,,,,,,,,,,,,,,,,,,,,,,,,,,,,,,,,,,,,
ray,Rajiformes,Rajidae,Dipturus,melanospilus,Dipturus_melanospilus,Dipturus melanospilus,80255,Endemic,,,,,,,,,,,,,,,,,,,,,,,,,,,,,,,,,,,,,,,
ray,Rajiformes,Rajidae,Dipturus,mennii,Dipturus_mennii,Dipturus mennii,51436,Endemic,,,,,,,,,,,,,,,,,,,,,,,,,,,,,,,,,,,,,,,
ray,Rajiformes,Rajidae,Dipturus,nasutus,Dipturus_nasutus,Dipturus nasutus,646322,,,,,,,,,,,,,,,,,,,,,,,,,,,,,,,,,,,,,,,,
ray,Rajiformes,Rajidae,Dipturus,nidarosiensis,Dipturus_nidarosiensis,Dipturus nidarosiensis,698275,,,,,,,,,,,,,,,,,,,,,,,,,,,,,,,,,,,,,,,,
ray,Rajiformes,Rajidae,Dipturus,olseni,Dipturus_olseni,Dipturus olseni,67733,Endemic,,,,,,,,,,,,,,,,,,,,,,,,,,,,,,,,,,,,,,,
ray,Rajiformes,Rajidae,Dipturus,oregoni,Dipturus_oregoni,Dipturus oregoni,31579,Endemic,,,,,,,,,,,,,,,,,,,,,,,,,,,,,,,,,,,,,,,
ray,Rajiformes,Rajidae,Dipturus,oxyrinchus,Dipturus_oxyrinchus,Dipturus oxyrinchus,802641,,,,,,,,,,,,,,,,,,,,,,,,,,,,,,,,,,,,,,,,
ray,Rajiformes,Rajidae,Dipturus,pullopunctatus,Dipturus_pullopunctatus,Dipturus pullopunctatus,226716,,,,,,,,,,,,,,,,,,,,,,,,,,,,,,,,,,,,,,,,
ray,Rajiformes,Rajidae,Dipturus,queenslandicus,Dipturus_queenslandicus,Dipturus queenslandicus,3522,Endemic,,,,,,,,,,,,,,,,,,,,,,,,,,,,,,,,,,,,,,,
ray,Rajiformes,Rajidae,Dipturus,springeri,Dipturus_springeri,Dipturus springeri,492770,,,,,,,,,,,,,,,,,,,,,,,,,,,,,,,,,,,,,,,,
ray,Rajiformes,Rajidae,Dipturus,stenorhynchus,Dipturus_stenorhynchus,Dipturus stenorhynchus,5420,Endemic,,,,,,,,,,,,,,,,,,,,,,,,,,,,,,,,,,,,,,,
ray,Rajiformes,Rajidae,Dipturus,teevani,Dipturus_teevani,Dipturus teevani,310877,,,,,,,,,,,,,,,,,,,,,,,,,,,,,,,,,,,,,,,,
ray,Rajiformes,Rajidae,Dipturus,tengu,Dipturus_tengu,Dipturus tengu,377425,,,,,,,,,,,,,,,,,,,,,,,,,,,,,,,,,,,,,,,,
ray,Rajiformes,Rajidae,Dipturus,trachydermus,Dipturus_trachydermus,Dipturus trachydermus,1176619,,,,,,,,,,,,,,,,,,,,,,,,,,,,,,,,,,,,,,,,
ray,Rajiformes,Rajidae,Dipturus,wengi,Dipturus_wengi,Dipturus wengi,93453,Endemic,,,,,,,,,,,,,,,,,,,,,,,,,,,,,,,,,,,,,,,
ray,Rajiformes,Rajidae,Dipturus,wuhanlingi,Dipturus_wuhanlingi,Dipturus wuhanlingi,210700,,,,,,,,,,,,,,,,,,,,,,,,,,,,,,,,,,,,,,,,
ray,Rajiformes,Rajidae,Hongeo,koreana,Hongeo_koreana,Hongeo koreana,10969,Endemic,,,,,,,,,,,,,,,,,,,,,,,,,,,,,,,,,,,,,,,
ray,Rajiformes,Rajidae,Leucoraja,circularis,Leucoraja_circularis,Leucoraja circularis,1271491,,,,,,,,,,,,,,,,,,,,,,,,,,,,,,,,,,,,,,,,
ray,Rajiformes,Rajidae,Leucoraja,compagnoi,Leucoraja_compagnoi,Leucoraja compagnoi,3975,Endemic,,,,,,,,,,,,,,,,,,,,,,,,,,,,,,,,,,,,,,,
ray,Rajiformes,Rajidae,Leucoraja,elaineae,Leucoraja_elaineae,Leucoraja elaineae,3975,Endemic,,,,,,,,,,,,,,,,,,,,,,,,,,,,,,,,,,,,,,,
ray,Rajiformes,Rajidae,Leucoraja,erinacea,Leucoraja_erinacea,Leucoraja erinacea,436610,,,,,,,,,,,,,,,,,,,,,,,,,,,,,,,,,,,,,,,,
ray,Rajiformes,Rajidae,Leucoraja,fullonica,Leucoraja_fullonica,Leucoraja fullonica,1272940,,,,,,,,,,,,,,,,,,,,,,,,,,,,,,,,,,,,,,,,
ray,Rajiformes,Rajidae,Leucoraja,garmani,Leucoraja_garmani,Leucoraja garmani,314555,,,,,,,,,,,,,,,,,,,,,,,,,,,,,,,,,,,,,,,,
ray,Rajiformes,Rajidae,Leucoraja,lentiginosa,Leucoraja_lentiginosa,Leucoraja lentiginosa,123536,Endemic,,,,,,,,,,,,,,,,,,,,,,,,,,,,,,,,,,,,,,,
ray,Rajiformes,Rajidae,Leucoraja,leucosticta,Leucoraja_leucosticta,Leucoraja leucosticta,172117,,,,,,,,,,,,,,,,,,,,,,,,,,,,,,,,,,,,,,,,
ray,Rajiformes,Rajidae,Leucoraja,longirostris,Leucoraja_longirostris,Leucoraja longirostris,,,,,,,,,,,,,,,,,,,,,,,,,,,,,,,,,,,,,,,,,
ray,Rajiformes,Rajidae,Leucoraja,melitensis,Leucoraja_melitensis,Leucoraja melitensis,142311,Endemic,,,,,,,,,,,,,,,,,,,,,,,,,,,,,,,,,,,,,,,
ray,Rajiformes,Rajidae,Leucoraja,naevus,Leucoraja_naevus,Leucoraja naevus,1453727,,,,,,,,,,,,,,,,,,,,,,,,,,,,,,,,,,,,,,,,
ray,Rajiformes,Rajidae,Leucoraja,ocellata,Leucoraja_ocellata,Leucoraja ocellata,1396071,,,,,,,,,,,,,,,,,,,,,,,,,,,,,,,,,,,,,,,,
ray,Rajiformes,Rajidae,Leucoraja,pristispina,Leucoraja_pristispina,Leucoraja pristispina,88549,Endemic,,,,,,,,,,,,,,,,,,,,,,,,,,,,,,,,,,,,,,,
ray,Rajiformes,Rajidae,Leucoraja,wallacei,Leucoraja_wallacei,Leucoraja wallacei,242769,,,,,,,,,,,,,,,,,,,,,,,,,,,,,,,,,,,,,,,,
ray,Rajiformes,Rajidae,Leucoraja,yucatanensis,Leucoraja_yucatanensis,Leucoraja yucatanensis,3233,Endemic,,,,,,,,,,,,,,,,,,,,,,,,,,,,,,,,,,,,,,,
ray,Rajiformes,Rajidae,Malacoraja,kreffti,Malacoraja_kreffti,Malacoraja kreffti,40233,Endemic,,,,,,,,,,,,,,,,,,,,,,,,,,,,,,,,,,,,,,,
ray,Rajiformes,Rajidae,Malacoraja,obscura,Malacoraja_obscura,Malacoraja obscura,2453,Endemic,,,,,,,,,,,,,,,,,,,,,,,,,,,,,,,,,,,,,,,
ray,Rajiformes,Rajidae,Malacoraja,senta,Malacoraja_senta,Malacoraja senta,1385644,,,,,,,,,,,,,,,,,,,,,,,,,,,,,,,,,,,,,,,,
ray,Rajiformes,Rajidae,Malacoraja,spinacidermis,Malacoraja_spinacidermis,Malacoraja spinacidermis,1133248,,,,,,,,,,,,,,,,,,,,,,,,,,,,,,,,,,,,,,,,
ray,Rajiformes,Rajidae,Neoraja,africana,Neoraja_africana,Neoraja africana,17166,Endemic,,,,,,,,,,,,,,,,,,,,,,,,,,,,,,,,,,,,,,,
ray,Rajiformes,Rajidae,Neoraja,caerulea,Neoraja_caerulea,Neoraja caerulea,99492,Endemic,,,,,,,,,,,,,,,,,,,,,,,,,,,,,,,,,,,,,,,
ray,Rajiformes,Rajidae,Neoraja,carolinensis,Neoraja_carolinensis,Neoraja carolinensis,99492,Endemic,,,,,,,,,,,,,,,,,,,,,,,,,,,,,,,,,,,,,,,
ray,Rajiformes,Rajidae,Neoraja,iberica,Neoraja_iberica,Neoraja iberica,27569,Endemic,,,,,,,,,,,,,,,,,,,,,,,,,,,,,,,,,,,,,,,
ray,Rajiformes,Rajidae,Neoraja,stehmanni,Neoraja_stehmanni,Neoraja stehmanni,111686,Endemic,,,,,,,,,,,,,,,,,,,,,,,,,,,,,,,,,,,,,,,
ray,Rajiformes,Rajidae,Okamejei,acutispina,Okamejei_acutispina,Okamejei acutispina,598125,,,,,,,,,,,,,,,,,,,,,,,,,,,,,,,,,,,,,,,,
ray,Rajiformes,Rajidae,Okamejei,arafurensis,Okamejei_arafurensis,Okamejei arafurensis,34015,Endemic,,,,,,,,,,,,,,,,,,,,,,,,,,,,,,,,,,,,,,,
ray,Rajiformes,Rajidae,Okamejei,boesemani,Okamejei_boesemani,Okamejei boesemani,1051613,,,,,,,,,,,,,,,,,,,,,,,,,,,,,,,,,,,,,,,,
ray,Rajiformes,Rajidae,Okamejei,cairae,Okamejei_cairae,Okamejei cairae,137896,Endemic,,,,,,,,,,,,,,,,,,,,,,,,,,,,,,,,,,,,,,,
ray,Rajiformes,Rajidae,Okamejei,heemstrai,Okamejei_heemstrai,Okamejei heemstrai,8343,Endemic,,,,,,,,,,,,,,,,,,,,,,,,,,,,,,,,,,,,,,,
ray,Rajiformes,Rajidae,Okamejei,hollandi,Okamejei_hollandi,Okamejei hollandi,101048,Endemic,,,,,,,,,,,,,,,,,,,,,,,,,,,,,,,,,,,,,,,
ray,Rajiformes,Rajidae,Okamejei,kenojei,Okamejei_kenojei,Okamejei kenojei,897591,,,,,,,,,,,,,,,,,,,,,,,,,,,,,,,,,,,,,,,,
ray,Rajiformes,Rajidae,Okamejei,leptoura,Okamejei_leptoura,Okamejei leptoura,134594,Endemic,,,,,,,,,,,,,,,,,,,,,,,,,,,,,,,,,,,,,,,
ray,Rajiformes,Rajidae,Okamejei,meerdervoortii,Okamejei_meerdervoortii,Okamejei meerdervoortii,368231,,,,,,,,,,,,,,,,,,,,,,,,,,,,,,,,,,,,,,,,
ray,Rajiformes,Rajidae,Okamejei,mengae,Okamejei_mengae,Okamejei mengae,420,Endemic,,,,,,,,,,,,,,,,,,,,,,,,,,,,,,,,,,,,,,,
ray,Rajiformes,Rajidae,Okamejei,ornata,Okamejei_ornata,Okamejei ornata,608,Endemic,,,,,,,,,,,,,,,,,,,,,,,,,,,,,,,,,,,,,,,
ray,Rajiformes,Rajidae,Okamejei,panayensis,Okamejei_panayensis,Okamejei panayensis,,,,,,,,,,,,,,,,,,,,,,,,,,,,,,,,,,,,,,,,,
ray,Rajiformes,Rajidae,Okamejei,picta,Okamejei_picta,Okamejei picta,,,,,,,,,,,,,,,,,,,,,,,,,,,,,,,,,,,,,,,,,
ray,Rajiformes,Rajidae,Okamejei,schmidti,Okamejei_schmidti,Okamejei schmidti,4885,Endemic,,,,,,,,,,,,,,,,,,,,,,,,,,,,,,,,,,,,,,,
ray,Rajiformes,Rajidae,Orbiraja,jensenae,Orbiraja_jensenae,Orbiraja jensenae,520,Endemic,,,,,,,,,,,,,,,,,,,,,,,,,,,,,,,,,,,,,,,
ray,Rajiformes,Rajidae,Orbiraja,philipi,Orbiraja_philipi,Orbiraja philipi,520,Endemic,,,,,,,,,,,,,,,,,,,,,,,,,,,,,,,,,,,,,,,
ray,Rajiformes,Rajidae,Orbiraja,powelli,Orbiraja_powelli,Orbiraja powelli,399444,,,,,,,,,,,,,,,,,,,,,,,,,,,,,,,,,,,,,,,,
ray,Rajiformes,Rajidae,Raja,africana,Raja_africana,Raja africana,261360168,,,,,,,,,,,,,,,,,,,,,,,,,,,,,,,,,,,,,,,,
ray,Rajiformes,Rajidae,Raja,asterias,Raja_asterias,Raja asterias,685619,,,,,,,,,,,,,,,,,,,,,,,,,,,,,,,,,,,,,,,,
ray,Rajiformes,Rajidae,Raja,brachyura,Raja_brachyura,Raja brachyura,685619,,,,,,,,,,,,,,,,,,,,,,,,,,,,,,,,,,,,,,,,
ray,Rajiformes,Rajidae,Raja,clavata,Raja_clavata,Raja clavata,685619,,,,,,,,,,,,,,,,,,,,,,,,,,,,,,,,,,,,,,,,
ray,Rajiformes,Rajidae,Raja,herwigi,Raja_herwigi,Raja herwigi,2747,Endemic,,,,,,,,,,,,,,,,,,,,,,,,,,,,,,,,,,,,,,,
ray,Rajiformes,Rajidae,Raja,maderensis,Raja_maderensis,Raja maderensis,352,Endemic,,,,,,,,,,,,,,,,,,,,,,,,,,,,,,,,,,,,,,,
ray,Rajiformes,Rajidae,Raja,mauritaniensus,Raja_mauritaniensus,Raja mauritaniensus,,,,,,,,,,,,,,,,,,,,,,,,,,,,,,,,,,,,,,,,,
ray,Rajiformes,Rajidae,Raja,microocellata,Raja_microocellata,Raja microocellata,352,Endemic,,,,,,,,,,,,,,,,,,,,,,,,,,,,,,,,,,,,,,,
ray,Rajiformes,Rajidae,Raja,miraletus,Raja_miraletus,Raja miraletus,766540,,,,,,,,,,,,,,,,,,,,,,,,,,,,,,,,,,,,,,,,
ray,Rajiformes,Rajidae,Raja,montagui,Raja_montagui,Raja montagui,766540,,,,,,,,,,,,,,,,,,,,,,,,,,,,,,,,,,,,,,,,
ray,Rajiformes,Rajidae,Raja,ocellifera,Raja_ocellifera,Raja ocellifera,29759,Endemic,,,,,,,,,,,,,,,,,,,,,,,,,,,,,,,,,,,,,,,
ray,Rajiformes,Rajidae,Raja,parva,Raja_parva,Raja parva,228176,,,,,,,,,,,,,,,,,,,,,,,,,,,,,,,,,,,,,,,,
ray,Rajiformes,Rajidae,Raja,pita,Raja_pita,Raja pita,253,Endemic,,,,,,,,,,,,,,,,,,,,,,,,,,,,,,,,,,,,,,,
ray,Rajiformes,Rajidae,Raja,polystigma,Raja_polystigma,Raja polystigma,371831,,,,,,,,,,,,,,,,,,,,,,,,,,,,,,,,,,,,,,,,
ray,Rajiformes,Rajidae,Raja,radula,Raja_radula,Raja radula,515189,,,,,,,,,,,,,,,,,,,,,,,,,,,,,,,,,,,,,,,,
ray,Rajiformes,Rajidae,Raja,straeleni,Raja_straeleni,Raja straeleni,790500,,,,,,,,,,,,,,,,,,,,,,,,,,,,,,,,,,,,,,,,
ray,Rajiformes,Rajidae,Raja,undulata,Raja_undulata,Raja undulata,790500,,,,,,,,,,,,,,,,,,,,,,,,,,,,,,,,,,,,,,,,
ray,Rajiformes,Rajidae,Rajella,annandalei,Rajella_annandalei,Rajella annandalei,2191,Endemic,,,,,,,,,,,,,,,,,,,,,,,,,,,,,,,,,,,,,,,
ray,Rajiformes,Rajidae,Rajella,barnardi,Rajella_barnardi,Rajella barnardi,897719,,,,,,,,,,,,,,,,,,,,,,,,,,,,,,,,,,,,,,,,
ray,Rajiformes,Rajidae,Rajella,bathyphila,Rajella_bathyphila,Rajella bathyphila,1437572,,,,,,,,,,,,,,,,,,,,,,,,,,,,,,,,,,,,,,,,
ray,Rajiformes,Rajidae,Rajella,bigelowi,Rajella_bigelowi,Rajella bigelowi,2214013,,,,,,,,,,,,,,,,,,,,,,,,,,,,,,,,,,,,,,,,
ray,Rajiformes,Rajidae,Rajella,caudaspinosa,Rajella_caudaspinosa,Rajella caudaspinosa,246405,,,,,,,,,,,,,,,,,,,,,,,,,,,,,,,,,,,,,,,,
ray,Rajiformes,Rajidae,Rajella,challengeri,Rajella_challengeri,Rajella challengeri,41846,Endemic,,,,,,,,,,,,,,,,,,,,,,,,,,,,,,,,,,,,,,,
ray,Rajiformes,Rajidae,Rajella,dissimilis,Rajella_dissimilis,Rajella dissimilis,555562,,,,,,,,,,,,,,,,,,,,,,,,,,,,,,,,,,,,,,,,
ray,Rajiformes,Rajidae,Rajella,eisenhardti,Rajella_eisenhardti,Rajella eisenhardti,45,Endemic,,,,,,,,,,,,,,,,,,,,,,,,,,,,,,,,,,,,,,,
ray,Rajiformes,Rajidae,Rajella,fuliginea,Rajella_fuliginea,Rajella fuliginea,411069,,,,,,,,,,,,,,,,,,,,,,,,,,,,,,,,,,,,,,,,
ray,Rajiformes,Rajidae,Rajella,fyllae,Rajella_fyllae,Rajella fyllae,4534398,,,,,,,,,,,,,,,,,,,,,,,,,,,,,,,,,,,,,,,,
ray,Rajiformes,Rajidae,Rajella,kukujevi,Rajella_kukujevi,Rajella kukujevi,196588,,,,,,,,,,,,,,,,,,,,,,,,,,,,,,,,,,,,,,,,
ray,Rajiformes,Rajidae,Rajella,leoparda,Rajella_leoparda,Rajella leoparda,880884,,,,,,,,,,,,,,,,,,,,,,,,,,,,,,,,,,,,,,,,
ray,Rajiformes,Rajidae,Rajella,lintea,Rajella_lintea,Rajella lintea,1754543,,,,,,,,,,,,,,,,,,,,,,,,,,,,,,,,,,,,,,,,
ray,Rajiformes,Rajidae,Rajella,nigerrima,Rajella_nigerrima,Rajella nigerrima,48291,Endemic,,,,,,,,,,,,,,,,,,,,,,,,,,,,,,,,,,,,,,,
ray,Rajiformes,Rajidae,Rajella,paucispinosa,Rajella_paucispinosa,Rajella paucispinosa,4,Endemic,,,,,,,,,,,,,,,,,,,,,,,,,,,,,,,,,,,,,,,
ray,Rajiformes,Rajidae,Rajella,purpuriventralis,Rajella_purpuriventralis,Rajella purpuriventralis,20474,Endemic,,,,,,,,,,,,,,,,,,,,,,,,,,,,,,,,,,,,,,,
ray,Rajiformes,Rajidae,Rajella,ravidula,Rajella_ravidula,Rajella ravidula,143851,Endemic,,,,,,,,,,,,,,,,,,,,,,,,,,,,,,,,,,,,,,,
ray,Rajiformes,Rajidae,Rajella,sadowskii,Rajella_sadowskii,Rajella sadowskii,25735,Endemic,,,,,,,,,,,,,,,,,,,,,,,,,,,,,,,,,,,,,,,
ray,Rajiformes,Rajidae,Rostroraja,ackleyi,Rostroraja_ackleyi,Rostroraja ackleyi,3783,Endemic,,,,,,,,,,,,,,,,,,,,,,,,,,,,,,,,,,,,,,,
ray,Rajiformes,Rajidae,Rostroraja,alba,Rostroraja_alba,Rostroraja alba,3783,Endemic,,,,,,,,,,,,,,,,,,,,,,,,,,,,,,,,,,,,,,,
ray,Rajiformes,Rajidae,Rostroraja,bahamensis,Rostroraja_bahamensis,Rostroraja bahamensis,74,Endemic,,,,,,,,,,,,,,,,,,,,,,,,,,,,,,,,,,,,,,,
ray,Rajiformes,Rajidae,Rostroraja,cervigoni,Rostroraja_cervigoni,Rostroraja cervigoni,109190,Endemic,,,,,,,,,,,,,,,,,,,,,,,,,,,,,,,,,,,,,,,
ray,Rajiformes,Rajidae,Rostroraja,eglanteria,Rostroraja_eglanteria,Rostroraja eglanteria,701244,,,,,,,,,,,,,,,,,,,,,,,,,,,,,,,,,,,,,,,,
ray,Rajiformes,Rajidae,Rostroraja,equatorialis,Rostroraja_equatorialis,Rostroraja equatorialis,185673,,,,,,,,,,,,,,,,,,,,,,,,,,,,,,,,,,,,,,,,
ray,Rajiformes,Rajidae,Rostroraja,texana,Rostroraja_texana,Rostroraja texana,298282,,,,,,,,,,,,,,,,,,,,,,,,,,,,,,,,,,,,,,,,
ray,Rajiformes,Rajidae,Rostroraja,velezi,Rostroraja_velezi,Rostroraja velezi,101976,Endemic,,,,,,,,,,,,,,,,,,,,,,,,,,,,,,,,,,,,,,,
ray,Rajiformes,Rajidae,Spiniraja,whitleyi,Spiniraja_whitleyi,Spiniraja whitleyi,530443,,,,,,,,,,,,,,,,,,,,,,,,,,,,,,,,,,,,,,,,
ray,Rajiformes,Arhynchobatidae,Arctoraja,sexoculata,Arctoraja_sexoculata,Arctoraja sexoculata,NA,,,,,,,,,,,,,,,,,,,,,,,,,,,,,,,,,,,,,,,,
ray,Rajiformes,Arhynchobatidae,Arhynchobatis,asperrimus,Arhynchobatis_asperrimus,Arhynchobatis asperrimus,57240,Endemic,,,,,,,,,,,,,,,,,,,,,,,,,,,,,,,,,,,,,,,
ray,Rajiformes,Arhynchobatidae,Atlantoraja,castelnaui,Atlantoraja_castelnaui,Atlantoraja castelnaui,661711,,,,,,,,,,,,,,,,,,,,,,,,,,,,,,,,,,,,,,,,
ray,Rajiformes,Arhynchobatidae,Atlantoraja,cyclophora,Atlantoraja_cyclophora,Atlantoraja cyclophora,551670,,,,,,,,,,,,,,,,,,,,,,,,,,,,,,,,,,,,,,,,
ray,Rajiformes,Arhynchobatidae,Atlantoraja,platana,Atlantoraja_platana,Atlantoraja platana,737749,,,,,,,,,,,,,,,,,,,,,,,,,,,,,,,,,,,,,,,,
ray,Rajiformes,Arhynchobatidae,Bathyraja,abyssicola,Bathyraja_abyssicola,Bathyraja abyssicola,926037,,,,,,,,,,,,,,,,,,,,,,,,,,,,,,,,,,,,,,,,
ray,Rajiformes,Arhynchobatidae,Bathyraja,aguja,Bathyraja_aguja,Bathyraja aguja,926037,,,,,,,,,,,,,,,,,,,,,,,,,,,,,,,,,,,,,,,,
ray,Rajiformes,Arhynchobatidae,Bathyraja,albomaculata,Bathyraja_albomaculata,Bathyraja albomaculata,320254,,,,,,,,,,,,,,,,,,,,,,,,,,,,,,,,,,,,,,,,
ray,Rajiformes,Arhynchobatidae,Bathyraja,aleutica,Bathyraja_aleutica,Bathyraja aleutica,836870,,,,,,,,,,,,,,,,,,,,,,,,,,,,,,,,,,,,,,,,
ray,Rajiformes,Arhynchobatidae,Bathyraja,andriashevi,Bathyraja_andriashevi,Bathyraja andriashevi,116647,Endemic,,,,,,,,,,,,,,,,,,,,,,,,,,,,,,,,,,,,,,,
ray,Rajiformes,Arhynchobatidae,Bathyraja,arctowski,Bathyraja_arctowski,Bathyraja arctowski,,,,,,,,,,,,,,,,,,,,,,,,,,,,,,,,,,,,,,,,,
ray,Rajiformes,Arhynchobatidae,Bathyraja,bergi,Bathyraja_bergi,Bathyraja bergi,468863,,,,,,,,,,,,,,,,,,,,,,,,,,,,,,,,,,,,,,,,
ray,Rajiformes,Arhynchobatidae,Bathyraja,brachyurops,Bathyraja_brachyurops,Bathyraja brachyurops,1058317,,,,,,,,,,,,,,,,,,,,,,,,,,,,,,,,,,,,,,,,
ray,Rajiformes,Arhynchobatidae,Bathyraja,cousseauae,Bathyraja_cousseauae,Bathyraja cousseauae,516483,,,,,,,,,,,,,,,,,,,,,,,,,,,,,,,,,,,,,,,,
ray,Rajiformes,Arhynchobatidae,Bathyraja,diplotaenia,Bathyraja_diplotaenia,Bathyraja diplotaenia,86201,Endemic,,,,,,,,,,,,,,,,,,,,,,,,,,,,,,,,,,,,,,,
ray,Rajiformes,Arhynchobatidae,Bathyraja,eatonii,Bathyraja_eatonii,Bathyraja eatonii,276487,,,,,,,,,,,,,,,,,,,,,,,,,,,,,,,,,,,,,,,,
ray,Rajiformes,Arhynchobatidae,Bathyraja,fedorovi,Bathyraja_fedorovi,Bathyraja fedorovi,773207,,,,,,,,,,,,,,,,,,,,,,,,,,,,,,,,,,,,,,,,
ray,Rajiformes,Arhynchobatidae,Bathyraja,griseocauda,Bathyraja_griseocauda,Bathyraja griseocauda,1303588,,,,,,,,,,,,,,,,,,,,,,,,,,,,,,,,,,,,,,,,
ray,Rajiformes,Arhynchobatidae,Bathyraja,hesperafricana,Bathyraja_hesperafricana,Bathyraja hesperafricana,31409,Endemic,,,,,,,,,,,,,,,,,,,,,,,,,,,,,,,,,,,,,,,
ray,Rajiformes,Arhynchobatidae,Bathyraja,interrupta,Bathyraja_interrupta,Bathyraja interrupta,194579,,,,,,,,,,,,,,,,,,,,,,,,,,,,,,,,,,,,,,,,
ray,Rajiformes,Arhynchobatidae,Bathyraja,irrasa,Bathyraja_irrasa,Bathyraja irrasa,39909,Endemic,,,,,,,,,,,,,,,,,,,,,,,,,,,,,,,,,,,,,,,
ray,Rajiformes,Arhynchobatidae,Bathyraja,ishiharai,Bathyraja_ishiharai,Bathyraja ishiharai,2655,Endemic,,,,,,,,,,,,,,,,,,,,,,,,,,,,,,,,,,,,,,,
ray,Rajiformes,Arhynchobatidae,Bathyraja,isotrachys,Bathyraja_isotrachys,Bathyraja isotrachys,1425018,,,,,,,,,,,,,,,,,,,,,,,,,,,,,,,,,,,,,,,,
ray,Rajiformes,Arhynchobatidae,Bathyraja,kincaidii,Bathyraja_kincaidii,Bathyraja kincaidii,136328,Endemic,,,,,,,,,,,,,,,,,,,,,,,,,,,,,,,,,,,,,,,
ray,Rajiformes,Arhynchobatidae,Bathyraja,leucomelanos,Bathyraja_leucomelanos,Bathyraja leucomelanos,1407,Endemic,,,,,,,,,,,,,,,,,,,,,,,,,,,,,,,,,,,,,,,
ray,Rajiformes,Arhynchobatidae,Bathyraja,lindbergi,Bathyraja_lindbergi,Bathyraja lindbergi,449171,,,,,,,,,,,,,,,,,,,,,,,,,,,,,,,,,,,,,,,,
ray,Rajiformes,Arhynchobatidae,Bathyraja,longicauda,Bathyraja_longicauda,Bathyraja longicauda,449171,,,,,,,,,,,,,,,,,,,,,,,,,,,,,,,,,,,,,,,,
ray,Rajiformes,Arhynchobatidae,Bathyraja,maccaini,Bathyraja_maccaini,Bathyraja maccaini,243892,,,,,,,,,,,,,,,,,,,,,,,,,,,,,,,,,,,,,,,,
ray,Rajiformes,Arhynchobatidae,Bathyraja,macloviana,Bathyraja_macloviana,Bathyraja macloviana,846526,,,,,,,,,,,,,,,,,,,,,,,,,,,,,,,,,,,,,,,,
ray,Rajiformes,Arhynchobatidae,Bathyraja,maculata,Bathyraja_maculata,Bathyraja maculata,1276659,,,,,,,,,,,,,,,,,,,,,,,,,,,,,,,,,,,,,,,,
ray,Rajiformes,Arhynchobatidae,Bathyraja,magellanica,Bathyraja_magellanica,Bathyraja magellanica,768386,,,,,,,,,,,,,,,,,,,,,,,,,,,,,,,,,,,,,,,,
ray,Rajiformes,Arhynchobatidae,Bathyraja,mariposa,Bathyraja_mariposa,Bathyraja mariposa,10524,Endemic,,,,,,,,,,,,,,,,,,,,,,,,,,,,,,,,,,,,,,,
ray,Rajiformes,Arhynchobatidae,Bathyraja,matsubarai,Bathyraja_matsubarai,Bathyraja matsubarai,96339,Endemic,,,,,,,,,,,,,,,,,,,,,,,,,,,,,,,,,,,,,,,
ray,Rajiformes,Arhynchobatidae,Bathyraja,meridionalis,Bathyraja_meridionalis,Bathyraja meridionalis,775896,,,,,,,,,,,,,,,,,,,,,,,,,,,,,,,,,,,,,,,,
ray,Rajiformes,Arhynchobatidae,Bathyraja,microtrachys,Bathyraja_microtrachys,Bathyraja microtrachys,42324,Endemic,,,,,,,,,,,,,,,,,,,,,,,,,,,,,,,,,,,,,,,
ray,Rajiformes,Arhynchobatidae,Bathyraja,minispinosa,Bathyraja_minispinosa,Bathyraja minispinosa,947114,,,,,,,,,,,,,,,,,,,,,,,,,,,,,,,,,,,,,,,,
ray,Rajiformes,Arhynchobatidae,Bathyraja,multispinis,Bathyraja_multispinis,Bathyraja multispinis,1115225,,,,,,,,,,,,,,,,,,,,,,,,,,,,,,,,,,,,,,,,
ray,Rajiformes,Arhynchobatidae,Bathyraja,murrayi,Bathyraja_murrayi,Bathyraja murrayi,117879,Endemic,,,,,,,,,,,,,,,,,,,,,,,,,,,,,,,,,,,,,,,
ray,Rajiformes,Arhynchobatidae,Bathyraja,pacifica,Bathyraja_pacifica,Bathyraja pacifica,1084,Endemic,,,,,,,,,,,,,,,,,,,,,,,,,,,,,,,,,,,,,,,
ray,Rajiformes,Arhynchobatidae,Bathyraja,pallida,Bathyraja_pallida,Bathyraja pallida,4652,Endemic,,,,,,,,,,,,,,,,,,,,,,,,,,,,,,,,,,,,,,,
ray,Rajiformes,Arhynchobatidae,Bathyraja,panthera,Bathyraja_panthera,Bathyraja panthera,9310,Endemic,,,,,,,,,,,,,,,,,,,,,,,,,,,,,,,,,,,,,,,
ray,Rajiformes,Arhynchobatidae,Bathyraja,papilionifera,Bathyraja_papilionifera,Bathyraja papilionifera,33067,Endemic,,,,,,,,,,,,,,,,,,,,,,,,,,,,,,,,,,,,,,,
ray,Rajiformes,Arhynchobatidae,Bathyraja,parmifera,Bathyraja_parmifera,Bathyraja parmifera,2114325,,,,,,,,,,,,,,,,,,,,,,,,,,,,,,,,,,,,,,,,
ray,Rajiformes,Arhynchobatidae,Bathyraja,peruana,Bathyraja_peruana,Bathyraja peruana,82995,Endemic,,,,,,,,,,,,,,,,,,,,,,,,,,,,,,,,,,,,,,,
ray,Rajiformes,Arhynchobatidae,Bathyraja,richardsoni,Bathyraja_richardsoni,Bathyraja richardsoni,1542873,,,,,,,,,,,,,,,,,,,,,,,,,,,,,,,,,,,,,,,,
ray,Rajiformes,Arhynchobatidae,Bathyraja,scaphiops,Bathyraja_scaphiops,Bathyraja scaphiops,499769,,,,,,,,,,,,,,,,,,,,,,,,,,,,,,,,,,,,,,,,
ray,Rajiformes,Arhynchobatidae,Bathyraja,schroederi,Bathyraja_schroederi,Bathyraja schroederi,65700,Endemic,,,,,,,,,,,,,,,,,,,,,,,,,,,,,,,,,,,,,,,
ray,Rajiformes,Arhynchobatidae,Bathyraja,shuntovi,Bathyraja_shuntovi,Bathyraja shuntovi,450044,,,,,,,,,,,,,,,,,,,,,,,,,,,,,,,,,,,,,,,,
ray,Rajiformes,Arhynchobatidae,Bathyraja,smirnovi,Bathyraja_smirnovi,Bathyraja smirnovi,1490130,,,,,,,,,,,,,,,,,,,,,,,,,,,,,,,,,,,,,,,,
ray,Rajiformes,Arhynchobatidae,Bathyraja,smithii,Bathyraja_smithii,Bathyraja smithii,104083,Endemic,,,,,,,,,,,,,,,,,,,,,,,,,,,,,,,,,,,,,,,
ray,Rajiformes,Arhynchobatidae,Bathyraja,spinicauda,Bathyraja_spinicauda,Bathyraja spinicauda,3677629,,,,,,,,,,,,,,,,,,,,,,,,,,,,,,,,,,,,,,,,
ray,Rajiformes,Arhynchobatidae,Bathyraja,spinosissima,Bathyraja_spinosissima,Bathyraja spinosissima,336790,,,,,,,,,,,,,,,,,,,,,,,,,,,,,,,,,,,,,,,,
ray,Rajiformes,Arhynchobatidae,Bathyraja,taranetzi,Bathyraja_taranetzi,Bathyraja taranetzi,156897,,,,,,,,,,,,,,,,,,,,,,,,,,,,,,,,,,,,,,,,
ray,Rajiformes,Arhynchobatidae,Bathyraja,trachouros,Bathyraja_trachouros,Bathyraja trachouros,69826,Endemic,,,,,,,,,,,,,,,,,,,,,,,,,,,,,,,,,,,,,,,
ray,Rajiformes,Arhynchobatidae,Bathyraja,trachura,Bathyraja_trachura,Bathyraja trachura,1877112,,,,,,,,,,,,,,,,,,,,,,,,,,,,,,,,,,,,,,,,
ray,Rajiformes,Arhynchobatidae,Bathyraja,tunae,Bathyraja_tunae,Bathyraja tunae,5004,Endemic,,,,,,,,,,,,,,,,,,,,,,,,,,,,,,,,,,,,,,,
ray,Rajiformes,Arhynchobatidae,Bathyraja,tzinovskii,Bathyraja_tzinovskii,Bathyraja tzinovskii,39511,Endemic,,,,,,,,,,,,,,,,,,,,,,,,,,,,,,,,,,,,,,,
ray,Rajiformes,Arhynchobatidae,Bathyraja,violacea,Bathyraja_violacea,Bathyraja violacea,1024017,,,,,,,,,,,,,,,,,,,,,,,,,,,,,,,,,,,,,,,,
ray,Rajiformes,Arhynchobatidae,Brochiraja,aenigma,Brochiraja_aenigma,Brochiraja aenigma,237,Endemic,,,,,,,,,,,,,,,,,,,,,,,,,,,,,,,,,,,,,,,
ray,Rajiformes,Arhynchobatidae,Brochiraja,albilabiata,Brochiraja_albilabiata,Brochiraja albilabiata,458,Endemic,,,,,,,,,,,,,,,,,,,,,,,,,,,,,,,,,,,,,,,
ray,Rajiformes,Arhynchobatidae,Brochiraja,asperula,Brochiraja_asperula,Brochiraja asperula,638853,,,,,,,,,,,,,,,,,,,,,,,,,,,,,,,,,,,,,,,,
ray,Rajiformes,Arhynchobatidae,Brochiraja,heuresa,Brochiraja_heuresa,Brochiraja heuresa,15105,Endemic,,,,,,,,,,,,,,,,,,,,,,,,,,,,,,,,,,,,,,,
ray,Rajiformes,Arhynchobatidae,Brochiraja,leviveneta,Brochiraja_leviveneta,Brochiraja leviveneta,722188,,,,,,,,,,,,,,,,,,,,,,,,,,,,,,,,,,,,,,,,
ray,Rajiformes,Arhynchobatidae,Brochiraja,microspinifera,Brochiraja_microspinifera,Brochiraja microspinifera,13411,Endemic,,,,,,,,,,,,,,,,,,,,,,,,,,,,,,,,,,,,,,,
ray,Rajiformes,Arhynchobatidae,Brochiraja,spinifera,Brochiraja_spinifera,Brochiraja spinifera,200954,,,,,,,,,,,,,,,,,,,,,,,,,,,,,,,,,,,,,,,,
ray,Rajiformes,Arhynchobatidae,Brochiraja,vittacauda,Brochiraja_vittacauda,Brochiraja vittacauda,1436,Endemic,,,,,,,,,,,,,,,,,,,,,,,,,,,,,,,,,,,,,,,
ray,Rajiformes,Arhynchobatidae,Insentiraja,laxipella,Insentiraja_laxipella,Insentiraja laxipella,NA,,,,,,,,,,,,,,,,,,,,,,,,,,,,,,,,,,,,,,,,
ray,Rajiformes,Arhynchobatidae,Insentiraja,subtilispinosa,Insentiraja_subtilispinosa,Insentiraja subtilispinosa,79657,Endemic,,,,,,,,,,,,,,,,,,,,,,,,,,,,,,,,,,,,,,,
ray,Rajiformes,Arhynchobatidae,Irolita,waitii,Irolita_waitii,Irolita waitii,172356,,,,,,,,,,,,,,,,,,,,,,,,,,,,,,,,,,,,,,,,
ray,Rajiformes,Arhynchobatidae,Irolita,westraliensis,Irolita_westraliensis,Irolita westraliensis,14299,Endemic,,,,,,,,,,,,,,,,,,,,,,,,,,,,,,,,,,,,,,,
ray,Rajiformes,Arhynchobatidae,Notoraja,alisae,Notoraja_alisae,Notoraja alisae,25343,Endemic,,,,,,,,,,,,,,,,,,,,,,,,,,,,,,,,,,,,,,,
ray,Rajiformes,Arhynchobatidae,Notoraja,azurea,Notoraja_azurea,Notoraja azurea,90015,Endemic,,,,,,,,,,,,,,,,,,,,,,,,,,,,,,,,,,,,,,,
ray,Rajiformes,Arhynchobatidae,Notoraja,fijiensis,Notoraja_fijiensis,Notoraja fijiensis,1092,Endemic,,,,,,,,,,,,,,,,,,,,,,,,,,,,,,,,,,,,,,,
ray,Rajiformes,Arhynchobatidae,Notoraja,hesperindica,Notoraja_hesperindica,Notoraja hesperindica,,,,,,,,,,,,,,,,,,,,,,,,,,,,,,,,,,,,,,,,,
ray,Rajiformes,Arhynchobatidae,Notoraja,hirticauda,Notoraja_hirticauda,Notoraja hirticauda,9296,Endemic,,,,,,,,,,,,,,,,,,,,,,,,,,,,,,,,,,,,,,,
ray,Rajiformes,Arhynchobatidae,Notoraja,inusitata,Notoraja_inusitata,Notoraja inusitata,671,Endemic,,,,,,,,,,,,,,,,,,,,,,,,,,,,,,,,,,,,,,,
ray,Rajiformes,Arhynchobatidae,Notoraja,lira,Notoraja_lira,Notoraja lira,71,Endemic,,,,,,,,,,,,,,,,,,,,,,,,,,,,,,,,,,,,,,,
ray,Rajiformes,Arhynchobatidae,Notoraja,longiventralis,Notoraja_longiventralis,Notoraja longiventralis,6455,Endemic,,,,,,,,,,,,,,,,,,,,,,,,,,,,,,,,,,,,,,,
ray,Rajiformes,Arhynchobatidae,Notoraja,martinezi,Notoraja_martinezi,Notoraja martinezi,12332,Endemic,,,,,,,,,,,,,,,,,,,,,,,,,,,,,,,,,,,,,,,
ray,Rajiformes,Arhynchobatidae,Notoraja,ochroderma,Notoraja_ochroderma,Notoraja ochroderma,149,Endemic,,,,,,,,,,,,,,,,,,,,,,,,,,,,,,,,,,,,,,,
ray,Rajiformes,Arhynchobatidae,Notoraja,sapphira,Notoraja_sapphira,Notoraja sapphira,5733,Endemic,,,,,,,,,,,,,,,,,,,,,,,,,,,,,,,,,,,,,,,
ray,Rajiformes,Arhynchobatidae,Notoraja,sereti,Notoraja_sereti,Notoraja sereti,105,Endemic,,,,,,,,,,,,,,,,,,,,,,,,,,,,,,,,,,,,,,,
ray,Rajiformes,Arhynchobatidae,Notoraja,sticta,Notoraja_sticta,Notoraja sticta,16062,Endemic,,,,,,,,,,,,,,,,,,,,,,,,,,,,,,,,,,,,,,,
ray,Rajiformes,Arhynchobatidae,Notoraja,tobitukai,Notoraja_tobitukai,Notoraja tobitukai,120079,Endemic,,,,,,,,,,,,,,,,,,,,,,,,,,,,,,,,,,,,,,,
ray,Rajiformes,Arhynchobatidae,Pavoraja,alleni,Pavoraja_alleni,Pavoraja alleni,9254,Endemic,,,,,,,,,,,,,,,,,,,,,,,,,,,,,,,,,,,,,,,
ray,Rajiformes,Arhynchobatidae,Pavoraja,arenaria,Pavoraja_arenaria,Pavoraja arenaria,27805,Endemic,,,,,,,,,,,,,,,,,,,,,,,,,,,,,,,,,,,,,,,
ray,Rajiformes,Arhynchobatidae,Pavoraja,mosaica,Pavoraja_mosaica,Pavoraja mosaica,32371,Endemic,,,,,,,,,,,,,,,,,,,,,,,,,,,,,,,,,,,,,,,
ray,Rajiformes,Arhynchobatidae,Pavoraja,nitida,Pavoraja_nitida,Pavoraja nitida,384707,,,,,,,,,,,,,,,,,,,,,,,,,,,,,,,,,,,,,,,,
ray,Rajiformes,Arhynchobatidae,Pavoraja,pseudonitida,Pavoraja_pseudonitida,Pavoraja pseudonitida,43488,Endemic,,,,,,,,,,,,,,,,,,,,,,,,,,,,,,,,,,,,,,,
ray,Rajiformes,Arhynchobatidae,Pavoraja,umbrosa,Pavoraja_umbrosa,Pavoraja umbrosa,907,Endemic,,,,,,,,,,,,,,,,,,,,,,,,,,,,,,,,,,,,,,,
ray,Rajiformes,Arhynchobatidae,Psammobatis,bergi,Psammobatis_bergi,Psammobatis bergi,423490,,,,,,,,,,,,,,,,,,,,,,,,,,,,,,,,,,,,,,,,
ray,Rajiformes,Arhynchobatidae,Psammobatis,extenta,Psammobatis_extenta,Psammobatis extenta,819789,,,,,,,,,,,,,,,,,,,,,,,,,,,,,,,,,,,,,,,,
ray,Rajiformes,Arhynchobatidae,Psammobatis,lentiginosa,Psammobatis_lentiginosa,Psammobatis lentiginosa,567034,,,,,,,,,,,,,,,,,,,,,,,,,,,,,,,,,,,,,,,,
ray,Rajiformes,Arhynchobatidae,Psammobatis,normani,Psammobatis_normani,Psammobatis normani,634508,,,,,,,,,,,,,,,,,,,,,,,,,,,,,,,,,,,,,,,,
ray,Rajiformes,Arhynchobatidae,Psammobatis,parvacauda,Psammobatis_parvacauda,Psammobatis parvacauda,634508,,,,,,,,,,,,,,,,,,,,,,,,,,,,,,,,,,,,,,,,
ray,Rajiformes,Arhynchobatidae,Psammobatis,rudis,Psammobatis_rudis,Psammobatis rudis,950661,,,,,,,,,,,,,,,,,,,,,,,,,,,,,,,,,,,,,,,,
ray,Rajiformes,Arhynchobatidae,Psammobatis,rutrum,Psammobatis_rutrum,Psammobatis rutrum,461484,,,,,,,,,,,,,,,,,,,,,,,,,,,,,,,,,,,,,,,,
ray,Rajiformes,Arhynchobatidae,Psammobatis,scobina,Psammobatis_scobina,Psammobatis scobina,102110,Endemic,,,,,,,,,,,,,,,,,,,,,,,,,,,,,,,,,,,,,,,
ray,Rajiformes,Arhynchobatidae,Pseudoraja,fischeri,Pseudoraja_fischeri,Pseudoraja fischeri,4899,Endemic,,,,,,,,,,,,,,,,,,,,,,,,,,,,,,,,,,,,,,,
ray,Rajiformes,Arhynchobatidae,Rhinoraja,kujiensis,Rhinoraja_kujiensis,Rhinoraja kujiensis,98144,Endemic,,,,,,,,,,,,,,,,,,,,,,,,,,,,,,,,,,,,,,,
ray,Rajiformes,Arhynchobatidae,Rhinoraja,longicauda,Rhinoraja_longicauda,Rhinoraja longicauda,7138,Endemic,,,,,,,,,,,,,,,,,,,,,,,,,,,,,,,,,,,,,,,
ray,Rajiformes,Arhynchobatidae,Rhinoraja,odai,Rhinoraja_odai,Rhinoraja odai,18851,Endemic,,,,,,,,,,,,,,,,,,,,,,,,,,,,,,,,,,,,,,,
ray,Rajiformes,Arhynchobatidae,Rioraja,agassizii,Rioraja_agassizii,Rioraja agassizii,649065,,,,,,,,,,,,,,,,,,,,,,,,,,,,,,,,,,,,,,,,
ray,Rajiformes,Arhynchobatidae,Sympterygia,acuta,Sympterygia_acuta,Sympterygia acuta,478915,,,,,,,,,,,,,,,,,,,,,,,,,,,,,,,,,,,,,,,,
ray,Rajiformes,Arhynchobatidae,Sympterygia,bonapartii,Sympterygia_bonapartii,Sympterygia bonapartii,1095181,,,,,,,,,,,,,,,,,,,,,,,,,,,,,,,,,,,,,,,,
ray,Rajiformes,Arhynchobatidae,Sympterygia,brevicaudata,Sympterygia_brevicaudata,Sympterygia brevicaudata,36159,Endemic,,,,,,,,,,,,,,,,,,,,,,,,,,,,,,,,,,,,,,,
ray,Rajiformes,Arhynchobatidae,Sympterygia,lima,Sympterygia_lima,Sympterygia lima,1570,Endemic,,,,,,,,,,,,,,,,,,,,,,,,,,,,,,,,,,,,,,,
ray,Rajiformes,Gurgesiellidae,Cruriraja,andamanica,Cruriraja_andamanica,Cruriraja andamanica,2481,Endemic,,,,,,,,,,,,,,,,,,,,,,,,,,,,,,,,,,,,,,,
ray,Rajiformes,Gurgesiellidae,Cruriraja,atlantis,Cruriraja_atlantis,Cruriraja atlantis,22395,Endemic,,,,,,,,,,,,,,,,,,,,,,,,,,,,,,,,,,,,,,,
ray,Rajiformes,Gurgesiellidae,Cruriraja,cadenati,Cruriraja_cadenati,Cruriraja cadenati,10866,Endemic,,,,,,,,,,,,,,,,,,,,,,,,,,,,,,,,,,,,,,,
ray,Rajiformes,Gurgesiellidae,Cruriraja,durbanensis,Cruriraja_durbanensis,Cruriraja durbanensis,8,Endemic,,,,,,,,,,,,,,,,,,,,,,,,,,,,,,,,,,,,,,,
ray,Rajiformes,Gurgesiellidae,Cruriraja,hulleyi,Cruriraja_hulleyi,Cruriraja hulleyi,222099,,,,,,,,,,,,,,,,,,,,,,,,,,,,,,,,,,,,,,,,
ray,Rajiformes,Gurgesiellidae,Cruriraja,parcomaculata,Cruriraja_parcomaculata,Cruriraja parcomaculata,55971,Endemic,,,,,,,,,,,,,,,,,,,,,,,,,,,,,,,,,,,,,,,
ray,Rajiformes,Gurgesiellidae,Cruriraja,poeyi,Cruriraja_poeyi,Cruriraja poeyi,94855,Endemic,,,,,,,,,,,,,,,,,,,,,,,,,,,,,,,,,,,,,,,
ray,Rajiformes,Gurgesiellidae,Cruriraja,rugosa,Cruriraja_rugosa,Cruriraja rugosa,356100,,,,,,,,,,,,,,,,,,,,,,,,,,,,,,,,,,,,,,,,
ray,Rajiformes,Gurgesiellidae,Fenestraja,atripinna,Fenestraja_atripinna,Fenestraja atripinna,46660,Endemic,,,,,,,,,,,,,,,,,,,,,,,,,,,,,,,,,,,,,,,
ray,Rajiformes,Gurgesiellidae,Fenestraja,cubensis,Fenestraja_cubensis,Fenestraja cubensis,67074,Endemic,,,,,,,,,,,,,,,,,,,,,,,,,,,,,,,,,,,,,,,
ray,Rajiformes,Gurgesiellidae,Fenestraja,ishiyamai,Fenestraja_ishiyamai,Fenestraja ishiyamai,44724,Endemic,,,,,,,,,,,,,,,,,,,,,,,,,,,,,,,,,,,,,,,
ray,Rajiformes,Gurgesiellidae,Fenestraja,maceachrani,Fenestraja_maceachrani,Fenestraja maceachrani,175,Endemic,,,,,,,,,,,,,,,,,,,,,,,,,,,,,,,,,,,,,,,
ray,Rajiformes,Gurgesiellidae,Fenestraja,mamillidens,Fenestraja_mamillidens,Fenestraja mamillidens,10,Endemic,,,,,,,,,,,,,,,,,,,,,,,,,,,,,,,,,,,,,,,
ray,Rajiformes,Gurgesiellidae,Fenestraja,plutonia,Fenestraja_plutonia,Fenestraja plutonia,98060,Endemic,,,,,,,,,,,,,,,,,,,,,,,,,,,,,,,,,,,,,,,
ray,Rajiformes,Gurgesiellidae,Fenestraja,sibogae,Fenestraja_sibogae,Fenestraja sibogae,14,Endemic,,,,,,,,,,,,,,,,,,,,,,,,,,,,,,,,,,,,,,,
ray,Rajiformes,Gurgesiellidae,Fenestraja,sinusmexicanus,Fenestraja_sinusmexicanus,Fenestraja sinusmexicanus,238760,,,,,,,,,,,,,,,,,,,,,,,,,,,,,,,,,,,,,,,,
ray,Rajiformes,Gurgesiellidae,Gurgesiella,atlantica,Gurgesiella_atlantica,Gurgesiella atlantica,105725,Endemic,,,,,,,,,,,,,,,,,,,,,,,,,,,,,,,,,,,,,,,
ray,Rajiformes,Gurgesiellidae,Gurgesiella,dorsalifera,Gurgesiella_dorsalifera,Gurgesiella dorsalifera,22592,Endemic,,,,,,,,,,,,,,,,,,,,,,,,,,,,,,,,,,,,,,,
ray,Rajiformes,Gurgesiellidae,Gurgesiella,furvescens,Gurgesiella_furvescens,Gurgesiella furvescens,67883,Endemic,,,,,,,,,,,,,,,,,,,,,,,,,,,,,,,,,,,,,,,
ray,Rajiformes,Anacanthobatidae,Anacanthobatis,marmorata,Anacanthobatis_marmorata,Anacanthobatis marmorata,4945,Endemic,,,,,,,,,,,,,,,,,,,,,,,,,,,,,,,,,,,,,,,
ray,Rajiformes,Anacanthobatidae,Indobatis,ori,Indobatis_ori,Indobatis ori,7597,Endemic,,,,,,,,,,,,,,,,,,,,,,,,,,,,,,,,,,,,,,,
ray,Rajiformes,Anacanthobatidae,Schroederobatis,americana,Schroederobatis_americana,Schroederobatis americana,132348,Endemic,,,,,,,,,,,,,,,,,,,,,,,,,,,,,,,,,,,,,,,
ray,Rajiformes,Anacanthobatidae,Sinobatis,andamanensis,Sinobatis_andamanensis,Sinobatis andamanensis,205,Endemic,,,,,,,,,,,,,,,,,,,,,,,,,,,,,,,,,,,,,,,
ray,Rajiformes,Anacanthobatidae,Sinobatis,borneensis,Sinobatis_borneensis,Sinobatis borneensis,103077,Endemic,,,,,,,,,,,,,,,,,,,,,,,,,,,,,,,,,,,,,,,
ray,Rajiformes,Anacanthobatidae,Sinobatis,brevicauda,Sinobatis_brevicauda,Sinobatis brevicauda,3007,Endemic,,,,,,,,,,,,,,,,,,,,,,,,,,,,,,,,,,,,,,,
ray,Rajiformes,Anacanthobatidae,Sinobatis,bulbicauda,Sinobatis_bulbicauda,Sinobatis bulbicauda,214525,,,,,,,,,,,,,,,,,,,,,,,,,,,,,,,,,,,,,,,,
ray,Rajiformes,Anacanthobatidae,Sinobatis,caerulea,Sinobatis_caerulea,Sinobatis caerulea,35281,Endemic,,,,,,,,,,,,,,,,,,,,,,,,,,,,,,,,,,,,,,,
ray,Rajiformes,Anacanthobatidae,Sinobatis,filicauda,Sinobatis_filicauda,Sinobatis filicauda,6423,Endemic,,,,,,,,,,,,,,,,,,,,,,,,,,,,,,,,,,,,,,,
ray,Rajiformes,Anacanthobatidae,Sinobatis,kotlyari,Sinobatis_kotlyari,Sinobatis kotlyari,6423,Endemic,,,,,,,,,,,,,,,,,,,,,,,,,,,,,,,,,,,,,,,
ray,Rajiformes,Anacanthobatidae,Sinobatis,melanosoma,Sinobatis_melanosoma,Sinobatis melanosoma,116839,Endemic,,,,,,,,,,,,,,,,,,,,,,,,,,,,,,,,,,,,,,,
ray,Rajiformes,Anacanthobatidae,Sinobatis,stenosoma,Sinobatis_stenosoma,Sinobatis stenosoma,13392,Endemic,,,,,,,,,,,,,,,,,,,,,,,,,,,,,,,,,,,,,,,
ray,Rajiformes,Anacanthobatidae,Springeria,folirostris,Springeria_folirostris,Springeria folirostris,1674,Endemic,,,,,,,,,,,,,,,,,,,,,,,,,,,,,,,,,,,,,,,
ray,Rajiformes,Anacanthobatidae,Springeria,longirostris,Springeria_longirostris,Springeria longirostris,49609,Endemic,,,,,,,,,,,,,,,,,,,,,,,,,,,,,,,,,,,,,,,
ray,Myliobatiformes,Zanobatidae,Zanobatus,maculatus,Zanobatus_maculatus,Zanobatus maculatus,58642,Endemic,,,,,,,,,,,,,,,,,,,,,,,,,,,,,,,,,,,,,,,
ray,Myliobatiformes,Zanobatidae,Zanobatus,schoenleinii,Zanobatus_schoenleinii,Zanobatus schoenleinii,210750,,,,,,,,,,,,,,,,,,,,,,,,,,,,,,,,,,,,,,,,
ray,Myliobatiformes,Hexatrygonidae,Hexatrygon,bickelli,Hexatrygon_bickelli,Hexatrygon bickelli,659462,,,,,,,,,,,,,,,,,,,,,,,,,,,,,,,,,,,,,,,,
ray,Myliobatiformes,Dasyatidae,Bathytoshia,brevicaudata,Bathytoshia_brevicaudata,Bathytoshia brevicaudata,1778225,,,,,,,,,,,,,,,,,,,,,,,,,,,,,,,,,,,,,,,,
ray,Myliobatiformes,Dasyatidae,Bathytoshia,centroura,Bathytoshia_centroura,Bathytoshia centroura,1563800,,,,,,,,,,,,,,,,,,,,,,,,,,,,,,,,,,,,,,,,
ray,Myliobatiformes,Dasyatidae,Bathytoshia,lata,Bathytoshia_lata,Bathytoshia lata,3590688,,,,,,,,,,,,,,,,,,,,,,,,,,,,,,,,,,,,,,,,
ray,Myliobatiformes,Dasyatidae,Brevitrygon,heterura,Brevitrygon_heterura,Brevitrygon heterura,1309737,,,,,,,,,,,,,,,,,,,,,,,,,,,,,,,,,,,,,,,,
ray,Myliobatiformes,Dasyatidae,Brevitrygon,imbricata,Brevitrygon_imbricata,Brevitrygon imbricata,388955,,,,,,,,,,,,,,,,,,,,,,,,,,,,,,,,,,,,,,,,
ray,Myliobatiformes,Dasyatidae,Brevitrygon,javaensis,Brevitrygon_javaensis,Brevitrygon javaensis,4868,Endemic,,,,,,,,,,,,,,,,,,,,,,,,,,,,,,,,,,,,,,,
ray,Myliobatiformes,Dasyatidae,Brevitrygon,manjajiae,Brevitrygon_manjajiae,Brevitrygon manjajiae,,,,,,,,,,,,,,,,,,,,,,,,,,,,,,,,,,,,,,,,,
ray,Myliobatiformes,Dasyatidae,Brevitrygon,walga,Brevitrygon_walga,Brevitrygon walga,393569,,,,,,,,,,,,,,,,,,,,,,,,,,,,,,,,,,,,,,,,
ray,Myliobatiformes,Dasyatidae,Dasyatis,chrysonota,Dasyatis_chrysonota,Dasyatis chrysonota,70744,Endemic,,,,,,,,,,,,,,,,,,,,,,,,,,,,,,,,,,,,,,,
ray,Myliobatiformes,Dasyatidae,Dasyatis,hypostigma,Dasyatis_hypostigma,Dasyatis hypostigma,276081,,,,,,,,,,,,,,,,,,,,,,,,,,,,,,,,,,,,,,,,
ray,Myliobatiformes,Dasyatidae,Dasyatis,marmorata,Dasyatis_marmorata,Dasyatis marmorata,279689,,,,,,,,,,,,,,,,,,,,,,,,,,,,,,,,,,,,,,,,
ray,Myliobatiformes,Dasyatidae,Dasyatis,pastinaca,Dasyatis_pastinaca,Dasyatis pastinaca,2079026,,,,,,,,,,,,,,,,,,,,,,,,,,,,,,,,,,,,,,,,
ray,Myliobatiformes,Dasyatidae,Dasyatis,tortonesei,Dasyatis_tortonesei,Dasyatis tortonesei,78049,Endemic,,,,,,,,,,,,,,,,,,,,,,,,,,,,,,,,,,,,,,,
ray,Myliobatiformes,Dasyatidae,Fluvitrygon,kittipongi,Fluvitrygon_kittipongi,Fluvitrygon kittipongi,68971,Endemic,,,,,,,,,,,,,,,,,,,,,,,,,,,,,,,,,,,,,,,
ray,Myliobatiformes,Dasyatidae,Fluvitrygon,oxyrhynchus,Fluvitrygon_oxyrhynchus,Fluvitrygon oxyrhynchus,68971,Endemic,,,,,,,,,,,,,,,,,,,,,,,,,,,,,,,,,,,,,,,
ray,Myliobatiformes,Dasyatidae,Fluvitrygon,signifer,Fluvitrygon_signifer,Fluvitrygon signifer,68971,Endemic,,,,,,,,,,,,,,,,,,,,,,,,,,,,,,,,,,,,,,,
ray,Myliobatiformes,Dasyatidae,Fontitrygon,colarensis,Fontitrygon_colarensis,Fontitrygon colarensis,40279,Endemic,,,,,,,,,,,,,,,,,,,,,,,,,,,,,,,,,,,,,,,
ray,Myliobatiformes,Dasyatidae,Fontitrygon,garouaensis,Fontitrygon_garouaensis,Fontitrygon garouaensis,40279,Endemic,,,,,,,,,,,,,,,,,,,,,,,,,,,,,,,,,,,,,,,
ray,Myliobatiformes,Dasyatidae,Fontitrygon,geijskesi,Fontitrygon_geijskesi,Fontitrygon geijskesi,104748,Endemic,,,,,,,,,,,,,,,,,,,,,,,,,,,,,,,,,,,,,,,
ray,Myliobatiformes,Dasyatidae,Fontitrygon,margarita,Fontitrygon_margarita,Fontitrygon margarita,237498,,,,,,,,,,,,,,,,,,,,,,,,,,,,,,,,,,,,,,,,
ray,Myliobatiformes,Dasyatidae,Fontitrygon,margaritella,Fontitrygon_margaritella,Fontitrygon margaritella,187728,,,,,,,,,,,,,,,,,,,,,,,,,,,,,,,,,,,,,,,,
ray,Myliobatiformes,Dasyatidae,Fontitrygon,ukpam,Fontitrygon_ukpam,Fontitrygon ukpam,115173,Endemic,,,,,,,,,,,,,,,,,,,,,,,,,,,,,,,,,,,,,,,
ray,Myliobatiformes,Dasyatidae,Hemitrygon,akajei,Hemitrygon_akajei,Hemitrygon akajei,950647,,,,,,,,,,,,,,,,,,,,,,,,,,,,,,,,,,,,,,,,
ray,Myliobatiformes,Dasyatidae,Hemitrygon,bennettii,Hemitrygon_bennettii,Hemitrygon bennettii,230746,,,,,,,,,,,,,,,,,,,,,,,,,,,,,,,,,,,,,,,,
ray,Myliobatiformes,Dasyatidae,Hemitrygon,fluviorum,Hemitrygon_fluviorum,Hemitrygon fluviorum,591288,,,,,,,,,,,,,,,,,,,,,,,,,,,,,,,,,,,,,,,,
ray,Myliobatiformes,Dasyatidae,Hemitrygon,izuensis,Hemitrygon_izuensis,Hemitrygon izuensis,7769,Endemic,,,,,,,,,,,,,,,,,,,,,,,,,,,,,,,,,,,,,,,
ray,Myliobatiformes,Dasyatidae,Hemitrygon,laevigata,Hemitrygon_laevigata,Hemitrygon laevigata,130735,Endemic,,,,,,,,,,,,,,,,,,,,,,,,,,,,,,,,,,,,,,,
ray,Myliobatiformes,Dasyatidae,Hemitrygon,laosensis,Hemitrygon_laosensis,Hemitrygon laosensis,130735,Endemic,,,,,,,,,,,,,,,,,,,,,,,,,,,,,,,,,,,,,,,
ray,Myliobatiformes,Dasyatidae,Hemitrygon,longicauda,Hemitrygon_longicauda,Hemitrygon longicauda,56704,Endemic,,,,,,,,,,,,,,,,,,,,,,,,,,,,,,,,,,,,,,,
ray,Myliobatiformes,Dasyatidae,Hemitrygon,navarrae,Hemitrygon_navarrae,Hemitrygon navarrae,391926,,,,,,,,,,,,,,,,,,,,,,,,,,,,,,,,,,,,,,,,
ray,Myliobatiformes,Dasyatidae,Hemitrygon,parvonigra,Hemitrygon_parvonigra,Hemitrygon parvonigra,21643,Endemic,,,,,,,,,,,,,,,,,,,,,,,,,,,,,,,,,,,,,,,
ray,Myliobatiformes,Dasyatidae,Hemitrygon,sinensis,Hemitrygon_sinensis,Hemitrygon sinensis,363826,,,,,,,,,,,,,,,,,,,,,,,,,,,,,,,,,,,,,,,,
ray,Myliobatiformes,Dasyatidae,Hemitrygon,yemenensis,Hemitrygon_yemenensis,Hemitrygon yemenensis,363826,,,,,,,,,,,,,,,,,,,,,,,,,,,,,,,,,,,,,,,,
ray,Myliobatiformes,Dasyatidae,Himantura,australis,Himantura_australis,Himantura australis,916489,,,,,,,,,,,,,,,,,,,,,,,,,,,,,,,,,,,,,,,,
ray,Myliobatiformes,Dasyatidae,Himantura,leoparda,Himantura_leoparda,Himantura leoparda,2865997,,,,,,,,,,,,,,,,,,,,,,,,,,,,,,,,,,,,,,,,
ray,Myliobatiformes,Dasyatidae,Himantura,uarnak,Himantura_uarnak,Himantura uarnak,2445016,,,,,,,,,,,,,,,,,,,,,,,,,,,,,,,,,,,,,,,,
ray,Myliobatiformes,Dasyatidae,Himantura,undulata,Himantura_undulata,Himantura undulata,1982776,,,,,,,,,,,,,,,,,,,,,,,,,,,,,,,,,,,,,,,,
ray,Myliobatiformes,Dasyatidae,Hypanus,americanus,Hypanus_americanus,Hypanus americanus,1233624,,,,,,,,,,,,,,,,,,,,,,,,,,,,,,,,,,,,,,,,
ray,Myliobatiformes,Dasyatidae,Hypanus,berthalutzae,Hypanus_berthalutzae,Hypanus berthalutzae,325417,,,,,,,,,,,,,,,,,,,,,,,,,,,,,,,,,,,,,,,,
ray,Myliobatiformes,Dasyatidae,Hypanus,dipterurus,Hypanus_dipterurus,Hypanus dipterurus,197448,,,,,,,,,,,,,,,,,,,,,,,,,,,,,,,,,,,,,,,,
ray,Myliobatiformes,Dasyatidae,Hypanus,guttatus,Hypanus_guttatus,Hypanus guttatus,864881,,,,,,,,,,,,,,,,,,,,,,,,,,,,,,,,,,,,,,,,
ray,Myliobatiformes,Dasyatidae,Hypanus,longus,Hypanus_longus,Hypanus longus,118772,Endemic,,,,,,,,,,,,,,,,,,,,,,,,,,,,,,,,,,,,,,,
ray,Myliobatiformes,Dasyatidae,Hypanus,marianae,Hypanus_marianae,Hypanus marianae,107816,Endemic,,,,,,,,,,,,,,,,,,,,,,,,,,,,,,,,,,,,,,,
ray,Myliobatiformes,Dasyatidae,Hypanus,robioi,Hypanus_rubioi,Hypanus robioi,,,,,,,,,,,,,,,,,,,,,,,,,,,,,,,,,,,,,,,,,
ray,Myliobatiformes,Dasyatidae,Hypanus,rudis,Hypanus_rudis,Hypanus rudis,74164,Endemic,,,,,,,,,,,,,,,,,,,,,,,,,,,,,,,,,,,,,,,
ray,Myliobatiformes,Dasyatidae,Hypanus,sabinus,Hypanus_sabinus,Hypanus sabinus,292362,,,,,,,,,,,,,,,,,,,,,,,,,,,,,,,,,,,,,,,,
ray,Myliobatiformes,Dasyatidae,Hypanus,say,Hypanus_say,Hypanus say,1182021,,,,,,,,,,,,,,,,,,,,,,,,,,,,,,,,,,,,,,,,
ray,Myliobatiformes,Dasyatidae,Maculabatis,ambigua,Maculabatis_ambigua,Maculabatis ambigua,182079,,,,,,,,,,,,,,,,,,,,,,,,,,,,,,,,,,,,,,,,
ray,Myliobatiformes,Dasyatidae,Maculabatis,arabica,Maculabatis_arabica,Maculabatis arabica,231698,,,,,,,,,,,,,,,,,,,,,,,,,,,,,,,,,,,,,,,,
ray,Myliobatiformes,Dasyatidae,Maculabatis,astra,Maculabatis_astra,Maculabatis astra,1873954,,,,,,,,,,,,,,,,,,,,,,,,,,,,,,,,,,,,,,,,
ray,Myliobatiformes,Dasyatidae,Maculabatis,bineeshi,Maculabatis_bineeshi,Maculabatis bineeshi,149548,,,,,,,,,,,,,,,,,,,,,,,,,,,,,,,,,,,,,,,,
ray,Myliobatiformes,Dasyatidae,Maculabatis,gerrardi,Maculabatis_gerrardi,Maculabatis gerrardi,2314034,,,,,,,,,,,,,,,,,,,,,,,,,,,,,,,,,,,,,,,,
ray,Myliobatiformes,Dasyatidae,Maculabatis,macrura,Maculabatis_macrura,Maculabatis macrura,2009744,,,,,,,,,,,,,,,,,,,,,,,,,,,,,,,,,,,,,,,,
ray,Myliobatiformes,Dasyatidae,Maculabatis,pastinacoides,Maculabatis_pastinacoides,Maculabatis pastinacoides,1371097,,,,,,,,,,,,,,,,,,,,,,,,,,,,,,,,,,,,,,,,
ray,Myliobatiformes,Dasyatidae,Maculabatis,randalli,Maculabatis_randalli,Maculabatis randalli,190664,,,,,,,,,,,,,,,,,,,,,,,,,,,,,,,,,,,,,,,,
ray,Myliobatiformes,Dasyatidae,Maculabatis,toshi,Maculabatis_toshi,Maculabatis toshi,649742,,,,,,,,,,,,,,,,,,,,,,,,,,,,,,,,,,,,,,,,
ray,Myliobatiformes,Dasyatidae,Makararaja,chindwinensis,Makararaja_chindwinensis,Makararaja chindwinensis,649742,,,,,,,,,,,,,,,,,,,,,,,,,,,,,,,,,,,,,,,,
ray,Myliobatiformes,Dasyatidae,Megatrygon,microps,Megatrygon_microps,Megatrygon microps,911184,,,,,,,,,,,,,,,,,,,,,,,,,,,,,,,,,,,,,,,,
ray,Myliobatiformes,Dasyatidae,Neotrygon,annotata,Neotrygon_annotata,Neotrygon annotata,273394,,,,,,,,,,,,,,,,,,,,,,,,,,,,,,,,,,,,,,,,
ray,Myliobatiformes,Dasyatidae,Neotrygon,australiae,Neotrygon_australiae,Neotrygon australiae,1423550,,,,,,,,,,,,,,,,,,,,,,,,,,,,,,,,,,,,,,,,
ray,Myliobatiformes,Dasyatidae,Neotrygon,caeruleopunctata,Neotrygon_caeruleopunctata,Neotrygon caeruleopunctata,876267,,,,,,,,,,,,,,,,,,,,,,,,,,,,,,,,,,,,,,,,
ray,Myliobatiformes,Dasyatidae,Neotrygon,kuhlii,Neotrygon_kuhlii,Neotrygon kuhlii,16697,Endemic,,,,,,,,,,,,,,,,,,,,,,,,,,,,,,,,,,,,,,,
ray,Myliobatiformes,Dasyatidae,Neotrygon,leylandi,Neotrygon_leylandi,Neotrygon leylandi,105690,Endemic,,,,,,,,,,,,,,,,,,,,,,,,,,,,,,,,,,,,,,,
ray,Myliobatiformes,Dasyatidae,Neotrygon,ningalooensis,Neotrygon_ningalooensis,Neotrygon ningalooensis,NA,,,,,,,,,,,,,,,,,,,,,,,,,,,,,,,,,,,,,,,,
ray,Myliobatiformes,Dasyatidae,Neotrygon,orientalis,Neotrygon_orientalis,Neotrygon orientalis,1421028,,,,,,,,,,,,,,,,,,,,,,,,,,,,,,,,,,,,,,,,
ray,Myliobatiformes,Dasyatidae,Neotrygon,picta,Neotrygon_picta,Neotrygon picta,566554,,,,,,,,,,,,,,,,,,,,,,,,,,,,,,,,,,,,,,,,
ray,Myliobatiformes,Dasyatidae,Neotrygon,trigonoides,Neotrygon_trigonoides,Neotrygon trigonoides,218647,,,,,,,,,,,,,,,,,,,,,,,,,,,,,,,,,,,,,,,,
ray,Myliobatiformes,Dasyatidae,Neotrygon,varidens,Neotrygon_varidens,Neotrygon varidens,1423550,,,,,,,,,,,,,,,,,,,,,,,,,,,,,,,,,,,,,,,,
ray,Myliobatiformes,Dasyatidae,Neotrygon,yakkoei,Neotrygon_yakkoei,Neotrygon yakkoei,,,,,,,,,,,,,,,,,,,,,,,,,,,,,,,,,,,,,,,,,
ray,Myliobatiformes,Dasyatidae,Pastinachus,ater,Pastinachus_ater,Pastinachus ater,3821127,,,,,,,,,,,,,,,,,,,,,,,,,,,,,,,,,,,,,,,,
ray,Myliobatiformes,Dasyatidae,Pastinachus,gracilicaudus,Pastinachus_gracilicaudus,Pastinachus gracilicaudus,944669,,,,,,,,,,,,,,,,,,,,,,,,,,,,,,,,,,,,,,,,
ray,Myliobatiformes,Dasyatidae,Pastinachus,sephen,Pastinachus_sephen,Pastinachus sephen,568409,,,,,,,,,,,,,,,,,,,,,,,,,,,,,,,,,,,,,,,,
ray,Myliobatiformes,Dasyatidae,Pastinachus,solocirostris,Pastinachus_solocirostris,Pastinachus solocirostris,199163,,,,,,,,,,,,,,,,,,,,,,,,,,,,,,,,,,,,,,,,
ray,Myliobatiformes,Dasyatidae,Pastinachus,stellurostris,Pastinachus_stellurostris,Pastinachus stellurostris,199163,,,,,,,,,,,,,,,,,,,,,,,,,,,,,,,,,,,,,,,,
ray,Myliobatiformes,Dasyatidae,Pateobatis,bleekeri,Pateobatis_bleekeri,Pateobatis bleekeri,403100,,,,,,,,,,,,,,,,,,,,,,,,,,,,,,,,,,,,,,,,
ray,Myliobatiformes,Dasyatidae,Pateobatis,fai,Pateobatis_fai,Pateobatis fai,3465258,,,,,,,,,,,,,,,,,,,,,,,,,,,,,,,,,,,,,,,,
ray,Myliobatiformes,Dasyatidae,Pateobatis,hortlei,Pateobatis_hortlei,Pateobatis hortlei,204864,,,,,,,,,,,,,,,,,,,,,,,,,,,,,,,,,,,,,,,,
ray,Myliobatiformes,Dasyatidae,Pateobatis,jenkinsii,Pateobatis_jenkinsii,Pateobatis jenkinsii,3592252,,,,,,,,,,,,,,,,,,,,,,,,,,,,,,,,,,,,,,,,
ray,Myliobatiformes,Dasyatidae,Pateobatis,uarnacoides,Pateobatis_uarnacoides,Pateobatis uarnacoides,1970749,,,,,,,,,,,,,,,,,,,,,,,,,,,,,,,,,,,,,,,,
ray,Myliobatiformes,Dasyatidae,Pteroplatytrygon,violacea,Pteroplatytrygon_violacea,Pteroplatytrygon violacea,261360168,,,,,,,,,,,,,,,,,,,,,,,,,,,,,,,,,,,,,,,,
ray,Myliobatiformes,Dasyatidae,Taeniura,lessoni,Taeniura_lessoni,Taeniura lessoni,13373,Endemic,,,,,,,,,,,,,,,,,,,,,,,,,,,,,,,,,,,,,,,
ray,Myliobatiformes,Dasyatidae,Taeniura,lymma,Taeniura_lymma,Taeniura lymma,3342371,,,,,,,,,,,,,,,,,,,,,,,,,,,,,,,,,,,,,,,,
ray,Myliobatiformes,Dasyatidae,Taeniurops,grabatus,Taeniurops_grabatus,Taeniurops grabatus,814410,,,,,,,,,,,,,,,,,,,,,,,,,,,,,,,,,,,,,,,,
ray,Myliobatiformes,Dasyatidae,Taeniurops,meyeni,Taeniurops_meyeni,Taeniurops meyeni,7468235,,,,,,,,,,,,,,,,,,,,,,,,,,,,,,,,,,,,,,,,
ray,Myliobatiformes,Dasyatidae,Telatrygon,acutirostra,Telatrygon_acutirostra,Telatrygon acutirostra,370061,,,,,,,,,,,,,,,,,,,,,,,,,,,,,,,,,,,,,,,,
ray,Myliobatiformes,Dasyatidae,Telatrygon,biasa,Telatrygon_biasa,Telatrygon biasa,1707139,,,,,,,,,,,,,,,,,,,,,,,,,,,,,,,,,,,,,,,,
ray,Myliobatiformes,Dasyatidae,Telatrygon,crozieri,Telatrygon_crozieri,Telatrygon crozieri,181613,,,,,,,,,,,,,,,,,,,,,,,,,,,,,,,,,,,,,,,,
ray,Myliobatiformes,Dasyatidae,Telatrygon,zugei,Telatrygon_zugei,Telatrygon zugei,652470,,,,,,,,,,,,,,,,,,,,,,,,,,,,,,,,,,,,,,,,
ray,Myliobatiformes,Dasyatidae,Urogymnus,acanthobothrium,Urogymnus_acanthobothrium,Urogymnus acanthobothrium,68255,Endemic,,,,,,,,,,,,,,,,,,,,,,,,,,,,,,,,,,,,,,,
ray,Myliobatiformes,Dasyatidae,Urogymnus,asperrimus,Urogymnus_asperrimus,Urogymnus asperrimus,5628228,,,,,,,,,,,,,,,,,,,,,,,,,,,,,,,,,,,,,,,,
ray,Myliobatiformes,Dasyatidae,Urogymnus,dalyensis,Urogymnus_dalyensis,Urogymnus dalyensis,7389,Endemic,,,,,,,,,,,,,,,,,,,,,,,,,,,,,,,,,,,,,,,
ray,Myliobatiformes,Dasyatidae,Urogymnus,granulatus,Urogymnus_granulatus,Urogymnus granulatus,3797441,,,,,,,,,,,,,,,,,,,,,,,,,,,,,,,,,,,,,,,,
ray,Myliobatiformes,Dasyatidae,Urogymnus,lobistoma,Urogymnus_lobistoma,Urogymnus lobistoma,395063,,,,,,,,,,,,,,,,,,,,,,,,,,,,,,,,,,,,,,,,
ray,Myliobatiformes,Dasyatidae,Urogymnus,polylepis,Urogymnus_polylepis,Urogymnus polylepis,395063,,,,,,,,,,,,,,,,,,,,,,,,,,,,,,,,,,,,,,,,
ray,Myliobatiformes,Potamotrygonidae,Heliotrygon,gomesi,Heliotrygon_gomesi,Heliotrygon gomesi,3768463,,,,,,,,,,,,,,,,,,,,,,,,,,,,,,,,,,,,,,,,
ray,Myliobatiformes,Potamotrygonidae,Heliotrygon,rosai,Heliotrygon_rosai,Heliotrygon rosai,3768463,,,,,,,,,,,,,,,,,,,,,,,,,,,,,,,,,,,,,,,,
ray,Myliobatiformes,Potamotrygonidae,Paratrygon,aiereba,Paratrygon_aiereba,Paratrygon aiereba,470587,,,,,,,,,,,,,,,,,,,,,,,,,,,,,,,,,,,,,,,,
ray,Myliobatiformes,Potamotrygonidae,Paratrygon,orinocensis,Paratrygon_orinocensis,Paratrygon orinocensis,,,,,,,,,,,,,,,,,,,,,,,,,,,,,,,,,,,,,,,,,
ray,Myliobatiformes,Potamotrygonidae,Paratrygon,parvaspina,Paratrygon_parvaspina,Paratrygon parvaspina,,,,,,,,,,,,,,,,,,,,,,,,,,,,,,,,,,,,,,,,,
ray,Myliobatiformes,Potamotrygonidae,Plesiotrygon,iwamae,Plesiotrygon_iwamae,Plesiotrygon iwamae,341010,,,,,,,,,,,,,,,,,,,,,,,,,,,,,,,,,,,,,,,,
ray,Myliobatiformes,Potamotrygonidae,Plesiotrygon,nana,Plesiotrygon_nana,Plesiotrygon nana,341010,,,,,,,,,,,,,,,,,,,,,,,,,,,,,,,,,,,,,,,,
ray,Myliobatiformes,Potamotrygonidae,Potamotrygon,adamastor,Potamotrygon_adamastor,Potamotrygon adamastor,115925,Endemic,,,,,,,,,,,,,,,,,,,,,,,,,,,,,,,,,,,,,,,
ray,Myliobatiformes,Potamotrygonidae,Potamotrygon,albimaculata,Potamotrygon_albimaculata,Potamotrygon albimaculata,115925,Endemic,,,,,,,,,,,,,,,,,,,,,,,,,,,,,,,,,,,,,,,
ray,Myliobatiformes,Potamotrygonidae,Potamotrygon,amandae,Potamotrygon_amandae,Potamotrygon amandae,115925,Endemic,,,,,,,,,,,,,,,,,,,,,,,,,,,,,,,,,,,,,,,
ray,Myliobatiformes,Potamotrygonidae,Potamotrygon,amazona,Potamotrygon_amazona,Potamotrygon amazona,115925,Endemic,,,,,,,,,,,,,,,,,,,,,,,,,,,,,,,,,,,,,,,
ray,Myliobatiformes,Potamotrygonidae,Potamotrygon,boesemani,Potamotrygon_boesemani,Potamotrygon boesemani,115925,Endemic,,,,,,,,,,,,,,,,,,,,,,,,,,,,,,,,,,,,,,,
ray,Myliobatiformes,Potamotrygonidae,Potamotrygon,brachyura,Potamotrygon_brachyura,Potamotrygon brachyura,115925,Endemic,,,,,,,,,,,,,,,,,,,,,,,,,,,,,,,,,,,,,,,
ray,Myliobatiformes,Potamotrygonidae,Potamotrygon,constellata,Potamotrygon_constellata,Potamotrygon constellata,115925,Endemic,,,,,,,,,,,,,,,,,,,,,,,,,,,,,,,,,,,,,,,
ray,Myliobatiformes,Potamotrygonidae,Potamotrygon,falkneri,Potamotrygon_falkneri,Potamotrygon falkneri,115925,Endemic,,,,,,,,,,,,,,,,,,,,,,,,,,,,,,,,,,,,,,,
ray,Myliobatiformes,Potamotrygonidae,Potamotrygon,garmani,Potamotrygon_garmani,Potamotrygon garmani,115925,Endemic,,,,,,,,,,,,,,,,,,,,,,,,,,,,,,,,,,,,,,,
ray,Myliobatiformes,Potamotrygonidae,Potamotrygon,henlei,Potamotrygon_henlei,Potamotrygon henlei,115925,Endemic,,,,,,,,,,,,,,,,,,,,,,,,,,,,,,,,,,,,,,,
ray,Myliobatiformes,Potamotrygonidae,Potamotrygon,histrix,Potamotrygon_histrix,Potamotrygon histrix,115925,Endemic,,,,,,,,,,,,,,,,,,,,,,,,,,,,,,,,,,,,,,,
ray,Myliobatiformes,Potamotrygonidae,Potamotrygon,humerosa,Potamotrygon_humerosa,Potamotrygon humerosa,115925,Endemic,,,,,,,,,,,,,,,,,,,,,,,,,,,,,,,,,,,,,,,
ray,Myliobatiformes,Potamotrygonidae,Potamotrygon,jabuti,Potamotrygon_jabuti,Potamotrygon jabuti,115925,Endemic,,,,,,,,,,,,,,,,,,,,,,,,,,,,,,,,,,,,,,,
ray,Myliobatiformes,Potamotrygonidae,Potamotrygon,leopoldi,Potamotrygon_leopoldi,Potamotrygon leopoldi,115925,Endemic,,,,,,,,,,,,,,,,,,,,,,,,,,,,,,,,,,,,,,,
ray,Myliobatiformes,Potamotrygonidae,Potamotrygon,limai,Potamotrygon_limai,Potamotrygon limai,115925,Endemic,,,,,,,,,,,,,,,,,,,,,,,,,,,,,,,,,,,,,,,
ray,Myliobatiformes,Potamotrygonidae,Potamotrygon,magdalenae,Potamotrygon_magdalenae,Potamotrygon magdalenae,115925,Endemic,,,,,,,,,,,,,,,,,,,,,,,,,,,,,,,,,,,,,,,
ray,Myliobatiformes,Potamotrygonidae,Potamotrygon,marinae,Potamotrygon_marinae,Potamotrygon marinae,115925,Endemic,,,,,,,,,,,,,,,,,,,,,,,,,,,,,,,,,,,,,,,
ray,Myliobatiformes,Potamotrygonidae,Potamotrygon,marquesi,Potamotrygon_marquesi,Potamotrygon marquesi,115925,Endemic,,,,,,,,,,,,,,,,,,,,,,,,,,,,,,,,,,,,,,,
ray,Myliobatiformes,Potamotrygonidae,Potamotrygon,motoro,Potamotrygon_motoro,Potamotrygon motoro,115925,Endemic,,,,,,,,,,,,,,,,,,,,,,,,,,,,,,,,,,,,,,,
ray,Myliobatiformes,Potamotrygonidae,Potamotrygon,ocellata,Potamotrygon_ocellata,Potamotrygon ocellata,115925,Endemic,,,,,,,,,,,,,,,,,,,,,,,,,,,,,,,,,,,,,,,
ray,Myliobatiformes,Potamotrygonidae,Potamotrygon,orbignyi,Potamotrygon_orbignyi,Potamotrygon orbignyi,115925,Endemic,,,,,,,,,,,,,,,,,,,,,,,,,,,,,,,,,,,,,,,
ray,Myliobatiformes,Potamotrygonidae,Potamotrygon,pantanensis,Potamotrygon_pantanensis,Potamotrygon pantanensis,115925,Endemic,,,,,,,,,,,,,,,,,,,,,,,,,,,,,,,,,,,,,,,
ray,Myliobatiformes,Potamotrygonidae,Potamotrygon,rex,Potamotrygon_rex,Potamotrygon rex,115925,Endemic,,,,,,,,,,,,,,,,,,,,,,,,,,,,,,,,,,,,,,,
ray,Myliobatiformes,Potamotrygonidae,Potamotrygon,schroederi,Potamotrygon_schroederi,Potamotrygon schroederi,115925,Endemic,,,,,,,,,,,,,,,,,,,,,,,,,,,,,,,,,,,,,,,
ray,Myliobatiformes,Potamotrygonidae,Potamotrygon,schuemacheri,Potamotrygon_schuemacheri,Potamotrygon schuemacheri,115925,Endemic,,,,,,,,,,,,,,,,,,,,,,,,,,,,,,,,,,,,,,,
ray,Myliobatiformes,Potamotrygonidae,Potamotrygon,scobina,Potamotrygon_scobina,Potamotrygon scobina,115925,Endemic,,,,,,,,,,,,,,,,,,,,,,,,,,,,,,,,,,,,,,,
ray,Myliobatiformes,Potamotrygonidae,Potamotrygon,signata,Potamotrygon_signata,Potamotrygon signata,115925,Endemic,,,,,,,,,,,,,,,,,,,,,,,,,,,,,,,,,,,,,,,
ray,Myliobatiformes,Potamotrygonidae,Potamotrygon,tatianae,Potamotrygon_tatianae,Potamotrygon tatianae,115925,Endemic,,,,,,,,,,,,,,,,,,,,,,,,,,,,,,,,,,,,,,,
ray,Myliobatiformes,Potamotrygonidae,Potamotrygon,tigrina,Potamotrygon_tigrina,Potamotrygon tigrina,115925,Endemic,,,,,,,,,,,,,,,,,,,,,,,,,,,,,,,,,,,,,,,
ray,Myliobatiformes,Potamotrygonidae,Potamotrygon,wallacei,Potamotrygon_wallacei,Potamotrygon wallacei,115925,Endemic,,,,,,,,,,,,,,,,,,,,,,,,,,,,,,,,,,,,,,,
ray,Myliobatiformes,Potamotrygonidae,Potamotrygon,yepezi,Potamotrygon_yepezi,Potamotrygon yepezi,115925,Endemic,,,,,,,,,,,,,,,,,,,,,,,,,,,,,,,,,,,,,,,
ray,Myliobatiformes,Potamotrygonidae,Styracura,pacifica,Styracura_pacifica,Styracura pacifica,23422,Endemic,,,,,,,,,,,,,,,,,,,,,,,,,,,,,,,,,,,,,,,
ray,Myliobatiformes,Potamotrygonidae,Styracura,schmardae,Styracura_schmardae,Styracura schmardae,1073407,,,,,,,,,,,,,,,,,,,,,,,,,,,,,,,,,,,,,,,,
ray,Myliobatiformes,Urotrygonidae,Urobatis,concentricus,Urobatis_concentricus,Urobatis concentricus,57051,Endemic,,,,,,,,,,,,,,,,,,,,,,,,,,,,,,,,,,,,,,,
ray,Myliobatiformes,Urotrygonidae,Urobatis,halleri,Urobatis_halleri,Urobatis halleri,149018,Endemic,,,,,,,,,,,,,,,,,,,,,,,,,,,,,,,,,,,,,,,
ray,Myliobatiformes,Urotrygonidae,Urobatis,jamaicensis,Urobatis_jamaicensis,Urobatis jamaicensis,791782,,,,,,,,,,,,,,,,,,,,,,,,,,,,,,,,,,,,,,,,
ray,Myliobatiformes,Urotrygonidae,Urobatis,maculatus,Urobatis_maculatus,Urobatis maculatus,18213,Endemic,,,,,,,,,,,,,,,,,,,,,,,,,,,,,,,,,,,,,,,
ray,Myliobatiformes,Urotrygonidae,Urobatis,marmoratus,Urobatis_marmoratus,Urobatis marmoratus,18213,Endemic,,,,,,,,,,,,,,,,,,,,,,,,,,,,,,,,,,,,,,,
ray,Myliobatiformes,Urotrygonidae,Urobatis,pardalis,Urobatis_pardalis,Urobatis pardalis,2146,Endemic,,,,,,,,,,,,,,,,,,,,,,,,,,,,,,,,,,,,,,,
ray,Myliobatiformes,Urotrygonidae,Urobatis,tumbesensis,Urobatis_tumbesensis,Urobatis tumbesensis,17711,Endemic,,,,,,,,,,,,,,,,,,,,,,,,,,,,,,,,,,,,,,,
ray,Myliobatiformes,Urotrygonidae,Urotrygon,aspidura,Urotrygon_aspidura,Urotrygon aspidura,74504,Endemic,,,,,,,,,,,,,,,,,,,,,,,,,,,,,,,,,,,,,,,
ray,Myliobatiformes,Urotrygonidae,Urotrygon,chilensis,Urotrygon_chilensis,Urotrygon chilensis,100961,Endemic,,,,,,,,,,,,,,,,,,,,,,,,,,,,,,,,,,,,,,,
ray,Myliobatiformes,Urotrygonidae,Urotrygon,cimar,Urotrygon_cimar,Urotrygon cimar,43786,Endemic,,,,,,,,,,,,,,,,,,,,,,,,,,,,,,,,,,,,,,,
ray,Myliobatiformes,Urotrygonidae,Urotrygon,microphthalmum,Urotrygon_microphthalmum,Urotrygon microphthalmum,230299,,,,,,,,,,,,,,,,,,,,,,,,,,,,,,,,,,,,,,,,
ray,Myliobatiformes,Urotrygonidae,Urotrygon,munda,Urotrygon_munda,Urotrygon munda,37153,Endemic,,,,,,,,,,,,,,,,,,,,,,,,,,,,,,,,,,,,,,,
ray,Myliobatiformes,Urotrygonidae,Urotrygon,nana,Urotrygon_nana,Urotrygon nana,8786,Endemic,,,,,,,,,,,,,,,,,,,,,,,,,,,,,,,,,,,,,,,
ray,Myliobatiformes,Urotrygonidae,Urotrygon,reticulata,Urotrygon_reticulata,Urotrygon reticulata,3922,Endemic,,,,,,,,,,,,,,,,,,,,,,,,,,,,,,,,,,,,,,,
ray,Myliobatiformes,Urotrygonidae,Urotrygon,rogersi,Urotrygon_rogersi,Urotrygon rogersi,39080,Endemic,,,,,,,,,,,,,,,,,,,,,,,,,,,,,,,,,,,,,,,
ray,Myliobatiformes,Urotrygonidae,Urotrygon,simulatrix,Urotrygon_simulatrix,Urotrygon simulatrix,1431,Endemic,,,,,,,,,,,,,,,,,,,,,,,,,,,,,,,,,,,,,,,
ray,Myliobatiformes,Urotrygonidae,Urotrygon,venezuelae,Urotrygon_venezuelae,Urotrygon venezuelae,1237,Endemic,,,,,,,,,,,,,,,,,,,,,,,,,,,,,,,,,,,,,,,
ray,Myliobatiformes,Gymnuridae,Gymnura,altavela,Gymnura_altavela,Gymnura altavela,1684273,,,,,,,,,,,,,,,,,,,,,,,,,,,,,,,,,,,,,,,,
ray,Myliobatiformes,Gymnuridae,Gymnura,australis,Gymnura_australis,Gymnura australis,1544439,,,,,,,,,,,,,,,,,,,,,,,,,,,,,,,,,,,,,,,,
ray,Myliobatiformes,Gymnuridae,Gymnura,crebripunctata,Gymnura_crebripunctata,Gymnura crebripunctata,60660,Endemic,,,,,,,,,,,,,,,,,,,,,,,,,,,,,,,,,,,,,,,
ray,Myliobatiformes,Gymnuridae,Gymnura,japonica,Gymnura_japonica,Gymnura japonica,332573,,,,,,,,,,,,,,,,,,,,,,,,,,,,,,,,,,,,,,,,
ray,Myliobatiformes,Gymnuridae,Gymnura,lessae,Gymnura_lessae,Gymnura lessae,569770,,,,,,,,,,,,,,,,,,,,,,,,,,,,,,,,,,,,,,,,
ray,Myliobatiformes,Gymnuridae,Gymnura,marmorata,Gymnura_marmorata,Gymnura marmorata,55850,Endemic,,,,,,,,,,,,,,,,,,,,,,,,,,,,,,,,,,,,,,,
ray,Myliobatiformes,Gymnuridae,Gymnura,micrura,Gymnura_micrura,Gymnura micrura,570357,,,,,,,,,,,,,,,,,,,,,,,,,,,,,,,,,,,,,,,,
ray,Myliobatiformes,Gymnuridae,Gymnura,natalensis,Gymnura_natalensis,Gymnura natalensis,33017,Endemic,,,,,,,,,,,,,,,,,,,,,,,,,,,,,,,,,,,,,,,
ray,Myliobatiformes,Gymnuridae,Gymnura,poecilura,Gymnura_poecilura,Gymnura poecilura,3332523,,,,,,,,,,,,,,,,,,,,,,,,,,,,,,,,,,,,,,,,
ray,Myliobatiformes,Gymnuridae,Gymnura,sereti,Gymnura_sereti,Gymnura sereti,201235,,,,,,,,,,,,,,,,,,,,,,,,,,,,,,,,,,,,,,,,
ray,Myliobatiformes,Gymnuridae,Gymnura,tentaculata,Gymnura_tentaculata,Gymnura tentaculata,389752,,,,,,,,,,,,,,,,,,,,,,,,,,,,,,,,,,,,,,,,
ray,Myliobatiformes,Gymnuridae,Gymnura,zonura,Gymnura_zonura,Gymnura zonura,1358849,,,,,,,,,,,,,,,,,,,,,,,,,,,,,,,,,,,,,,,,
ray,Myliobatiformes,Plesiobatidae,Plesiobatis,daviesi,Plesiobatis_daviesi,Plesiobatis daviesi,341010,,,,,,,,,,,,,,,,,,,,,,,,,,,,,,,,,,,,,,,,
ray,Myliobatiformes,Urolophidae,Spinilophus,armatus,Spinilophus_armatus,Spinilophus armatus,17880726,,,,,,,,,,,,,,,,,,,,,,,,,,,,,,,,,,,,,,,,
ray,Myliobatiformes,Urolophidae,Trygonoptera,galba,Trygonoptera_galba,Trygonoptera galba,19017,Endemic,,,,,,,,,,,,,,,,,,,,,,,,,,,,,,,,,,,,,,,
ray,Myliobatiformes,Urolophidae,Trygonoptera,imitata,Trygonoptera_imitata,Trygonoptera imitata,85955,Endemic,,,,,,,,,,,,,,,,,,,,,,,,,,,,,,,,,,,,,,,
ray,Myliobatiformes,Urolophidae,Trygonoptera,mucosa,Trygonoptera_mucosa,Trygonoptera mucosa,67884,Endemic,,,,,,,,,,,,,,,,,,,,,,,,,,,,,,,,,,,,,,,
ray,Myliobatiformes,Urolophidae,Trygonoptera,ovalis,Trygonoptera_ovalis,Trygonoptera ovalis,45487,Endemic,,,,,,,,,,,,,,,,,,,,,,,,,,,,,,,,,,,,,,,
ray,Myliobatiformes,Urolophidae,Trygonoptera,personata,Trygonoptera_personata,Trygonoptera personata,40478,Endemic,,,,,,,,,,,,,,,,,,,,,,,,,,,,,,,,,,,,,,,
ray,Myliobatiformes,Urolophidae,Trygonoptera,testacea,Trygonoptera_testacea,Trygonoptera testacea,36553,Endemic,,,,,,,,,,,,,,,,,,,,,,,,,,,,,,,,,,,,,,,
ray,Myliobatiformes,Urolophidae,Urolophus,aurantiacus,Urolophus_aurantiacus,Urolophus aurantiacus,237627,,,,,,,,,,,,,,,,,,,,,,,,,,,,,,,,,,,,,,,,
ray,Myliobatiformes,Urolophidae,Urolophus,bucculentus,Urolophus_bucculentus,Urolophus bucculentus,41561,Endemic,,,,,,,,,,,,,,,,,,,,,,,,,,,,,,,,,,,,,,,
ray,Myliobatiformes,Urolophidae,Urolophus,circularis,Urolophus_circularis,Urolophus circularis,33345,Endemic,,,,,,,,,,,,,,,,,,,,,,,,,,,,,,,,,,,,,,,
ray,Myliobatiformes,Urolophidae,Urolophus,cruciatus,Urolophus_cruciatus,Urolophus cruciatus,92746,Endemic,,,,,,,,,,,,,,,,,,,,,,,,,,,,,,,,,,,,,,,
ray,Myliobatiformes,Urolophidae,Urolophus,deforgesi,Urolophus_deforgesi,Urolophus deforgesi,591,Endemic,,,,,,,,,,,,,,,,,,,,,,,,,,,,,,,,,,,,,,,
ray,Myliobatiformes,Urolophidae,Urolophus,expansus,Urolophus_expansus,Urolophus expansus,22692,Endemic,,,,,,,,,,,,,,,,,,,,,,,,,,,,,,,,,,,,,,,
ray,Myliobatiformes,Urolophidae,Urolophus,flavomosaicus,Urolophus_flavomosaicus,Urolophus flavomosaicus,65394,Endemic,,,,,,,,,,,,,,,,,,,,,,,,,,,,,,,,,,,,,,,
ray,Myliobatiformes,Urolophidae,Urolophus,gigas,Urolophus_gigas,Urolophus gigas,99398,Endemic,,,,,,,,,,,,,,,,,,,,,,,,,,,,,,,,,,,,,,,
ray,Myliobatiformes,Urolophidae,Urolophus,javanicus,Urolophus_javanicus,Urolophus javanicus,99398,Endemic,,,,,,,,,,,,,,,,,,,,,,,,,,,,,,,,,,,,,,,
ray,Myliobatiformes,Urolophidae,Urolophus,kaianus,Urolophus_kaianus,Urolophus kaianus,132,Endemic,,,,,,,,,,,,,,,,,,,,,,,,,,,,,,,,,,,,,,,
ray,Myliobatiformes,Urolophidae,Urolophus,kapalensis,Urolophus_kapalensis,Urolophus kapalensis,11526,Endemic,,,,,,,,,,,,,,,,,,,,,,,,,,,,,,,,,,,,,,,
ray,Myliobatiformes,Urolophidae,Urolophus,lobatus,Urolophus_lobatus,Urolophus lobatus,7371,Endemic,,,,,,,,,,,,,,,,,,,,,,,,,,,,,,,,,,,,,,,
ray,Myliobatiformes,Urolophidae,Urolophus,mitosis,Urolophus_mitosis,Urolophus mitosis,7371,Endemic,,,,,,,,,,,,,,,,,,,,,,,,,,,,,,,,,,,,,,,
ray,Myliobatiformes,Urolophidae,Urolophus,neocaledoniensis,Urolophus_neocaledoniensis,Urolophus neocaledoniensis,3186,Endemic,,,,,,,,,,,,,,,,,,,,,,,,,,,,,,,,,,,,,,,
ray,Myliobatiformes,Urolophidae,Urolophus,orarius,Urolophus_orarius,Urolophus orarius,24060,Endemic,,,,,,,,,,,,,,,,,,,,,,,,,,,,,,,,,,,,,,,
ray,Myliobatiformes,Urolophidae,Urolophus,papilio,Urolophus_papilio,Urolophus papilio,NA,,,,,,,,,,,,,,,,,,,,,,,,,,,,,,,,,,,,,,,,
ray,Myliobatiformes,Urolophidae,Urolophus,paucimaculatus,Urolophus_paucimaculatus,Urolophus paucimaculatus,357691,,,,,,,,,,,,,,,,,,,,,,,,,,,,,,,,,,,,,,,,
ray,Myliobatiformes,Urolophidae,Urolophus,piperatus,Urolophus_piperatus,Urolophus piperatus,NA,,,,,,,,,,,,,,,,,,,,,,,,,,,,,,,,,,,,,,,,
ray,Myliobatiformes,Urolophidae,Urolophus,sufflavus,Urolophus_sufflavus,Urolophus sufflavus,23950,Endemic,,,,,,,,,,,,,,,,,,,,,,,,,,,,,,,,,,,,,,,
ray,Myliobatiformes,Urolophidae,Urolophus,viridis,Urolophus_viridis,Urolophus viridis,187999,,,,,,,,,,,,,,,,,,,,,,,,,,,,,,,,,,,,,,,,
ray,Myliobatiformes,Urolophidae,Urolophus,westraliensis,Urolophus_westraliensis,Urolophus westraliensis,111564,Endemic,,,,,,,,,,,,,,,,,,,,,,,,,,,,,,,,,,,,,,,
ray,Myliobatiformes,Aetobatidae,Aetobatus,flagellum,Aetobatus_flagellum,Aetobatus flagellum,1059389,,,,,,,,,,,,,,,,,,,,,,,,,,,,,,,,,,,,,,,,
ray,Myliobatiformes,Aetobatidae,Aetobatus,laticeps,Aetobatus_laticeps,Aetobatus laticeps,129590,Endemic,,,,,,,,,,,,,,,,,,,,,,,,,,,,,,,,,,,,,,,
ray,Myliobatiformes,Aetobatidae,Aetobatus,narinari,Aetobatus_narinari,Aetobatus narinari,1547135,,,,,,,,,,,,,,,,,,,,,,,,,,,,,,,,,,,,,,,,
ray,Myliobatiformes,Aetobatidae,Aetobatus,narutobiei,Aetobatus_narutobiei,Aetobatus narutobiei,727294,,,,,,,,,,,,,,,,,,,,,,,,,,,,,,,,,,,,,,,,
ray,Myliobatiformes,Aetobatidae,Aetobatus,ocellatus,Aetobatus_ocellatus,Aetobatus ocellatus,6398113,,,,,,,,,,,,,,,,,,,,,,,,,,,,,,,,,,,,,,,,
ray,Myliobatiformes,Myliobatidae,Aetomylaeus,asperrimus,Aetomylaeus_asperrimus,Aetomylaeus asperrimus,14438,Endemic,,,,,,,,,,,,,,,,,,,,,,,,,,,,,,,,,,,,,,,
ray,Myliobatiformes,Myliobatidae,Aetomylaeus,bovinus,Aetomylaeus_bovinus,Aetomylaeus bovinus,1064157,,,,,,,,,,,,,,,,,,,,,,,,,,,,,,,,,,,,,,,,
ray,Myliobatiformes,Myliobatidae,Aetomylaeus,caeruleofasciatus,Aetomylaeus_caeruleofasciatus,Aetomylaeus caeruleofasciatus,2157593,,,,,,,,,,,,,,,,,,,,,,,,,,,,,,,,,,,,,,,,
ray,Myliobatiformes,Myliobatidae,Aetomylaeus,maculatus,Aetomylaeus_maculatus,Aetomylaeus maculatus,866543,,,,,,,,,,,,,,,,,,,,,,,,,,,,,,,,,,,,,,,,
ray,Myliobatiformes,Myliobatidae,Aetomylaeus,milvus,Aetomylaeus_milvus,Aetomylaeus milvus,403758,,,,,,,,,,,,,,,,,,,,,,,,,,,,,,,,,,,,,,,,
ray,Myliobatiformes,Myliobatidae,Aetomylaeus,nichofii,Aetomylaeus_nichofii,Aetomylaeus nichofii,4002566,,,,,,,,,,,,,,,,,,,,,,,,,,,,,,,,,,,,,,,,
ray,Myliobatiformes,Myliobatidae,Aetomylaeus,vespertilio,Aetomylaeus_vespertilio,Aetomylaeus vespertilio,3874063,,,,,,,,,,,,,,,,,,,,,,,,,,,,,,,,,,,,,,,,
ray,Myliobatiformes,Myliobatidae,Aetomylaeus,wafickii,Aetomylaeus_wafickii,Aetomylaeus wafickii,,,,,,,,,,,,,,,,,,,,,,,,,,,,,,,,,,,,,,,,,
ray,Myliobatiformes,Myliobatidae,Myliobatis,aquila,Myliobatis_aquila,Myliobatis aquila,2379110,,,,,,,,,,,,,,,,,,,,,,,,,,,,,,,,,,,,,,,,
ray,Myliobatiformes,Myliobatidae,Myliobatis,californicus,Myliobatis_californicus,Myliobatis californicus,92165,Endemic,,,,,,,,,,,,,,,,,,,,,,,,,,,,,,,,,,,,,,,
ray,Myliobatiformes,Myliobatidae,Myliobatis,chilensis,Myliobatis_chilensis,Myliobatis chilensis,27621,Endemic,,,,,,,,,,,,,,,,,,,,,,,,,,,,,,,,,,,,,,,
ray,Myliobatiformes,Myliobatidae,Myliobatis,freminvillei,Myliobatis_freminvillei,Myliobatis freminvillei,1543916,,,,,,,,,,,,,,,,,,,,,,,,,,,,,,,,,,,,,,,,
ray,Myliobatiformes,Myliobatidae,Myliobatis,goodei,Myliobatis_goodei,Myliobatis goodei,1810689,,,,,,,,,,,,,,,,,,,,,,,,,,,,,,,,,,,,,,,,
ray,Myliobatiformes,Myliobatidae,Myliobatis,hamlyni,Myliobatis_hamlyni,Myliobatis hamlyni,52925,Endemic,,,,,,,,,,,,,,,,,,,,,,,,,,,,,,,,,,,,,,,
ray,Myliobatiformes,Myliobatidae,Myliobatis,longirostris,Myliobatis_longirostris,Myliobatis longirostris,103684,Endemic,,,,,,,,,,,,,,,,,,,,,,,,,,,,,,,,,,,,,,,
ray,Myliobatiformes,Myliobatidae,Myliobatis,peruvianus,Myliobatis_peruvianus,Myliobatis peruvianus,7028,Endemic,,,,,,,,,,,,,,,,,,,,,,,,,,,,,,,,,,,,,,,
ray,Myliobatiformes,Myliobatidae,Myliobatis,ridens,Myliobatis_ridens,Myliobatis ridens,156670,,,,,,,,,,,,,,,,,,,,,,,,,,,,,,,,,,,,,,,,
ray,Myliobatiformes,Myliobatidae,Myliobatis,tenuicaudatus,Myliobatis_tenuicaudatus,Myliobatis tenuicaudatus,771561,,,,,,,,,,,,,,,,,,,,,,,,,,,,,,,,,,,,,,,,
ray,Myliobatiformes,Myliobatidae,Myliobatis,tobijei,Myliobatis_tobijei,Myliobatis tobijei,506401,,,,,,,,,,,,,,,,,,,,,,,,,,,,,,,,,,,,,,,,
ray,Myliobatiformes,Rhinopteridae,Rhinoptera,bonasus,Rhinoptera_bonasus,Rhinoptera bonasus,1422569,,,,,,,,,,,,,,,,,,,,,,,,,,,,,,,,,,,,,,,,
ray,Myliobatiformes,Rhinopteridae,Rhinoptera,brasiliensis,Rhinoptera_brasiliensis,Rhinoptera brasiliensis,510682,,,,,,,,,,,,,,,,,,,,,,,,,,,,,,,,,,,,,,,,
ray,Myliobatiformes,Rhinopteridae,Rhinoptera,javanica,Rhinoptera_javanica,Rhinoptera javanica,1954610,,,,,,,,,,,,,,,,,,,,,,,,,,,,,,,,,,,,,,,,
ray,Myliobatiformes,Rhinopteridae,Rhinoptera,jayakari,Rhinoptera_jayakari,Rhinoptera jayakari,2639551,,,,,,,,,,,,,,,,,,,,,,,,,,,,,,,,,,,,,,,,
ray,Myliobatiformes,Rhinopteridae,Rhinoptera,marginata,Rhinoptera_marginata,Rhinoptera marginata,665364,,,,,,,,,,,,,,,,,,,,,,,,,,,,,,,,,,,,,,,,
ray,Myliobatiformes,Rhinopteridae,Rhinoptera,neglecta,Rhinoptera_neglecta,Rhinoptera neglecta,259973,,,,,,,,,,,,,,,,,,,,,,,,,,,,,,,,,,,,,,,,
ray,Myliobatiformes,Rhinopteridae,Rhinoptera,steindachneri,Rhinoptera_steindachneri,Rhinoptera steindachneri,140078,Endemic,,,,,,,,,,,,,,,,,,,,,,,,,,,,,,,,,,,,,,,
ray,Myliobatiformes,Mobulidae,Mobula,alfredi,Mobula_alfredi,Mobula alfredi,24879248,,,,,,,,,,,,,,,,,,,,,,,,,,,,,,,,,,,,,,,,
ray,Myliobatiformes,Mobulidae,Mobula,birostris,Mobula_birostris,Mobula birostris,29043875,,,,,,,,,,,,,,,,,,,,,,,,,,,,,,,,,,,,,,,,
ray,Myliobatiformes,Mobulidae,Mobula,eregoodoo,Mobula_eregoodoo,Mobula eregoodoo,2776661,,,,,,,,,,,,,,,,,,,,,,,,,,,,,,,,,,,,,,,,
ray,Myliobatiformes,Mobulidae,Mobula,hypostoma,Mobula_hypostoma,Mobula hypostoma,3548208,,,,,,,,,,,,,,,,,,,,,,,,,,,,,,,,,,,,,,,,
ray,Myliobatiformes,Mobulidae,Mobula,kuhlii,Mobula_kuhlii,Mobula kuhlii,9695409,,,,,,,,,,,,,,,,,,,,,,,,,,,,,,,,,,,,,,,,
ray,Myliobatiformes,Mobulidae,Mobula,mobular,Mobula_mobular,Mobula mobular,9840640,,,,,,,,,,,,,,,,,,,,,,,,,,,,,,,,,,,,,,,,
ray,Myliobatiformes,Mobulidae,Mobula,munkiana,Mobula_munkiana,Mobula munkiana,2905542,,,,,,,,,,,,,,,,,,,,,,,,,,,,,,,,,,,,,,,,
ray,Myliobatiformes,Mobulidae,Mobula,tarapacana,Mobula_tarapacana,Mobula tarapacana,11323162,,,,,,,,,,,,,,,,,,,,,,,,,,,,,,,,,,,,,,,,
ray,Myliobatiformes,Mobulidae,Mobula,thurstoni,Mobula_thurstoni,Mobula thurstoni,18224779,,,,,,,,,,,,,,,,,,,,,,,,,,,,,,,,,,,,,,,,
ghost shark,Chimaeriformes,Callorhinchidae,Callorhinchus,callorynchus,Callorhinchus_callorynchus,Callorhinchus callorynchus,1399646,,,,,,,,,,,,,,,,,,,,,,,,,,,,,,,,,,,,,,,,
ghost shark,Chimaeriformes,Callorhinchidae,Callorhinchus,capensis,Callorhinchus_capensis,Callorhinchus capensis,260622,,,,,,,,,,,,,,,,,,,,,,,,,,,,,,,,,,,,,,,,
ghost shark,Chimaeriformes,Callorhinchidae,Callorhinchus,milii,Callorhinchus_milii,Callorhinchus milii,616416,,,,,,,,,,,,,,,,,,,,,,,,,,,,,,,,,,,,,,,,
ghost shark,Chimaeriformes,Chimaeridae,Chimaera,argiloba,Chimaera_argiloba,Chimaera argiloba,14748,Endemic,,,,,,,,,,,,,,,,,,,,,,,,,,,,,,,,,,,,,,,
ghost shark,Chimaeriformes,Chimaeridae,Chimaera,bahamaensis,Chimaera_bahamaensis,Chimaera bahamaensis,224,Endemic,,,,,,,,,,,,,,,,,,,,,,,,,,,,,,,,,,,,,,,
ghost shark,Chimaeriformes,Chimaeridae,Chimaera,buccanigella,Chimaera_buccanigella,Chimaera buccanigella,241,Endemic,,,,,,,,,,,,,,,,,,,,,,,,,,,,,,,,,,,,,,,
ghost shark,Chimaeriformes,Chimaeridae,Chimaera,carophila,Chimaera_carophila,Chimaera carophila,284372,,,,,,,,,,,,,,,,,,,,,,,,,,,,,,,,,,,,,,,,
ghost shark,Chimaeriformes,Chimaeridae,Chimaera,compacta,Chimaera_compacta,Chimaera compacta,,,,,,,,,,,,,,,,,,,,,,,,,,,,,,,,,,,,,,,,,
ghost shark,Chimaeriformes,Chimaeridae,Chimaera,cubana,Chimaera_cubana,Chimaera cubana,91328,Endemic,,,,,,,,,,,,,,,,,,,,,,,,,,,,,,,,,,,,,,,
ghost shark,Chimaeriformes,Chimaeridae,Chimaera,didierae,Chimaera_didierae,Chimaera didierae,562,Endemic,,,,,,,,,,,,,,,,,,,,,,,,,,,,,,,,,,,,,,,
ghost shark,Chimaeriformes,Chimaeridae,Chimaera,fulva,Chimaera_fulva,Chimaera fulva,113781,Endemic,,,,,,,,,,,,,,,,,,,,,,,,,,,,,,,,,,,,,,,
ghost shark,Chimaeriformes,Chimaeridae,Chimaera,jordani,Chimaera_jordani,Chimaera jordani,1621,Endemic,,,,,,,,,,,,,,,,,,,,,,,,,,,,,,,,,,,,,,,
ghost shark,Chimaeriformes,Chimaeridae,Chimaera,lignaria,Chimaera_lignaria,Chimaera lignaria,228923,,,,,,,,,,,,,,,,,,,,,,,,,,,,,,,,,,,,,,,,
ghost shark,Chimaeriformes,Chimaeridae,Chimaera,macrospina,Chimaera_macrospina,Chimaera macrospina,284725,,,,,,,,,,,,,,,,,,,,,,,,,,,,,,,,,,,,,,,,
ghost shark,Chimaeriformes,Chimaeridae,Chimaera,monstrosa,Chimaera_monstrosa,Chimaera monstrosa,1851462,,,,,,,,,,,,,,,,,,,,,,,,,,,,,,,,,,,,,,,,
ghost shark,Chimaeriformes,Chimaeridae,Chimaera,notafricana,Chimaera_notafricana,Chimaera notafricana,16981,Endemic,,,,,,,,,,,,,,,,,,,,,,,,,,,,,,,,,,,,,,,
ghost shark,Chimaeriformes,Chimaeridae,Chimaera,obscura,Chimaera_obscura,Chimaera obscura,1924,Endemic,,,,,,,,,,,,,,,,,,,,,,,,,,,,,,,,,,,,,,,
ghost shark,Chimaeriformes,Chimaeridae,Chimaera,ogilbyi,Chimaera_ogilbyi,Chimaera ogilbyi,163330,,,,,,,,,,,,,,,,,,,,,,,,,,,,,,,,,,,,,,,,
ghost shark,Chimaeriformes,Chimaeridae,Chimaera,opalescens,Chimaera_opalescens,Chimaera opalescens,87892,Endemic,,,,,,,,,,,,,,,,,,,,,,,,,,,,,,,,,,,,,,,
ghost shark,Chimaeriformes,Chimaeridae,Chimaera,orientalis,Chimaera_orientalis,Chimaera orientalis,34659,Endemic,,,,,,,,,,,,,,,,,,,,,,,,,,,,,,,,,,,,,,,
ghost shark,Chimaeriformes,Chimaeridae,Chimaera,owstoni,Chimaera_owstoni,Chimaera owstoni,58118,Endemic,,,,,,,,,,,,,,,,,,,,,,,,,,,,,,,,,,,,,,,
ghost shark,Chimaeriformes,Chimaeridae,Chimaera,panthera,Chimaera_panthera,Chimaera panthera,20995,Endemic,,,,,,,,,,,,,,,,,,,,,,,,,,,,,,,,,,,,,,,
ghost shark,Chimaeriformes,Chimaeridae,Chimaera,phantasma,Chimaera_phantasma,Chimaera phantasma,2420849,,,,,,,,,,,,,,,,,,,,,,,,,,,,,,,,,,,,,,,,
ghost shark,Chimaeriformes,Chimaeridae,Chimaera,stellata,Chimaera_stellata,Chimaera stellata,,,,,,,,,,,,,,,,,,,,,,,,,,,,,,,,,,,,,,,,,
ghost shark,Chimaeriformes,Chimaeridae,Chimaera,supapae,Chimaera_supapae,Chimaera supapae,,,,,,,,,,,,,,,,,,,,,,,,,,,,,,,,,,,,,,,,,
ghost shark,Chimaeriformes,Chimaeridae,Chimaera,willwatchi,Chimaera_willwatchi,Chimaera willwatchi,27019,Endemic,,,,,,,,,,,,,,,,,,,,,,,,,,,,,,,,,,,,,,,
ghost shark,Chimaeriformes,Chimaeridae,Hydrolagus,affinis,Hydrolagus_affinis,Hydrolagus affinis,2185827,,,,,,,,,,,,,,,,,,,,,,,,,,,,,,,,,,,,,,,,
ghost shark,Chimaeriformes,Chimaeridae,Hydrolagus,africanus,Hydrolagus_africanus,Hydrolagus africanus,135505,Endemic,,,,,,,,,,,,,,,,,,,,,,,,,,,,,,,,,,,,,,,
ghost shark,Chimaeriformes,Chimaeridae,Hydrolagus,alberti,Hydrolagus_alberti,Hydrolagus alberti,383161,,,,,,,,,,,,,,,,,,,,,,,,,,,,,,,,,,,,,,,,
ghost shark,Chimaeriformes,Chimaeridae,Hydrolagus,alphus,Hydrolagus_alphus,Hydrolagus alphus,6538,Endemic,,,,,,,,,,,,,,,,,,,,,,,,,,,,,,,,,,,,,,,
ghost shark,Chimaeriformes,Chimaeridae,Hydrolagus,barbouri,Hydrolagus_barbouri,Hydrolagus barbouri,115225,Endemic,,,,,,,,,,,,,,,,,,,,,,,,,,,,,,,,,,,,,,,
ghost shark,Chimaeriformes,Chimaeridae,Hydrolagus,bemisi,Hydrolagus_bemisi,Hydrolagus bemisi,873484,,,,,,,,,,,,,,,,,,,,,,,,,,,,,,,,,,,,,,,,
ghost shark,Chimaeriformes,Chimaeridae,Hydrolagus,colliei,Hydrolagus_colliei,Hydrolagus colliei,516575,,,,,,,,,,,,,,,,,,,,,,,,,,,,,,,,,,,,,,,,
ghost shark,Chimaeriformes,Chimaeridae,Hydrolagus,erithacus,Hydrolagus_erithacus,Hydrolagus erithacus,776,Endemic,,,,,,,,,,,,,,,,,,,,,,,,,,,,,,,,,,,,,,,
ghost shark,Chimaeriformes,Chimaeridae,Hydrolagus,homonycteris,Hydrolagus_homonycteris,Hydrolagus homonycteris,120765,Endemic,,,,,,,,,,,,,,,,,,,,,,,,,,,,,,,,,,,,,,,
ghost shark,Chimaeriformes,Chimaeridae,Hydrolagus,lusitanicus,Hydrolagus_lusitanicus,Hydrolagus lusitanicus,11576,Endemic,,,,,,,,,,,,,,,,,,,,,,,,,,,,,,,,,,,,,,,
ghost shark,Chimaeriformes,Chimaeridae,Hydrolagus,macrophthalmus,Hydrolagus_macrophthalmus,Hydrolagus macrophthalmus,197458,,,,,,,,,,,,,,,,,,,,,,,,,,,,,,,,,,,,,,,,
ghost shark,Chimaeriformes,Chimaeridae,Hydrolagus,marmoratus,Hydrolagus_marmoratus,Hydrolagus marmoratus,18021,Endemic,,,,,,,,,,,,,,,,,,,,,,,,,,,,,,,,,,,,,,,
ghost shark,Chimaeriformes,Chimaeridae,Hydrolagus,matallanasi,Hydrolagus_matallanasi,Hydrolagus matallanasi,5690,Endemic,,,,,,,,,,,,,,,,,,,,,,,,,,,,,,,,,,,,,,,
ghost shark,Chimaeriformes,Chimaeridae,Hydrolagus,mccoskeri,Hydrolagus_mccoskeri,Hydrolagus mccoskeri,920,Endemic,,,,,,,,,,,,,,,,,,,,,,,,,,,,,,,,,,,,,,,
ghost shark,Chimaeriformes,Chimaeridae,Hydrolagus,melanophasma,Hydrolagus_melanophasma,Hydrolagus melanophasma,1007975,,,,,,,,,,,,,,,,,,,,,,,,,,,,,,,,,,,,,,,,
ghost shark,Chimaeriformes,Chimaeridae,Hydrolagus,mirabilis,Hydrolagus_mirabilis,Hydrolagus mirabilis,1171423,,,,,,,,,,,,,,,,,,,,,,,,,,,,,,,,,,,,,,,,
ghost shark,Chimaeriformes,Chimaeridae,Hydrolagus,mitsukurii,Hydrolagus_mitsukurii,Hydrolagus mitsukurii,151885,,,,,,,,,,,,,,,,,,,,,,,,,,,,,,,,,,,,,,,,
ghost shark,Chimaeriformes,Chimaeridae,Hydrolagus,novaezealandiae,Hydrolagus_novaezealandiae,Hydrolagus novaezealandiae,366972,,,,,,,,,,,,,,,,,,,,,,,,,,,,,,,,,,,,,,,,
ghost shark,Chimaeriformes,Chimaeridae,Hydrolagus,pallidus,Hydrolagus_pallidus,Hydrolagus pallidus,1044548,,,,,,,,,,,,,,,,,,,,,,,,,,,,,,,,,,,,,,,,
ghost shark,Chimaeriformes,Chimaeridae,Hydrolagus,purpurescens,Hydrolagus_purpurescens,Hydrolagus purpurescens,73633,Endemic,,,,,,,,,,,,,,,,,,,,,,,,,,,,,,,,,,,,,,,
ghost shark,Chimaeriformes,Chimaeridae,Hydrolagus,trolli,Hydrolagus_trolli,Hydrolagus trolli,182506,,,,,,,,,,,,,,,,,,,,,,,,,,,,,,,,,,,,,,,,
ghost shark,Chimaeriformes,Rhinochimaeridae,Harriotta,avia,Harriotta_avia,Harriotta avia,,,,,,,,,,,,,,,,,,,,,,,,,,,,,,,,,,,,,,,,,
ghost shark,Chimaeriformes,Rhinochimaeridae,Harriotta,haeckeli,Harriotta_haeckeli,Harriotta haeckeli,4066954,,,,,,,,,,,,,,,,,,,,,,,,,,,,,,,,,,,,,,,,
ghost shark,Chimaeriformes,Rhinochimaeridae,Harriotta,raleighana,Harriotta_raleighana,Harriotta raleighana,3768463,,,,,,,,,,,,,,,,,,,,,,,,,,,,,,,,,,,,,,,,
ghost shark,Chimaeriformes,Rhinochimaeridae,Neoharriotta,carri,Neoharriotta_carri,Neoharriotta carri,71594,Endemic,,,,,,,,,,,,,,,,,,,,,,,,,,,,,,,,,,,,,,,
ghost shark,Chimaeriformes,Rhinochimaeridae,Neoharriotta,pinnata,Neoharriotta_pinnata,Neoharriotta pinnata,149474,,,,,,,,,,,,,,,,,,,,,,,,,,,,,,,,,,,,,,,,
ghost shark,Chimaeriformes,Rhinochimaeridae,Neoharriotta,pumila,Neoharriotta_pumila,Neoharriotta pumila,114131,Endemic,,,,,,,,,,,,,,,,,,,,,,,,,,,,,,,,,,,,,,,
ghost shark,Chimaeriformes,Rhinochimaeridae,Rhinochimaera,africana,Rhinochimaera_africana,Rhinochimaera africana,330472,,,,,,,,,,,,,,,,,,,,,,,,,,,,,,,,,,,,,,,,
ghost shark,Chimaeriformes,Rhinochimaeridae,Rhinochimaera,atlantica,Rhinochimaera_atlantica,Rhinochimaera atlantica,1239937,,,,,,,,,,,,,,,,,,,,,,,,,,,,,,,,,,,,,,,,
ghost shark,Chimaeriformes,Rhinochimaeridae,Rhinochimaera,pacifica,Rhinochimaera_pacifica,Rhinochimaera pacifica,810399,,,,,,,,,,,,,,,,,,,,,,,,,,,,,,,,,,,,,,,,
