"","order_name","family_name","genus_name","species_name","scientific_name","upper_depth_iucn_api","lower_depth_iucn_api","upper_depth_genus_mean","lower_depth_genus_mean","upper_depth_combined","lower_depth_combined","num_surface_cells_dissolved_oxygen","num_total_cells_dissolved_oxygen","num_depths_dissolved_oxygen","extreme_min_dissolved_oxygen_micromoles_per_kg","extreme_max_dissolved_oxygen_micromoles_per_kg","extreme_dif_dissolved_oxygen_micromoles_per_kg","average_dissolved_oxygen_micromoles_per_kg","num_surface_cells_temperature","num_total_cells_temperature","num_depths_temperature","extreme_min_temperature_celsius","extreme_max_temperature_celsius","extreme_dif_temperature_celsius","average_temperature_celsius"
"1","RHINOPRISTIFORMES","RHINOBATIDAE","Acroteriobatus","annulatus","Acroteriobatus annulatus",0,75,10,139.428571428571,0,75,14,352,16,0,301.980194091797,254.029251098633,212.414290059697,59,1961,16,4.97769021987915,26.5981101989746,21.286319732666,16.089770654584
"2","RHINOPRISTIFORMES","RHINOBATIDAE","Acroteriobatus","blochii","Acroteriobatus blochii",0,50,10,139.428571428571,0,50,18,55,11,49.4997138977051,285.530639648438,220.097183227539,228.377840354226,72,145,11,12.2547998428345,19.4313907623291,4.86371803283691,13.8042364120483
"3","RHINOPRISTIFORMES","RHINOBATIDAE","Acroteriobatus","leucospilus","Acroteriobatus leucospilus",0,100,10,139.428571428571,0,100,28,629,21,71.7368545532227,250.449096679688,146.419494628906,198.402010870662,112,4911,21,3.09699988365173,30.3226089477539,25.2201099395752,24.923085567107
"4","RHINOPRISTIFORMES","RHINOBATIDAE","Acroteriobatus","ocellatus","Acroteriobatus ocellatus",60,185,10,139.428571428571,60,185,11,122,12,114.356002807617,236.705688476562,103.282516479492,190.331355235616,44,1239,12,5.23891019821167,23.9381103515625,14.8999805450439,15.6393321162756
"5","RHINOPRISTIFORMES","RHINOBATIDAE","Acroteriobatus","omanensis","Acroteriobatus omanensis",0,100,10,139.428571428571,0,100,10,399,21,0,306.709228515625,294.577453613281,134.682452534076,42,5303,21,5.01620006561279,33.4570999145508,25.6203002929688,23.5552173310938
"6","RHINOPRISTIFORMES","RHINOBATIDAE","Acroteriobatus","salalah","Acroteriobatus salalah",10,100,10,139.428571428571,10,100,10,486,19,0,231.352020263672,231.352020263672,125.817213184058,40,6610,19,5.01620006561279,29.7665100097656,24.2866096496582,23.3888606087343
"7","RHINOPRISTIFORMES","RHINOBATIDAE","Acroteriobatus","variegatus","Acroteriobatus variegatus",0,366,10,139.428571428571,0,366,17,1220,32,0,226.539215087891,206.656692504883,109.753838518604,69,12338,32,4.08490991592407,31.052490234375,26.0506992340088,23.5834338484523
"8","RHINOPRISTIFORMES","RHINOBATIDAE","Acroteriobatus","zanzibarensis","Acroteriobatus zanzibarensis",NA,NA,10,139.428571428571,10,139.428571428571,1,0,21,Inf,-Inf,-Inf,NA,5,150,21,7.34899997711182,28.9955997467041,18.9683990478516,25.2414755884806
"9","SQUALIFORMES","ETMOPTERIDAE","Aculeola","nigra","Aculeola nigra",110,735,110,735,110,735,25,412,22,0,166.014923095703,123.696350097656,21.9627727368503,101,2508,22,2.78748989105225,15.2385902404785,10.8993997573853,10.4184487660726
"10","MYLIOBATIFORMES","AETOBATIDAE","Aetobatus","flagellum","Aetobatus flagellum",0,40,0,50,0,40,39,1582,9,0,306.709228515625,294.577453613281,188.506046719557,155,14237,9,2.65948987007141,35.6816902160645,27.2397994995117,27.9593862936957
"11","MYLIOBATIFORMES","AETOBATIDAE","Aetobatus","laticeps","Aetobatus laticeps",NA,NA,0,50,0,50,35,451,11,0,294.344696044922,290.384582519531,164.639223280609,141,3258,11,3.03269004821777,33.9436874389648,25.8135013580322,23.7240325290781
"12","MYLIOBATIFORMES","AETOBATIDAE","Aetobatus","narinari","Aetobatus narinari",0,60,0,50,0,60,59,3504,13,13.9230327606201,278.391296386719,194.866714477539,194.178003478812,234,25565,13,3.53899002075195,30.6297092437744,25.6891002655029,25.7253081500216
"13","MYLIOBATIFORMES","AETOBATIDAE","Aetobatus","narutobiei","Aetobatus narutobiei",0,60,0,50,0,60,25,1341,13,67.6190414428711,353.762603759766,166.814178466797,229.080876338313,100,12836,13,-1.0037100315094,31.2149085998535,27.6921100616455,18.4846613772675
"14","MYLIOBATIFORMES","AETOBATIDAE","Aetobatus","ocellatus","Aetobatus ocellatus",0,40,0,50,0,40,76,6576,9,0,374.343811035156,294.577453613281,200.172216830752,307,45160,9,-1.0037100315094,35.6816902160645,27.6921100616455,26.2143269148097
"15","MYLIOBATIFORMES","MYLIOBATIDAE","Aetomylaeus","asperrimus","Aetomylaeus asperrimus",1,50,2,98.8571428571429,1,50,12,66,11,0,219.738388061523,219.738388061523,140.702778411634,49,579,11,4.28778982162476,29.9396991729736,21.7707004547119,23.2518541372296
"16","MYLIOBATIFORMES","MYLIOBATIDAE","Aetomylaeus","bovinus","Aetomylaeus bovinus",0,150,2,98.8571428571429,0,150,82,5416,23,0,301.980194091797,254.029251098633,202.500164674339,329,42728,23,-1.74990999698639,44.2368125915527,37.5705108642578,17.5909240960718
"17","MYLIOBATIFORMES","MYLIOBATIDAE","Aetomylaeus","caeruleofasciatus","Aetomylaeus caeruleofasciatus",8,117,2,98.8571428571429,8,117,19,1743,20,70.3966598510742,223.026901245117,138.102630615234,189.954528445289,75,20468,20,2.77129006385803,29.6462097167969,26.5213813781738,26.4123059792376
"18","MYLIOBATIFORMES","MYLIOBATIDAE","Aetomylaeus","caeruleofasciatus","Aetomylaeus caeruleofasciatus",8,117,2,98.8571428571429,8,117,19,1743,20,70.3966598510742,223.026901245117,138.102630615234,189.954528445289,75,20468,20,2.77129006385803,29.6462097167969,26.5213813781738,26.4123059792376
"19","MYLIOBATIFORMES","MYLIOBATIDAE","Aetomylaeus","maculatus","Aetomylaeus maculatus",0,60,2,98.8571428571429,0,60,36,1289,13,0,252.805847167969,232.484375,186.343415804109,145,10541,13,3.72439002990723,32.111988067627,25.6907806396484,27.0621715698011
"20","MYLIOBATIFORMES","MYLIOBATIDAE","Aetomylaeus","milvus","Aetomylaeus milvus",0,90,2,98.8571428571429,0,90,15,853,19,0,306.709228515625,294.577453613281,152.831365556259,59,12696,19,5.01620006561279,35.6816902160645,25.6203002929688,24.5241011928746
"21","MYLIOBATIFORMES","MYLIOBATIDAE","Aetomylaeus","nichofii","Aetomylaeus nichofii",5,115,2,98.8571428571429,5,115,67,12322,21,0,380.169738769531,374.896881103516,180.938067300079,266,181098,21,0.133589997887611,31.8292999267578,28.7154903411865,25.21858102773
"22","MYLIOBATIFORMES","MYLIOBATIDAE","Aetomylaeus","vespertilio","Aetomylaeus vespertilio",0,110,2,98.8571428571429,0,110,61,6361,21,0,269.116912841797,232.81494140625,182.203940550011,246,69661,21,2.69889998435974,33.084300994873,27.2327899932861,26.5760529252907
"23","LAMNIFORMES","ALOPIIDAE","Alopias","pelagicus","Alopias pelagicus",0,300,0,635,0,300,75,314260,29,0,380.169738769531,374.896881103516,176.506062150913,299,5026037,29,0.101089999079704,35.2927017211914,28.8861103057861,22.3798087793732
"24","LAMNIFORMES","ALOPIIDAE","Alopias","superciliosus","Alopias superciliosus",0,955,0,635,0,955,94,120888,46,0,349.231292724609,294.577453613281,149.024415154586,376,1703084,46,-1.98351001739502,34.0424880981445,28.8861103057861,16.8511466530151
"25","LAMNIFORMES","ALOPIIDAE","Alopias","superciliosus","Alopias superciliosus",0,955,0,635,0,955,94,120888,46,0,349.231292724609,294.577453613281,149.024415154586,376,1703084,46,-1.98351001739502,34.0424880981445,28.8861103057861,16.8511466530151
"26","LAMNIFORMES","ALOPIIDAE","Alopias","vulpinus","Alopias vulpinus",0,650,0,635,0,650,115,61887,40,0,459.997863769531,348.090118408203,178.354894539392,458,837885,40,-2.01161003112793,34.0424880981445,28.8861103057861,15.1477254698302
"27","RAJIFORMES","RAJIDAE","Amblyraja","badia","Amblyraja badia",846,2324,474.1,1829.9,846,2324,60,10373,27,0,109.252159118652,69.4678573608398,45.2191556297824,243,113814,27,2.02039003372192,6.01460981369019,1.15599012374878,2.57887420956557
"28","RAJIFORMES","RAJIDAE","Amblyraja","doellojuradoi","Amblyraja doellojuradoi",50,1000,474.1,1829.9,50,1000,23,2042,37,131.764297485352,348.658843994141,158.659454345703,276.892104183425,93,22698,37,1.37190997600555,17.7295913696289,7.24759960174561,6.70654828919851
"29","RAJIFORMES","RAJIDAE","Amblyraja","frerichsi","Amblyraja frerichsi",600,2610,474.1,1829.9,600,2610,28,1078,35,48.392951965332,260.715728759766,81.5785522460938,135.08584716811,114,6064,35,2.64038991928101,6.94989013671875,0.862199783325195,3.41217443539631
"30","RAJIFORMES","RAJIDAE","Amblyraja","georgiana","Amblyraja georgiana",20,1255,474.1,1829.9,20,1255,33,12889,48,85.2923049926758,488.256134033203,250.83757019043,264.1028429165,131,138226,48,-2.09999990463257,16.609790802002,9.64739990234375,1.48418898616043
"31","RAJIFORMES","RAJIDAE","Amblyraja","hyperborea","Amblyraja hyperborea",260,2500,474.1,1829.9,260,2500,132,37079,46,0,351.940765380859,125.804061889648,178.437767505578,528,446864,46,-2.10110807418823,15.4028902053833,7.62431001663208,4.22647764344372
"32","RAJIFORMES","RAJIDAE","Amblyraja","jenseni","Amblyraja jenseni",165,2550,474.1,1829.9,165,2550,39,25716,49,116.391983032227,336.717315673828,140.058197021484,257.948014329206,159,271591,49,-2.0998101234436,19.8607902526855,8.88340950012207,5.72676983142005
"33","RAJIFORMES","RAJIDAE","Amblyraja","radiata","Amblyraja radiata",0,1400,474.1,1829.9,0,1400,42,32241,55,92.7306060791016,459.997863769531,348.090118408203,291.251477017274,171,407718,55,-2.09999990463257,26.1155910491943,22.3849010467529,4.58644229544911
"34","RAJIFORMES","RAJIDAE","Amblyraja","reversa","Amblyraja reversa",1500,1500,474.1,1829.9,1500,1500,1,1,1,31.2690124511719,49.7038078308105,18.4347953796387,37.9647369384766,4,6,1,5.09450006484985,5.63009977340698,0.535599708557129,5.39520168304443
"35","RAJIFORMES","RAJIDAE","Amblyraja","robertsi","Amblyraja robertsi",1150,1350,474.1,1829.9,1150,1350,2,5,5,175.352066040039,189.927322387695,12.0536804199219,182.205209350586,8,25,5,2.81700992584229,3.21328997612,0.193880081176758,2.96999320030212
"36","RAJIFORMES","RAJIDAE","Amblyraja","taaf","Amblyraja taaf",150,1810,474.1,1829.9,150,1810,1,41,41,173.134262084961,302.545257568359,124.203628540039,212.763417313739,3,161,41,2.48839998245239,5.66418981552124,3.17519974708557,3.56489906251801
"37","RAJIFORMES","ANACANTHOBATIDAE","Anacanthobatis","marmorata","Anacanthobatis marmorata",200,435,200,435,200,435,7,50,10,132.96403503418,229.402297973633,75.1001434326172,197.475920715332,26,350,10,8.45010948181152,17.3896007537842,2.34641075134277,13.1856001091003
"38","RHINOPRISTIFORMES","PRISTIDAE","Anoxypristis","cuspidata","Anoxypristis cuspidata",0,128,0,128,0,128,50,4676,22,0,239.355834960938,223.633819580078,177.18822396342,196,36829,22,2.84528994560242,32.3907127380371,26.8639011383057,26.9882264803149
"39","RHINOPRISTIFORMES","PRISTIDAE","Anoxypristis","cuspidata","Anoxypristis cuspidata",0,128,0,128,0,128,50,4676,22,0,239.355834960938,223.633819580078,177.18822396342,196,36829,22,2.84528994560242,32.3907127380371,26.8639011383057,26.9882264803149
"40","RHINOPRISTIFORMES","PRISTIDAE","Anoxypristis","cuspidata","Anoxypristis cuspidata",0,128,0,128,0,128,50,4676,22,0,239.355834960938,223.633819580078,177.18822396342,196,36829,22,2.84528994560242,32.3907127380371,26.8639011383057,26.9882264803149
"41","CARCHARHINIFORMES","PENTANCHIDAE","Apristurus","albisoma","Apristurus albisoma",935,1564,576.9,1299.775,935,1564,6,318,13,123.133155822754,200.650588989258,38.4267044067383,166.359442081092,22,3578,13,2.85701012611389,5.79931020736694,0.668500423431396,3.89293181642998
"42","CARCHARHINIFORMES","PENTANCHIDAE","Apristurus","ampliceps","Apristurus ampliceps",800,1503,576.9,1299.775,800,1503,16,904,15,148.956604003906,229.426193237305,50.5949096679688,185.371867222069,64,8560,15,2.52419996261597,7.6414098739624,2.13020992279053,4.46520793376682
"43","CARCHARHINIFORMES","PENTANCHIDAE","Apristurus","aphyodes","Apristurus aphyodes",800,1900,576.9,1299.775,800,1900,20,947,23,175.924087524414,324.673461914062,52.4873504638672,255.352837760949,81,6433,23,-2.09411001205444,10.4579000473022,7.23921012878418,4.78527694563811
"44","CARCHARHINIFORMES","PENTANCHIDAE","Apristurus","australis","Apristurus australis",485,1035,576.9,1299.775,485,1035,30,1316,13,101.635848999023,257.238830566406,49.3755722045898,195.952826462256,122,15134,13,3.30440998077393,12.8051900863647,2.51589965820312,7.05797542507368
"45","CARCHARHINIFORMES","PENTANCHIDAE","Apristurus","breviventralis","Apristurus breviventralis",1000,1120,576.9,1299.775,1000,1120,3,27,3,9.0339527130127,43.8361892700195,28.0957260131836,24.971863216824,9,259,3,7.3252100944519,10.9006004333496,1.44200897216797,8.69708879573925
"46","CARCHARHINIFORMES","PENTANCHIDAE","Apristurus","brunneus","Apristurus brunneus",33,1298,576.9,1299.775,33,1298,65,8394,46,0,352.834350585938,335.287017822266,92.2471654581007,260,91692,46,2.1747100353241,29.4048900604248,20.1844005584717,8.73243587579901
"47","CARCHARHINIFORMES","PENTANCHIDAE","Apristurus","bucephalus","Apristurus bucephalus",920,1140,576.9,1299.775,920,1140,2,12,6,149.357208251953,187.316070556641,12.9812316894531,166.723528544108,4,48,6,3.5101900100708,4.71479988098145,0.58080005645752,3.98586625357469
"48","CARCHARHINIFORMES","PENTANCHIDAE","Apristurus","canutus","Apristurus canutus",521,915,576.9,1299.775,521,915,14,106,9,107.222946166992,175.179946899414,52.1240844726562,134.035115295986,56,503,9,4.91878986358643,12.7177906036377,3.26958036422729,8.11559101506683
"49","CARCHARHINIFORMES","PENTANCHIDAE","Apristurus","exsanguis","Apristurus exsanguis",415,1200,576.9,1299.775,415,1200,22,2669,18,153.418060302734,310.4794921875,60.9449462890625,214.146567472227,88,29699,18,2.67539000511169,12.0543098449707,3.04410028457642,6.86442212344155
"50","CARCHARHINIFORMES","PENTANCHIDAE","Apristurus","fedorovi","Apristurus fedorovi",635,1505,576.9,1299.775,635,1505,8,101,18,32.8634872436523,84.3955688476562,27.7560844421387,46.263042563259,32,1197,18,2.20321011543274,4.97118997573853,1.32558989524841,2.96853720872922
"51","CARCHARHINIFORMES","PENTANCHIDAE","Apristurus","garricki","Apristurus garricki",570,1200,576.9,1299.775,570,1200,21,863,14,156.189895629883,264.591125488281,45.3135833740234,199.988789033503,87,8508,14,2.83910989761353,10.8518905639648,1.90679979324341,6.42465967805833
"52","CARCHARHINIFORMES","PENTANCHIDAE","Apristurus","gibbosus","Apristurus gibbosus",600,913,576.9,1299.775,600,913,9,17,7,72.4182968139648,138.495025634766,48.4579696655273,97.8579783720129,37,147,7,4.62619018554688,8.50039005279541,0.893310070037842,6.11003984723772
"53","CARCHARHINIFORMES","PENTANCHIDAE","Apristurus","herklotsi","Apristurus herklotsi",423,910,576.9,1299.775,423,910,28,372,12,55.9818801879883,192.374649047852,49.7995834350586,111.807252412201,113,2047,12,3.23978996276855,16.0535907745361,2.66769981384277,9.01234618092841
"54","CARCHARHINIFORMES","PENTANCHIDAE","Apristurus","indicus","Apristurus indicus",1282,1840,576.9,1299.775,1282,1840,14,340,12,16.8957443237305,126.613319396973,54.1187057495117,66.3247515341815,57,3953,12,3.93238997459412,8.64739990234375,2.39499998092651,4.9569587279898
"55","CARCHARHINIFORMES","PENTANCHIDAE","Apristurus","investigatoris","Apristurus investigatoris",907,1040,576.9,1299.775,907,1040,8,24,4,41.4619522094727,72.2817535400391,23.7044258117676,54.7063380877177,31,224,4,5.82209014892578,7.64840984344482,0.776000022888184,6.7594527219023
"56","CARCHARHINIFORMES","PENTANCHIDAE","Apristurus","japonicus","Apristurus japonicus",820,915,576.9,1299.775,820,915,8,9,3,36.7078170776367,88.2173004150391,29.7133903503418,52.1212662590875,32,82,3,2.77560997009277,4.67880010604858,1.0576000213623,3.2455952371039
"57","CARCHARHINIFORMES","PENTANCHIDAE","Apristurus","kampae","Apristurus kampae",180,1888,576.9,1299.775,180,1888,45,2230,42,0,143.673950195312,57.7128982543945,35.2876233058125,179,22699,42,2.46060991287231,18.288200378418,10.5012092590332,5.90170888474
"58","CARCHARHINIFORMES","PENTANCHIDAE","Apristurus","laurussonii","Apristurus laurussonii",560,2060,576.9,1299.775,560,2060,45,7383,31,118.867195129395,336.717315673828,70.1508636474609,265.419430107149,181,71646,31,-2.0998101234436,11.9147996902466,7.23921012878418,2.91076193186602
"59","CARCHARHINIFORMES","PENTANCHIDAE","Apristurus","longicephalus","Apristurus longicephalus",500,1350,576.9,1299.775,500,1350,65,2505,18,33.5637512207031,236.169082641602,104.315795898438,114.868372538371,261,30182,18,2.41770005226135,13.9381999969482,6.95287990570068,6.08647337071062
"60","CARCHARHINIFORMES","PENTANCHIDAE","Apristurus","macrorhynchus","Apristurus macrorhynchus",220,1240,576.9,1299.775,220,1240,9,326,27,29.6446075439453,261.108703613281,80.7385864257812,121.823488059951,37,2670,27,2.55101013183594,17.6012096405029,2.35721874237061,7.68675413426388
"61","CARCHARHINIFORMES","PENTANCHIDAE","Apristurus","macrostomus","Apristurus macrostomus",220,1069,576.9,1299.775,220,1069,43,1483,23,0,197.535186767578,78.2886276245117,73.057256805519,173,8969,23,2.63081002235413,19.862190246582,4.35618019104004,9.84727550345076
"62","CARCHARHINIFORMES","PENTANCHIDAE","Apristurus","manis","Apristurus manis",600,1900,576.9,1299.775,600,1900,87,281,27,115.747444152832,283.828369140625,81.8220977783203,234.01497696303,350,1303,27,3.07031011581421,9.54430961608887,1.71900987625122,5.31085823228152
"63","CARCHARHINIFORMES","PENTANCHIDAE","Apristurus","manocheriani","Apristurus manocheriani",89,1300,576.9,1299.775,89,1300,69,1635,35,0,248.925140380859,175.627532958984,67.1101745439232,280,5604,35,3.18038988113403,27.8463096618652,20.2679996490479,14.1048993194724
"64","CARCHARHINIFORMES","PENTANCHIDAE","Apristurus","melanoasper","Apristurus melanoasper",512,1900,576.9,1299.775,512,1900,117,6988,29,87.5532379150391,336.717315673828,81.8220977783203,206.089676828062,466,58173,29,-2.09999990463257,13.3750095367432,7.23921012878418,5.42857085349747
"65","CARCHARHINIFORMES","PENTANCHIDAE","Apristurus","microps","Apristurus microps",700,2200,576.9,1299.775,700,2200,95,791,29,128.173568725586,298.83740234375,81.8220977783203,223.660985008654,382,5248,29,1.26030004024506,11.3138093948364,3.82948064804077,4.46746720128306
"66","CARCHARHINIFORMES","PENTANCHIDAE","Apristurus","nakayai","Apristurus nakayai",672,1150,576.9,1299.775,672,1150,1,11,11,158.89111328125,198.296585083008,18.4278259277344,178.411371404474,3,57,11,3.77011013031006,8.11550998687744,0.558499813079834,5.61777052544711
"67","CARCHARHINIFORMES","PENTANCHIDAE","Apristurus","nasutus","Apristurus nasutus",250,925,576.9,1299.775,250,925,48,701,19,0,220.773498535156,99.9378204345703,40.7026745813889,192,3802,19,3.83719992637634,13.8210000991821,1.89209938049316,8.46009875736006
"68","CARCHARHINIFORMES","PENTANCHIDAE","Apristurus","ovicorrugatus","Apristurus ovicorrugatus",410,550,576.9,1299.775,410,550,4,18,6,105.926872253418,213.065139770508,66.8070678710938,154.455248514811,17,42,6,7.23838996887207,11.8353900909424,1.60759925842285,9.11580320766994
"69","CARCHARHINIFORMES","PENTANCHIDAE","Apristurus","parvipinnis","Apristurus parvipinnis",622,1135,576.9,1299.775,622,1135,25,605,12,45.8416366577148,230.904968261719,116.775840759277,155.92562911609,103,3618,12,4.26919984817505,11.575909614563,2.1754093170166,5.80609498332389
"70","CARCHARHINIFORMES","PENTANCHIDAE","Apristurus","pinguis","Apristurus pinguis",1020,1500,576.9,1299.775,1020,1500,74,1062,11,64.0286712646484,208.48974609375,40.6303558349609,155.735567182695,297,12265,11,2.44589996337891,6.61871004104614,3.04410028457642,3.85488574117045
"71","CARCHARHINIFORMES","PENTANCHIDAE","Apristurus","platyrhynchus","Apristurus platyrhynchus",400,1080,576.9,1299.775,400,1080,72,1113,17,38.3578300476074,252.760192871094,55.9463958740234,139.088750011516,290,12906,17,2.40130996704102,15.1194906234741,2.51589965820312,7.6059477219337
"72","CARCHARHINIFORMES","PENTANCHIDAE","Apristurus","profundorum","Apristurus profundorum",132,1830,576.9,1299.775,132,1830,48,5123,43,41.5945358276367,318.720397949219,149.151062011719,248.392494267931,196,35120,43,0.0875900015234947,21.0671005249023,16.70339012146,5.3277921075048
"73","CARCHARHINIFORMES","PENTANCHIDAE","Apristurus","riveri","Apristurus riveri",732,1461,576.9,1299.775,732,1461,20,999,15,43.2547721862793,273.014770507812,116.775840759277,181.350101528225,81,7304,15,3.99838995933533,11.7197999954224,2.43567991256714,5.24435649128368
"74","CARCHARHINIFORMES","PENTANCHIDAE","Apristurus","saldanha","Apristurus saldanha",344,1009,576.9,1299.775,344,1009,20,387,17,16.1002063751221,230.367416381836,81.8220977783203,157.13737168423,79,1976,17,1.26030004024506,13.6059999465942,4.26479053497314,6.6821231647783
"75","CARCHARHINIFORMES","PENTANCHIDAE","Apristurus","sinensis","Apristurus sinensis",537,1290,576.9,1299.775,537,1290,67,2045,16,48.7640838623047,248.345199584961,80.8581161499023,129.839507642527,268,24725,16,2.84460997581482,10.085599899292,1.88899946212769,5.35077806200851
"76","CARCHARHINIFORMES","PENTANCHIDAE","Apristurus","spongiceps","Apristurus spongiceps",572,1482,576.9,1299.775,572,1482,34,1331,20,22.3537368774414,155.443115234375,45.1345367431641,53.793255449864,135,14906,20,2.52490997314453,8.19400024414062,2.75408983230591,4.25303183109924
"77","CARCHARHINIFORMES","PENTANCHIDAE","Apristurus","stenseni","Apristurus stenseni",915,975,576.9,1299.775,915,975,1,0,2,Inf,-Inf,-Inf,NA,4,3,2,4.79979991912842,5.53311014175415,0.489099979400635,5.12170012791951
"78","CARCHARHINIFORMES","PENTANCHIDAE","Apristurus","yangi","Apristurus yangi",630,786,576.9,1299.775,630,786,4,0,4,Inf,-Inf,-Inf,NA,16,4,4,5.19671010971069,6.47201013565063,0.499220371246338,5.76519501209259
"79","RHINOPRISTIFORMES","TRYGONORRHINIDAE","Aptychotrema","rostrata","Aptychotrema rostrata",0,220,41.3333333333333,156.333333333333,0,220,18,600,26,146.08610534668,241.708831787109,88.4001617431641,203.090292078654,74,8468,26,2.81431007385254,29.3057098388672,24.6045188903809,22.1309208737041
"80","RHINOPRISTIFORMES","TRYGONORRHINIDAE","Aptychotrema","timorensis","Aptychotrema timorensis",124,124,41.3333333333333,156.333333333333,124,124,1,0,1,Inf,-Inf,-Inf,NA,2,0,1,Inf,-Inf,-Inf,NA
"81","RHINOPRISTIFORMES","TRYGONORRHINIDAE","Aptychotrema","vincentiana","Aptychotrema vincentiana",0,125,41.3333333333333,156.333333333333,0,125,21,1814,22,61.0586776733398,273.989593505859,151.05451965332,228.310882980532,84,19542,22,2.63548994064331,29.6446895599365,24.5724906921387,18.9226156465474
"82","RAJIFORMES","ARHYNCHOBATIDAE","Arhynchobatis","asperrimus","Arhynchobatis asperrimus",70,70,70,70,70,70,14,33,1,178.80419921875,266.94970703125,82.0428771972656,240.702782370827,57,327,1,7.20931005477905,19.5934906005859,11.9535102844238,14.955001953545
"83","CARCHARHINIFORMES","PENTANCHIDAE","Asymbolus","analis","Asymbolus analis",200,200,135.333333333333,335,200,200,11,10,1,173.914398193359,226.543685913086,33.9533538818359,195.969985961914,47,148,1,12.000599861145,19.5139904022217,3.03479957580566,16.1356025966438
"84","CARCHARHINIFORMES","PENTANCHIDAE","Asymbolus","funebris","Asymbolus funebris",145,145,135.333333333333,335,145,145,1,1,1,Inf,-Inf,-Inf,233.73030090332,5,13,1,2.8049099445343,16.2976913452148,13.4927816390991,15.5193669245793
"85","CARCHARHINIFORMES","PENTANCHIDAE","Asymbolus","galacticus","Asymbolus galacticus",235,550,135.333333333333,335,235,550,2,52,13,164.925308227539,202.202499389648,29.7254943847656,189.685715015118,8,676,13,9.4771900177002,18.9663906097412,1.45611000061035,14.4601630501493
"86","CARCHARHINIFORMES","PENTANCHIDAE","Asymbolus","occiduus","Asymbolus occiduus",98,400,135.333333333333,335,98,400,5,369,13,143.906921386719,269.795135498047,91.9932250976562,239.962725259424,19,4475,13,2.65498995780945,21.6443004608154,17.8115100860596,12.7740072190695
"87","CARCHARHINIFORMES","PENTANCHIDAE","Asymbolus","pallidus","Asymbolus pallidus",225,400,135.333333333333,335,225,400,9,358,8,146.08610534668,203.345153808594,37.7555847167969,170.148080111882,38,5115,8,9.73439025878906,20.7846088409424,3.3507194519043,16.5951753603282
"88","CARCHARHINIFORMES","PENTANCHIDAE","Asymbolus","parvus","Asymbolus parvus",160,360,135.333333333333,335,160,360,12,248,9,90.7105712890625,245.091888427734,104.350524902344,155.976875705104,50,2948,9,3.22639989852905,22.1276912689209,18.7744808197021,15.8924988005184
"89","CARCHARHINIFORMES","PENTANCHIDAE","Asymbolus","rubiginosus","Asymbolus rubiginosus",25,540,135.333333333333,335,25,540,19,960,33,147.058517456055,272.180358886719,103.517181396484,217.820454565684,75,14095,33,2.70650005340576,26.5667095184326,17.911600112915,15.4295654103366
"90","CARCHARHINIFORMES","PENTANCHIDAE","Asymbolus","submaculatus","Asymbolus submaculatus",30,200,135.333333333333,335,30,200,5,481,19,143.906921386719,269.795135498047,91.9932250976562,235.158400601012,20,4547,19,2.6816999912262,22.4766101837158,18.0157108306885,17.2033917848844
"91","CARCHARHINIFORMES","PENTANCHIDAE","Asymbolus","vincenti","Asymbolus vincenti",100,220,135.333333333333,335,100,220,13,339,6,156.439331054688,269.795135498047,103.141387939453,243.296884767425,49,3811,6,2.52419996261597,19.7416095733643,16.0282192230225,13.5017894213358
"92","CARCHARHINIFORMES","SCYLIORHINIDAE","Atelomycterus","baliensis","Atelomycterus baliensis",0,100,7.66666666666667,86.3333333333333,0,100,2,84,21,29.2670936584473,221.084289550781,172.838287353516,162.506121317546,8,424,21,5.30101013183594,30.0221099853516,21.5903987884521,26.0455988892969
"93","CARCHARHINIFORMES","SCYLIORHINIDAE","Atelomycterus","erdmanni","Atelomycterus erdmanni",3,62,7.66666666666667,86.3333333333333,3,62,6,48,12,92.0217056274414,222.149810791016,129.895294189453,191.469309806824,22,264,12,3.15419006347656,29.7024993896484,25.8949108123779,28.1446038665194
"94","CARCHARHINIFORMES","SCYLIORHINIDAE","Atelomycterus","fasciatus","Atelomycterus fasciatus",27,122,7.66666666666667,86.3333333333333,27,122,5,205,17,61.0586776733398,239.355834960938,150.360961914062,191.377799429545,18,2161,17,4.01780986785889,29.1075096130371,20.6843204498291,25.2606661777593
"95","CARCHARHINIFORMES","SCYLIORHINIDAE","Atelomycterus","macleayi","Atelomycterus macleayi",0,60,7.66666666666667,86.3333333333333,0,60,11,660,13,58.7150726318359,229.56103515625,154.507476806641,196.871242430716,43,8087,13,6.58500003814697,31.3924007415771,23.2894897460938,27.7685861845784
"96","CARCHARHINIFORMES","SCYLIORHINIDAE","Atelomycterus","marmoratus","Atelomycterus marmoratus",5,100,7.66666666666667,86.3333333333333,5,100,37,4957,20,0,281.330169677734,240.769912719727,171.268142145921,146,47831,20,2.62009000778198,30.8974895477295,27.2327899932861,26.8066566268539
"97","CARCHARHINIFORMES","SCYLIORHINIDAE","Atelomycterus","marnkalha","Atelomycterus marnkalha",11,74,7.66666666666667,86.3333333333333,11,74,15,529,14,121.999786376953,214.546951293945,83.9709014892578,194.164239692327,61,5891,14,2.88361001014709,29.3630905151367,26.2411994934082,26.3808495941318
"98","RAJIFORMES","ARHYNCHOBATIDAE","Atlantoraja","castelnaui","Atlantoraja castelnaui",0,300,0,313.333333333333,0,300,22,1234,29,181.609512329102,339.606658935547,104.093795776367,247.28270156341,88,17060,29,2.45100998878479,28.42799949646,18.2648086547852,14.5701462324591
"99","RAJIFORMES","ARHYNCHOBATIDAE","Atlantoraja","cyclophora","Atlantoraja cyclophora",0,320,0,313.333333333333,0,320,20,1055,30,181.609512329102,339.606658935547,104.093795776367,244.98331569292,80,14667,30,2.45100998878479,28.42799949646,18.2648086547852,15.1425059962681
"100","RAJIFORMES","ARHYNCHOBATIDAE","Atlantoraja","platana","Atlantoraja platana",0,320,0,313.333333333333,0,320,25,1545,30,181.609512329102,339.606658935547,104.093795776367,252.420802736745,98,21723,30,1.37190997600555,28.42799949646,18.2648086547852,13.3866751249646
"101","CARCHARHINIFORMES","SCYLIORHINIDAE","Aulohalaelurus","kanakorum","Aulohalaelurus kanakorum",49,49,24.5,26.5,49,49,1,2,1,171.718307495117,222.818572998047,51.1002655029297,209.964431762695,6,27,1,10.4447908401489,25.7827911376953,14.9490909576416,23.6696482057925
"102","CARCHARHINIFORMES","SCYLIORHINIDAE","Aulohalaelurus","labiosus","Aulohalaelurus labiosus",0,4,24.5,26.5,0,4,8,44,2,205.717422485352,259.327362060547,36.6119384765625,229.535570664839,31,566,2,7.78050994873047,24.5408096313477,16.2429180145264,19.5463430721431
"103","RAJIFORMES","ARHYNCHOBATIDAE","Bathyraja","abyssicola","Bathyraja abyssicola",360,2910,439.88679245283,1492.09433962264,360,2910,63,12396,46,0,232.836456298828,151.154647827148,47.2850404009968,251,112835,46,1.26498997211456,11.9986000061035,4.08012008666992,3.34147926539773
"104","RAJIFORMES","ARHYNCHOBATIDAE","Bathyraja","albomaculata","Bathyraja albomaculata",55,945,439.88679245283,1492.09433962264,55,945,32,3241,35,0,348.658843994141,171.082153320312,249.567527073322,128,35410,35,0.873700022697449,16.2382907867432,12.0525808334351,6.45981593365657
"105","RAJIFORMES","ARHYNCHOBATIDAE","Bathyraja","aleutica","Bathyraja aleutica",15,1600,439.88679245283,1492.09433962264,15,1600,27,14720,56,0,415.692169189453,385.539733886719,182.671989146782,108,128496,56,-2.09960985183716,25.254810333252,22.942720413208,3.19756971517119
"106","RAJIFORMES","ARHYNCHOBATIDAE","Bathyraja","andriashevi","Bathyraja andriashevi",1200,2004,439.88679245283,1492.09433962264,1200,2004,17,360,17,22.4990711212158,78.5979385375977,35.0510635375977,56.5039800643921,69,2602,17,1.9415899515152,3.05310010910034,0.392900228500366,2.18786878626132
"107","RAJIFORMES","ARHYNCHOBATIDAE","Bathyraja","arctowskii","Bathyraja arctowskii",0,1685,439.88679245283,1492.09433962264,0,1685,19,10130,61,146.052307128906,429.126861572266,215.900360107422,270.261288063524,75,91241,61,-2.1002082824707,3.85760998725891,5.69591999053955,-0.905688008961593
"108","RAJIFORMES","ARHYNCHOBATIDAE","Bathyraja","bergi","Bathyraja bergi",78,1800,439.88679245283,1492.09433962264,78,1800,15,1697,47,24.3612022399902,366.706085205078,302.478637695312,203.40214865195,61,12271,47,-1.86091005802155,17.3203907012939,17.076000213623,2.7989411575661
"109","RAJIFORMES","ARHYNCHOBATIDAE","Bathyraja","brachyurops","Bathyraja brachyurops",28,604,439.88679245283,1492.09433962264,28,604,27,2856,33,0,348.658843994141,254.289367675781,263.894308675571,108,32906,33,1.37190997600555,19.1003093719482,13.2227001190186,7.6802661122721
"110","RAJIFORMES","ARHYNCHOBATIDAE","Bathyraja","cousseauae","Bathyraja cousseauae",105,1190,439.88679245283,1492.09433962264,105,1190,20,1075,31,157.490173339844,348.658843994141,158.659454345703,264.589722247456,82,11359,31,0.873700022697449,10.6511096954346,7.95919990539551,4.56547805301446
"111","RAJIFORMES","ARHYNCHOBATIDAE","Bathyraja","diplotaenia","Bathyraja diplotaenia",100,1000,439.88679245283,1492.09433962264,100,1000,11,258,27,32.8262786865234,366.706085205078,288.127197265625,162.898444685825,43,2578,27,-1.78101003170013,16.0775089263916,13.1726188659668,3.67840615157497
"112","RAJIFORMES","ARHYNCHOBATIDAE","Bathyraja","eatonii","Bathyraja eatonii",15,1500,439.88679245283,1492.09433962264,15,1500,29,3688,54,144.242980957031,390.46728515625,208.294509887695,274.042878959805,117,30652,54,-2.09999990463257,6.61790990829468,6.58911037445068,0.273629378450673
"113","RAJIFORMES","ARHYNCHOBATIDAE","Bathyraja","fedorovi","Bathyraja fedorovi",445,2025,439.88679245283,1492.09433962264,445,2025,30,2438,33,0,231.822692871094,196.845138549805,76.2276073135833,122,26035,33,-2.09941005706787,12.0753908157349,4.01799964904785,2.53186840834649
"114","RAJIFORMES","ARHYNCHOBATIDAE","Bathyraja","griseocauda","Bathyraja griseocauda",30,1010,439.88679245283,1492.09433962264,30,1010,28,4123,41,0,348.658843994141,280.992004394531,257.933797382713,112,47900,41,0.873700022697449,17.8664093017578,12.6087999343872,6.95907485781731
"115","RAJIFORMES","ARHYNCHOBATIDAE","Bathyraja","hesperafricana","Bathyraja hesperafricana",750,980,439.88679245283,1492.09433962264,750,980,26,268,6,61.0466117858887,176.237274169922,86.7142486572266,122.594662282004,103,775,6,4.36240005493164,8.2684907913208,0.86899995803833,5.59817335744058
"116","RAJIFORMES","ARHYNCHOBATIDAE","Bathyraja","interrupta","Bathyraja interrupta",23,1380,439.88679245283,1492.09433962264,23,1380,18,7053,50,0,399.649963378906,372.169677734375,170.038772837483,69,53061,50,-0.670809984207153,13.0441999435425,8.71200084686279,3.9726479572818
"117","RAJIFORMES","ARHYNCHOBATIDAE","Bathyraja","irrasa","Bathyraja irrasa",300,1220,439.88679245283,1492.09433962264,300,1220,7,385,23,158.615447998047,277.819427490234,46.6553649902344,199.034474796444,28,1765,23,0.958299994468689,3.39451003074646,1.06660997867584,2.15786459067726
"118","RAJIFORMES","ARHYNCHOBATIDAE","Bathyraja","ishiharai","Bathyraja ishiharai",2300,2300,439.88679245283,1492.09433962264,2300,2300,2,4,1,156.230041503906,162.219772338867,4.63320922851562,170.862590789795,9,47,1,2.80279994010925,2.96448993682861,0.116379976272583,2.09412999356047
"119","RAJIFORMES","ARHYNCHOBATIDAE","Bathyraja","isotrachys","Bathyraja isotrachys",370,2000,439.88679245283,1492.09433962264,370,2000,34,4647,36,0,290.359130859375,196.845138549805,123.651083849157,136,47249,36,-2.09960985183716,17.2511100769043,4.21399974822998,2.49238599629546
"120","RAJIFORMES","ARHYNCHOBATIDAE","Bathyraja","kincaidii","Bathyraja kincaidii",18,1372,439.88679245283,1492.09433962264,18,1372,27,2129,50,2.12957549095154,322.463562011719,290.100402832031,125.836819402821,110,16646,50,2.33179998397827,19.3304901123047,10.7333183288574,7.89682912832267
"121","RAJIFORMES","ARHYNCHOBATIDAE","Bathyraja","leucomelanos","Bathyraja leucomelanos",953,1022,439.88679245283,1492.09433962264,953,1022,1,2,2,161.315536499023,185.58415222168,17.4904022216797,173.875282287598,4,21,2,4.39691019058228,4.94618988037109,0.299279689788818,4.66582761492048
"122","RAJIFORMES","ARHYNCHOBATIDAE","Bathyraja","lindbergi","Bathyraja lindbergi",34,1200,439.88679245283,1492.09433962264,34,1200,20,9228,44,0,411.553894042969,380.374664306641,196.349458439917,83,88205,44,-2.09960985183716,11.8044900894165,12.768500328064,2.06028924977483
"123","RAJIFORMES","ARHYNCHOBATIDAE","Bathyraja","maccaini","Bathyraja maccaini",91,500,439.88679245283,1492.09433962264,91,500,23,1273,19,146.052307128906,356.325531005859,171.205139160156,254.372776567889,89,10016,19,-2.09999990463257,5.36608982086182,4.99130010604858,0.366145988620924
"124","RAJIFORMES","ARHYNCHOBATIDAE","Bathyraja","macloviana","Bathyraja macloviana",50,515,439.88679245283,1492.09433962264,50,515,21,1664,27,149.690139770508,348.658843994141,154.117782592773,277.450678972098,85,18789,27,0.873700022697449,21.1485996246338,15.6203994750977,7.03357206203551
"125","RAJIFORMES","ARHYNCHOBATIDAE","Bathyraja","maculata","Bathyraja maculata",73,1200,439.88679245283,1492.09433962264,73,1200,20,5840,36,0,411.553894042969,373.964263916016,157.430663342509,78,49500,36,-2.09960985183716,8.11789035797119,8.65240001678467,1.94377573321667
"126","RAJIFORMES","ARHYNCHOBATIDAE","Bathyraja","magellanica","Bathyraja magellanica",30,600,439.88679245283,1492.09433962264,30,600,14,1567,33,167.479431152344,348.658843994141,134.971588134766,277.851085309855,58,20325,33,2.03188991546631,10.6395092010498,6.40319967269897,7.3344813218064
"127","RAJIFORMES","ARHYNCHOBATIDAE","Bathyraja","mariposa","Bathyraja mariposa",90,448,439.88679245283,1492.09433962264,90,448,3,306,17,0,356.185516357422,342.474365234375,132.062777799719,12,4225,17,2.10369992256165,5.61608982086182,2.84540009498596,3.87361168212439
"128","RAJIFORMES","ARHYNCHOBATIDAE","Bathyraja","matsubarai","Bathyraja matsubarai",120,2000,439.88679245283,1492.09433962264,120,2000,9,507,46,31.6660423278809,334.944488525391,290.359741210938,120.313827326547,36,5319,46,-1.3709100484848,13.2584095001221,10.7476196289062,3.14399077923717
"129","RAJIFORMES","ARHYNCHOBATIDAE","Bathyraja","meridionalis","Bathyraja meridionalis",65,2240,439.88679245283,1492.09433962264,65,2240,18,1902,56,154.073883056641,355.205749511719,187.336898803711,260.010388170758,74,20082,56,-0.266310006380081,8.40700912475586,4.51677989959717,5.28117134325082
"130","RAJIFORMES","ARHYNCHOBATIDAE","Bathyraja","microtrachys","Bathyraja microtrachys",1995,2900,439.88679245283,1492.09433962264,1995,2900,17,200,10,26.7220230102539,55.1362953186035,15.0411949157715,91.3157573318481,65,1306,10,2.46060991287231,3.79980993270874,0.922099828720093,1.8174809484898
"131","RAJIFORMES","ARHYNCHOBATIDAE","Bathyraja","minispinosa","Bathyraja minispinosa",106,1420,439.88679245283,1492.09433962264,106,1420,19,6406,35,0,411.553894042969,345.708435058594,109.478098250165,79,54347,35,-2.09960985183716,7.92809009552002,6.17541027069092,2.66846888349927
"132","RAJIFORMES","ARHYNCHOBATIDAE","Bathyraja","multispinis","Bathyraja multispinis",70,740,439.88679245283,1492.09433962264,70,740,30,2448,28,0,348.658843994141,160.713226318359,260.786825158238,120,26571,28,0.873700022697449,22.6135005950928,17.7191791534424,7.03904447952682
"133","RAJIFORMES","ARHYNCHOBATIDAE","Bathyraja","murrayi","Bathyraja murrayi",20,800,439.88679245283,1492.09433962264,20,800,6,923,39,158.615447998047,354.781921386719,188.813018798828,288.303987893614,25,7887,39,0.60001003742218,6.61790990829468,5.54508972167969,2.83047055013131
"134","RAJIFORMES","ARHYNCHOBATIDAE","Bathyraja","pacifica","Bathyraja pacifica",1760,1789,439.88679245283,1492.09433962264,1760,1789,2,8,2,154.416046142578,160.183853149414,4.95419311523438,153.227304458618,9,85,2,3.04400992393494,3.5260899066925,0.379500150680542,2.57890247176675
"135","RAJIFORMES","ARHYNCHOBATIDAE","Bathyraja","pallida","Bathyraja pallida",1869,3366,439.88679245283,1492.09433962264,1869,3366,7,79,18,252.077728271484,281.145690917969,15.7894287109375,275.610926374604,27,394,18,3.4085099697113,4.62208986282349,0.239389896392822,3.06392448505169
"136","RAJIFORMES","ARHYNCHOBATIDAE","Bathyraja","panthera","Bathyraja panthera",48,396,439.88679245283,1492.09433962264,48,396,4,621,23,0,372.098815917969,361.020233154297,199.420892319242,16,6652,23,2.13309001922607,6.45309019088745,3.70129990577698,3.89891518348681
"137","RAJIFORMES","ARHYNCHOBATIDAE","Bathyraja","papilionifera","Bathyraja papilionifera",637,2000,439.88679245283,1492.09433962264,637,2000,18,132,28,159.960556030273,303.136444091797,51.7526092529297,200.185265974565,70,818,28,1.84320998191833,6.03818988800049,2.0052797794342,3.11756377610717
"138","RAJIFORMES","ARHYNCHOBATIDAE","Bathyraja","parmifera","Bathyraja parmifera",17,392,439.88679245283,1492.09433962264,17,392,30,8266,30,0,415.692169189453,385.539733886719,275.723959541598,118,81202,30,-1.99061000347137,16.4357089996338,14.3161096572876,2.41964699807594
"139","RAJIFORMES","ARHYNCHOBATIDAE","Bathyraja","peruana","Bathyraja peruana",605,1207,439.88679245283,1492.09433962264,605,1207,58,614,13,0,298.747894287109,81.5785522460938,133.049091230386,232,2861,13,2.78018999099731,7.56750011444092,1.45941019058228,4.6394012837675
"140","RAJIFORMES","ARHYNCHOBATIDAE","Bathyraja","richardsoni","Bathyraja richardsoni",1219,2992,439.88679245283,1492.09433962264,1219,2992,106,6666,27,148.346694946289,297.335021972656,58.4695434570312,228.930783630884,423,76179,27,2.55250000953674,8.73339080810547,2.2052001953125,3.38133092039651
"141","RAJIFORMES","ARHYNCHOBATIDAE","Bathyraja","scaphiops","Bathyraja scaphiops",30,925,439.88679245283,1492.09433962264,30,925,19,1814,39,167.479431152344,348.658843994141,134.971588134766,281.386468401555,77,19784,39,1.37190997600555,20.8530006408691,14.3437900543213,6.74090567445687
"142","RAJIFORMES","ARHYNCHOBATIDAE","Bathyraja","schroederi","Bathyraja schroederi",800,2380,439.88679245283,1492.09433962264,800,2380,21,677,29,99.4008712768555,292.476654052734,58.0344848632812,156.308807542088,83,3203,29,2.51728987693787,5.17601013183594,1.56520009040833,3.11357344514387
"143","RAJIFORMES","ARHYNCHOBATIDAE","Bathyraja","shuntovi","Bathyraja shuntovi",300,1485,439.88679245283,1492.09433962264,300,1485,20,2454,29,148.346694946289,310.4794921875,60.9449462890625,211.968795726624,78,23866,29,2.59618997573853,14.3083906173706,3.04410028457642,7.31231962881254
"144","RAJIFORMES","ARHYNCHOBATIDAE","Bathyraja","smirnovi","Bathyraja smirnovi",58,1125,439.88679245283,1492.09433962264,58,1125,27,5224,37,0,418.534515380859,380.374664306641,224.318237571037,109,57756,37,-2.09960985183716,19.6251087188721,19.275598526001,1.51154454837543
"145","RAJIFORMES","ARHYNCHOBATIDAE","Bathyraja","smithii","Bathyraja smithii",250,1040,439.88679245283,1492.09433962264,250,1040,15,364,22,13.822377204895,230.367416381836,110.338958740234,176.369539596222,60,2500,22,1.26030004024506,15.3894901275635,4.26479053497314,7.55313117647171
"146","RAJIFORMES","ARHYNCHOBATIDAE","Bathyraja","spinicauda","Bathyraja spinicauda",140,1650,439.88679245283,1492.09433962264,140,1650,44,18857,38,92.7306060791016,351.582427978516,196.798049926758,284.982862167168,177,200231,38,-2.09999990463257,20.3910903930664,16.0993003845215,3.39140935214697
"147","RAJIFORMES","ARHYNCHOBATIDAE","Bathyraja","spinosissima","Bathyraja spinosissima",800,2906,439.88679245283,1492.09433962264,800,2906,38,2947,34,0,78.1080551147461,31.8636779785156,57.2791880081579,155,27016,34,2.46060991287231,6.12600994110107,1.15599012374878,3.14895026724668
"148","RAJIFORMES","ARHYNCHOBATIDAE","Bathyraja","taranetzi","Bathyraja taranetzi",17,1063,439.88679245283,1492.09433962264,17,1063,21,5482,45,0,415.692169189453,385.539733886719,205.153907680372,83,47168,45,-0.967810034751892,12.808500289917,13.4768104553223,3.00262709958268
"149","RAJIFORMES","ARHYNCHOBATIDAE","Bathyraja","trachouros","Bathyraja trachouros",100,800,439.88679245283,1492.09433962264,100,800,10,191,23,32.8262786865234,334.944488525391,287.457092285156,178.799154531269,38,1928,23,-1.6669100522995,13.9692096710205,11.2068996429443,3.47498840002944
"150","RAJIFORMES","ARHYNCHOBATIDAE","Bathyraja","trachura","Bathyraja trachura",90,2900,439.88679245283,1492.09433962264,90,2900,37,14788,58,0,433.582611083984,352.891479492188,89.5610533899831,148,133637,58,-2.09960985183716,18.2805995941162,13.8646984100342,3.39184289501536
"151","RAJIFORMES","ARHYNCHOBATIDAE","Bathyraja","tunae","Bathyraja tunae",1700,2240,439.88679245283,1492.09433962264,1700,2240,2,36,9,157.074661254883,179.441909790039,20.5314483642578,177.131960127089,7,193,9,3.21911001205444,3.47778987884521,0.174499988555908,2.6939091175949
"152","RAJIFORMES","ARHYNCHOBATIDAE","Bathyraja","tzinovskii","Bathyraja tzinovskii",1775,2500,439.88679245283,1492.09433962264,1775,2500,12,205,11,37.4261474609375,74.6832733154297,33.0895309448242,75.64728747112,49,1097,11,1.98638999462128,2.46698999404907,0.20890998840332,1.94563708124969
"153","RAJIFORMES","ARHYNCHOBATIDAE","Bathyraja","violacea","Bathyraja violacea",25,1100,439.88679245283,1492.09433962264,25,1100,21,8895,44,0,413.884887695312,380.374664306641,209.886831893513,85,79437,44,-2.09960985183716,14.404990196228,13.3729095458984,1.99179738136432
"154","MYLIOBATIFORMES","DASYATIDAE","Bathytoshia","brevicaudata","Bathytoshia brevicaudata",0,480,0,518.333333333333,0,480,100,12074,36,32.8262786865234,376.047760009766,337.253845214844,233.040835910233,399,91505,36,-1.7476099729538,29.7378005981445,26.7935104370117,14.1788890095944
"155","MYLIOBATIFORMES","DASYATIDAE","Bathytoshia","centroura","Bathytoshia centroura",0,275,0,518.333333333333,0,275,85,3646,28,98.3561096191406,339.606658935547,156.048461914062,215.222309384579,343,37966,28,1.37190997600555,30.3610897064209,25.216609954834,18.1661229956635
"156","MYLIOBATIFORMES","DASYATIDAE","Bathytoshia","lata","Bathytoshia lata",0,800,0,518.333333333333,0,800,90,19917,43,0,301.980194091797,235.433792114258,181.576283051282,360,162096,43,-1.98351001739502,44.2368125915527,37.5705108642578,16.99985311424
"157","TORPEDINIFORMES","NARCINIDAE","Benthobatis","kreffti","Benthobatis kreffti",450,530,433.5,775.25,450,530,10,20,4,180.665298461914,237.356475830078,54.7576293945312,214.293628692627,40,124,4,7.24178981781006,12.5506906509399,2.99610996246338,10.2889340846769
"158","TORPEDINIFORMES","NARCINIDAE","Benthobatis","marcida","Benthobatis marcida",197,1000,433.5,775.25,197,1000,24,428,23,89.5451202392578,230.586624145508,69.6816177368164,143.23282325602,95,3118,23,4.61559009552002,23.371410369873,3.34950065612793,12.0660003915362
"159","TORPEDINIFORMES","NARCINIDAE","Benthobatis","moresbyi","Benthobatis moresbyi",787,1071,433.5,775.25,787,1071,18,206,6,0,74.9750900268555,45.8121643066406,20.9989525149169,72,1858,6,6.25401020050049,11.5828094482422,1.24331951141357,8.45549379226594
"160","TORPEDINIFORMES","NARCINIDAE","Benthobatis","yangi","Benthobatis yangi",300,500,433.5,775.25,300,500,1,0,9,Inf,-Inf,-Inf,NA,2,16,9,8.23840045928955,12.6881904602051,0.941009521484375,10.3431775569916
"161","RAJIFORMES","RAJIDAE","Beringraja","binoculata","Beringraja binoculata",200,800,44,644.566666666667,200,800,35,2287,19,0,282.876617431641,206.262680053711,55.4372306355859,137,22241,19,2.94818997383118,10.8144092559814,3.30770015716553,4.85174877716158
"162","RAJIFORMES","RAJIDAE","Beringraja","cortezensis","Beringraja cortezensis",15,90,44,644.566666666667,15,90,8,64,16,0,261.637268066406,253.74772644043,148.727944016457,33,1319,16,2.83788990974426,31.8700904846191,25.096809387207,18.3065497815564
"163","RAJIFORMES","RAJIDAE","Beringraja","inornata","Beringraja inornata",17,671,44,644.566666666667,17,671,27,2211,37,0,294.221130371094,274.104461669922,130.21739528838,107,23877,37,2.46060991287231,31.3228092193604,28.486400604248,11.1984938745818
"164","RAJIFORMES","RAJIDAE","Beringraja","pulchra","Beringraja pulchra",5,30,44,644.566666666667,5,30,28,823,6,38.2677536010742,390.156890869141,337.253845214844,267.935579487649,115,11939,6,-1.83771002292633,28.7787094116211,26.1280002593994,13.6709226377744
"165","RAJIFORMES","RAJIDAE","Beringraja","rhina","Beringraja rhina",9,1294,44,644.566666666667,9,1294,33,4179,51,0,358.194122314453,342.696868896484,154.90518229257,136,35439,51,2.13529992103577,21.2262992858887,17.9529094696045,7.16405276823112
"166","RAJIFORMES","RAJIDAE","Beringraja","stellulata","Beringraja stellulata",18,982.4,44,644.566666666667,18,982.4,17,1279,43,2.12957549095154,287.301940917969,259.734252929688,127.471726592021,71,13826,43,2.46060991287231,18.7524089813232,10.3453102111816,8.47708196861086
"167","ORECTOLOBIFORMES","BRACHAELURIDAE","Brachaelurus","colcloughi","Brachaelurus colcloughi",4,217,2,178.5,4,217,9,210,25,146.08610534668,214.546951293945,59.7903594970703,197.094902038574,37,2716,25,3.63701009750366,28.2003993988037,23.191089630127,23.8939175879657
"168","ORECTOLOBIFORMES","BRACHAELURIDAE","Brachaelurus","waddi","Brachaelurus waddi",0,140,2,178.5,0,140,7,180,23,147.058517456055,232.408050537109,79.7497253417969,208.281476084391,31,2989,23,2.85720992088318,26.5349998474121,23.1808986663818,20.625154743788
"169","RAJIFORMES","RAJIDAE","Breviraja","claramaculata","Breviraja claramaculata",293,896,356,748.2,293,896,7,73,17,115.356346130371,203.714859008789,52.4015960693359,152.235428169982,28,348,17,5.45651006698608,17.9368000030518,2.65250968933105,12.5307042160253
"170","RAJIFORMES","RAJIDAE","Breviraja","colesi","Breviraja colesi",220,623,356,748.2,220,623,8,449,14,112.035636901855,218.205780029297,76.7000885009766,165.584522850529,32,2971,14,7.25720977783203,23.3113899230957,3.26958036422729,16.5370662009343
"171","RAJIFORMES","RAJIDAE","Breviraja","mouldi","Breviraja mouldi",353,776,356,748.2,353,776,7,46,13,52.0491409301758,185.239242553711,116.775840759277,129.634818533193,29,397,13,4.32029008865356,14.1759099960327,2.787109375,9.43763901424648
"172","RAJIFORMES","RAJIDAE","Breviraja","nigriventralis","Breviraja nigriventralis",549,776,356,748.2,549,776,7,72,6,89.9612045288086,161.373519897461,49.3881454467773,133.448116938273,30,425,6,4.99748992919922,9.58450031280518,1.75931024551392,6.63268181183759
"173","RAJIFORMES","RAJIDAE","Breviraja","spinosa","Breviraja spinosa",365,670,356,748.2,365,670,14,107,9,83.6241455078125,203.714859008789,52.4015960693359,140.274387466573,58,571,9,6.08779001235962,16.2931003570557,3.22749996185303,11.0763718451385
"174","MYLIOBATIFORMES","DASYATIDAE","Brevitrygon","heterura","Brevitrygon heterura",0,50,0.6,67.8,0,50,22,1279,11,18.6150932312012,227.634948730469,200.391845703125,189.248687863443,88,15716,11,4.3370099067688,32.111988067627,24.8330898284912,28.3018141453064
"175","MYLIOBATIFORMES","DASYATIDAE","Brevitrygon","imbricata","Brevitrygon imbricata",3,55,0.6,67.8,3,55,22,662,11,0,232.484375,232.484375,180.066361614585,87,5833,11,4.2372899055481,30.029109954834,25.591911315918,28.0275428571853
"176","MYLIOBATIFORMES","DASYATIDAE","Brevitrygon","javaensis","Brevitrygon javaensis",0,100,0.6,67.8,0,100,1,0,21,Inf,-Inf,-Inf,NA,4,202,21,5.30101013183594,30.0221099853516,21.5903987884521,26.4951309355179
"177","MYLIOBATIFORMES","DASYATIDAE","Brevitrygon","manjajiae","Brevitrygon manjajiae",0,94,0.6,67.8,0,94,11,348,20,0,306.709228515625,294.577453613281,164.804198857011,46,2932,20,8.10349082946777,35.6816902160645,21.7239189147949,25.5031909656395
"178","MYLIOBATIFORMES","DASYATIDAE","Brevitrygon","walga","Brevitrygon walga",0,40,0.6,67.8,0,40,21,844,9,0,306.709228515625,294.577453613281,187.580248168294,80,14924,9,3.93238997459412,35.6816902160645,27.8520107269287,26.5063609928652
"179","RAJIFORMES","ARHYNCHOBATIDAE","Brochiraja","aenigma","Brochiraja aenigma",422,437,488,1101.875,422,437,1,1,1,189.279907226562,199.049087524414,9.76918029785156,193.795150756836,6,37,1,10.5204095840454,12.3841094970703,1.18501949310303,11.3005531671885
"180","RAJIFORMES","ARHYNCHOBATIDAE","Brochiraja","albilabiata","Brochiraja albilabiata",900,1003,488,1101.875,900,1003,2,9,3,164.294219970703,212.855758666992,43.3195953369141,183.899395412869,9,90,3,5.28928995132446,6.68849992752075,0.875479698181152,5.95967554516263
"181","RAJIFORMES","ARHYNCHOBATIDAE","Brochiraja","asperula","Brochiraja asperula",57,1150,488,1101.875,57,1150,22,5151,39,150.186630249023,310.4794921875,125.945922851562,243.688213605368,89,55666,39,2.46378993988037,20.5643100738525,13.8927803039551,9.16041891049676
"182","RAJIFORMES","ARHYNCHOBATIDAE","Brochiraja","heuresa","Brochiraja heuresa",870,1350,488,1101.875,870,1350,4,68,11,157.532470703125,204.816360473633,29.5457000732422,179.038762709674,16,999,11,3.67179989814758,7.04329013824463,0.526999950408936,5.2266859817314
"183","RAJIFORMES","ARHYNCHOBATIDAE","Brochiraja","leviveneta","Brochiraja leviveneta",300,1200,488,1101.875,300,1200,22,3250,23,153.418060302734,310.4794921875,60.9449462890625,223.012464735765,86,32517,23,2.61151003837585,14.3083906173706,3.04410028457642,7.44466882977652
"184","RAJIFORMES","ARHYNCHOBATIDAE","Brochiraja","microspinifera","Brochiraja microspinifera",600,1200,488,1101.875,600,1200,9,163,13,162.25471496582,231.078979492188,45.3135833740234,197.369305756926,37,1806,13,4.26039981842041,9.26949977874756,1.08431005477905,6.52341788789363
"185","RAJIFORMES","ARHYNCHOBATIDAE","Brochiraja","spinifera","Brochiraja spinifera",125,1500,488,1101.875,125,1500,21,1777,36,148.705963134766,310.4794921875,104.347061157227,221.554021789173,83,14462,36,2.67489004135132,17.3462905883789,13.7804203033447,8.83293560216938
"186","RAJIFORMES","ARHYNCHOBATIDAE","Brochiraja","vittacauda","Brochiraja vittacauda",630,975,488,1101.875,630,975,3,62,7,168.377944946289,200.654769897461,29.5298156738281,185.33302750126,10,647,7,5.58488988876343,8.69159030914307,0.658480167388916,7.00265949623662
"187","CARCHARHINIFORMES","PENTANCHIDAE","Bythaelurus","bachi","Bythaelurus bachi",910,1365,520.214285714286,837,910,1365,2,20,10,184.327865600586,214.198425292969,15.9099884033203,203.803904724121,7,230,10,3.55388998985291,8.82889080047607,1.14389991760254,6.33032149128292
"188","CARCHARHINIFORMES","PENTANCHIDAE","Bythaelurus","canescens","Bythaelurus canescens",200,732,520.214285714286,837,200,732,53,829,18,0,328.959228515625,160.713226318359,138.664722543861,213,4598,18,3.55489993095398,14.3910093307495,5.58969926834106,7.87019768016346
"189","CARCHARHINIFORMES","PENTANCHIDAE","Bythaelurus","clevai","Bythaelurus clevai",400,500,520.214285714286,837,400,500,1,5,5,207.827743530273,236.019271850586,23.5428009033203,223.05612487793,5,0,5,Inf,-Inf,-Inf,NA
"190","CARCHARHINIFORMES","PENTANCHIDAE","Bythaelurus","dawsoni","Bythaelurus dawsoni",50,976,520.214285714286,837,50,976,13,3882,37,157.776992797852,310.4794921875,125.945922851562,258.652671692115,51,48850,37,2.38139009475708,16.9125900268555,10.1226196289062,8.18736307126595
"191","CARCHARHINIFORMES","PENTANCHIDAE","Bythaelurus","giddingsi","Bythaelurus giddingsi",482,562,520.214285714286,837,482,562,3,15,3,15.2675037384033,44.0919876098633,17.7951965332031,27.3582865397135,9,64,3,7.21160984039307,8.84759044647217,0.656980514526367,8.11190910637379
"192","CARCHARHINIFORMES","PENTANCHIDAE","Bythaelurus","hispidus","Bythaelurus hispidus",200,800,520.214285714286,837,200,800,20,403,19,0,190.725982666016,76.388298034668,31.2386493197742,78,2085,19,7.29391002655029,15.3380098342896,3.00969982147217,10.8032799144443
"193","CARCHARHINIFORMES","PENTANCHIDAE","Bythaelurus","immaculatus","Bythaelurus immaculatus",534,1020,520.214285714286,837,534,1020,1,4,10,72.4182968139648,124.810203552246,48.4579696655273,100.801368713379,6,131,10,4.11109018325806,8.162109375,1.01640939712524,6.06326244805605
"194","CARCHARHINIFORMES","PENTANCHIDAE","Bythaelurus","incanus","Bythaelurus incanus",900,1000,520.214285714286,837,900,1000,1,0,3,Inf,-Inf,-Inf,NA,5,0,3,Inf,-Inf,-Inf,NA
"195","CARCHARHINIFORMES","PENTANCHIDAE","Bythaelurus","lutarius","Bythaelurus lutarius",250,460,520.214285714286,837,250,460,5,18,9,136.366882324219,231.884246826172,75.1001434326172,198.470956590441,23,290,9,8.18289089202881,15.3553094863892,2.50609111785889,12.2154619775969
"196","CARCHARHINIFORMES","PENTANCHIDAE","Bythaelurus","naylori","Bythaelurus naylori",752,1443,520.214285714286,837,752,1443,6,165,15,175.578475952148,225.603057861328,23.850341796875,201.053273056493,27,553,15,3.09051012992859,10.8140096664429,1.86829042434692,6.16322686400595
"197","CARCHARHINIFORMES","PENTANCHIDAE","Bythaelurus","tenuicephalus","Bythaelurus tenuicephalus",463,550,520.214285714286,837,463,550,18,3,3,154.873947143555,227.890289306641,61.3662261962891,192.469034830729,72,38,3,8.32460975646973,11.4955997467041,1.21028137207031,9.47754393125835
"198","CHIMAERIFORMES","CALLORHINCHIDAE","Callorhinchus","callorynchus","Callorhinchus callorynchus",10,481,3.33333333333333,427,10,481,54,4287,34,0,348.658843994141,288.788452148438,235.020403569468,215,50160,34,1.37190997600555,25.6655101776123,18.5124111175537,9.45189523589953
"199","CHIMAERIFORMES","CALLORHINCHIDAE","Callorhinchus","capensis","Callorhinchus capensis",0,600,3.33333333333333,427,0,600,15,1097,39,0,301.980194091797,254.029251098633,204.293160204683,60,11440,39,2.72650003433228,26.5981101989746,21.286319732666,13.9992544736062
"200","CHIMAERIFORMES","CALLORHINCHIDAE","Callorhinchus","milii","Callorhinchus milii",0,200,3.33333333333333,427,0,200,18,1831,25,150.870529174805,295.541198730469,113.36116027832,245.756079073228,69,18884,25,2.66429996490479,24.2720909118652,17.3827896118164,14.7700678521964
"201","CARCHARHINIFORMES","CARCHARHINIDAE","Carcharhinus","acronotus","Carcharhinus acronotus",18,64,1.34285714285714,222.942857142857,18,64,71,2061,10,83.9925003051758,265.754669189453,132.386535644531,200.952692090164,283,14895,10,4.84338998794556,30.2419910430908,23.1977100372314,25.314293870673
"202","CARCHARHINIFORMES","CARCHARHINIDAE","Carcharhinus","albimarginatus","Carcharhinus albimarginatus",0,800,1.34285714285714,222.942857142857,0,800,64,24984,43,0,380.169738769531,374.896881103516,148.385008779505,256,165760,43,0.101089999079704,35.2165985107422,27.2327899932861,21.3026204810749
"203","CARCHARHINIFORMES","CARCHARHINIDAE","Carcharhinus","altimus","Carcharhinus altimus",0,810,1.34285714285714,222.942857142857,0,810,79,18163,43,0,299.940124511719,290.384582519531,162.546775503036,314,158366,43,1.70748996734619,34.7867126464844,27.9015102386475,20.3385460353028
"204","CARCHARHINIFORMES","CARCHARHINIDAE","Carcharhinus","amblyrhynchoides","Carcharhinus amblyrhynchoides",0,50,1.34285714285714,222.942857142857,0,50,57,5448,11,0,306.709228515625,294.577453613281,190.421070453179,225,49551,11,2.69889998435974,35.6816902160645,27.2327899932861,27.8047066661381
"205","CARCHARHINIFORMES","CARCHARHINIDAE","Carcharhinus","amblyrhynchos","Carcharhinus amblyrhynchos",0,280,1.34285714285714,222.942857142857,0,280,62,22337,28,0,281.330169677734,240.769912719727,174.176972827355,247,159334,28,2.50650000572205,33.1078987121582,27.4537200927734,25.5538061698416
"206","CARCHARHINIFORMES","CARCHARHINIDAE","Carcharhinus","amboinensis","Carcharhinus amboinensis",0,60,1.34285714285714,222.942857142857,0,60,62,7646,13,0,306.709228515625,294.577453613281,189.602899042998,247,72141,13,2.65948987007141,35.6816902160645,27.2397994995117,27.3717817926332
"207","CARCHARHINIFORMES","CARCHARHINIDAE","Carcharhinus","borneensis","Carcharhinus borneensis",0,50,1.34285714285714,222.942857142857,0,50,5,138,11,164.793533325195,207.942886352539,40.0670928955078,187.548343271449,19,1157,11,26.5584087371826,30.400899887085,3.39629173278809,28.2774419413627
"208","CARCHARHINIFORMES","CARCHARHINIDAE","Carcharhinus","brachyurus","Carcharhinus brachyurus",1,145,1.34285714285714,222.942857142857,1,145,97,9216,23,0,376.047760009766,275.307464599609,228.289325307822,388,95185,23,-1.31181001663208,34.0424880981445,27.6921100616455,14.4556202117456
"209","CARCHARHINIFORMES","CARCHARHINIDAE","Carcharhinus","brevipinna","Carcharhinus brevipinna",0,200,1.34285714285714,222.942857142857,0,200,79,16594,25,0,321.094360351562,294.577453613281,184.075870536186,316,143807,25,1.70748996734619,33.4570999145508,27.2327899932861,23.7116684999581
"210","CARCHARHINIFORMES","CARCHARHINIDAE","Carcharhinus","cautus","Carcharhinus cautus",0,20,1.34285714285714,222.942857142857,0,20,24,418,5,83.5478973388672,236.831970214844,132.059692382812,200.163105759324,95,3493,5,2.85440993309021,32.3907127380371,27.2315998077393,26.872673918175
"211","CARCHARHINIFORMES","CARCHARHINIDAE","Carcharhinus","cerdale","Carcharhinus cerdale",0,40,1.34285714285714,222.942857142857,0,40,50,369,9,0,276.905914306641,257.555236816406,174.316988120557,200,2316,9,4.33540010452271,33.4674110412598,23.6885089874268,23.5946516945366
"212","CARCHARHINIFORMES","CARCHARHINIDAE","Carcharhinus","coatesi","Carcharhinus coatesi",0,123,1.34285714285714,222.942857142857,0,123,24,2729,22,58.7150726318359,245.091888427734,154.507476806641,191.601816246561,98,33168,22,2.77129006385803,32.3907127380371,26.9646015167236,26.3906796775
"213","CARCHARHINIFORMES","CARCHARHINIDAE","Carcharhinus","dussumieri","Carcharhinus dussumieri",0,100,1.34285714285714,222.942857142857,0,100,24,1373,21,0,306.709228515625,294.577453613281,144.514218817292,93,17187,21,4.16199016571045,35.6816902160645,26.0506992340088,25.1266039766594
"214","CARCHARHINIFORMES","CARCHARHINIDAE","Carcharhinus","falciformis","Carcharhinus falciformis",18,500,1.34285714285714,222.942857142857,18,500,79,465027,33,0,380.169738769531,374.896881103516,156.66580283972,317,7422058,33,-1.98351001739502,44.2368125915527,37.5705108642578,18.7936902899205
"215","CARCHARHINIFORMES","CARCHARHINIDAE","Carcharhinus","fitzroyensis","Carcharhinus fitzroyensis",0,40,1.34285714285714,222.942857142857,0,40,15,1004,9,58.7150726318359,239.355834960938,153.615447998047,198.532079081136,57,13184,9,2.88361001014709,32.3907127380371,26.2411994934082,27.425955020687
"216","CARCHARHINIFORMES","CARCHARHINIDAE","Carcharhinus","galapagensis","Carcharhinus galapagensis",0,285,1.34285714285714,222.942857142857,0,285,77,21055,28,0,276.905914306641,275.307464599609,186.217679591361,306,244259,28,2.478600025177,34.0424880981445,28.8861103057861,21.8439662098434
"217","CARCHARHINIFORMES","CARCHARHINIDAE","Carcharhinus","humani","Carcharhinus humani",0,43,1.34285714285714,222.942857142857,0,43,60,177,10,6.98046731948853,250.449096679688,208.375381469727,199.389553695075,240,2084,10,3.74779009819031,32.7049903869629,25.9642200469971,26.1535910406863
"218","CARCHARHINIFORMES","CARCHARHINIDAE","Carcharhinus","isodon","Carcharhinus isodon",0,20,1.34285714285714,222.942857142857,0,20,66,185,5,112.316444396973,257.847137451172,112.967758178711,205.049681709908,264,1869,5,6.63688993453979,30.3610897064209,22.0610904693604,24.1878623033731
"219","CARCHARHINIFORMES","CARCHARHINIDAE","Carcharhinus","leiodon","Carcharhinus leiodon",0,40,1.34285714285714,222.942857142857,0,40,17,324,9,0,306.709228515625,294.577453613281,189.783032782284,66,5783,9,4.9386100769043,35.6816902160645,25.6203002929688,25.535466250717
"220","CARCHARHINIFORMES","CARCHARHINIDAE","Carcharhinus","leucas","Carcharhinus leucas",0,164,1.34285714285714,222.942857142857,0,164,90,26912,24,0,331.996704101562,294.577453613281,180.531424857171,360,204244,24,1.70748996734619,35.6816902160645,27.4552192687988,24.5702127253126
"221","CARCHARHINIFORMES","CARCHARHINIDAE","Carcharhinus","limbatus","Carcharhinus limbatus",0,140,1.34285714285714,222.942857142857,0,140,81,28909,23,0,331.996704101562,294.577453613281,185.446209135915,324,232704,23,-1.74990999698639,44.2368125915527,37.5705108642578,24.1465189148189
"222","CARCHARHINIFORMES","CARCHARHINIDAE","Carcharhinus","longimanus","Carcharhinus longimanus",0,1082,1.34285714285714,222.942857142857,0,1082,88,808497,49,0,380.169738769531,374.896881103516,157.865192689795,353,12892378,49,-1.98351001739502,44.2368125915527,37.5705108642578,16.2244827930322
"223","CARCHARHINIFORMES","CARCHARHINIDAE","Carcharhinus","macloti","Carcharhinus macloti",0,200,1.34285714285714,222.942857142857,0,200,59,12049,25,0,306.709228515625,294.577453613281,168.024067144847,234,127400,25,0.793610036373138,35.6816902160645,28.7154903411865,25.9947329705551
"224","CARCHARHINIFORMES","CARCHARHINIDAE","Carcharhinus","melanopterus","Carcharhinus melanopterus",0,75,1.34285714285714,222.942857142857,0,75,81,16147,16,0,308.073760986328,294.577453613281,192.747131339151,325,123808,16,2.50650000572205,35.6816902160645,27.4537200927734,26.7615969197083
"225","CARCHARHINIFORMES","CARCHARHINIDAE","Carcharhinus","obscurus","Carcharhinus obscurus",0,500,1.34285714285714,222.942857142857,0,500,87,42493,37,0,331.996704101562,275.307464599609,177.531887277399,351,559588,37,1.70748996734619,34.0424880981445,28.8861103057861,19.7171379408534
"226","CARCHARHINIFORMES","CARCHARHINIDAE","Carcharhinus","obscurus","Carcharhinus obscurus",0,500,1.34285714285714,222.942857142857,0,500,87,42493,37,0,331.996704101562,275.307464599609,177.531887277399,351,559588,37,1.70748996734619,34.0424880981445,28.8861103057861,19.7171379408534
"227","CARCHARHINIFORMES","CARCHARHINIDAE","Carcharhinus","perezi","Carcharhinus perezi",0,378,1.34285714285714,222.942857142857,0,378,68,7699,32,46.7058525085449,278.391296386719,158.959518432617,189.3314170991,270,64618,32,3.3622899055481,30.6297092437744,25.6891002655029,23.3265333218459
"228","CARCHARHINIFORMES","CARCHARHINIDAE","Carcharhinus","plumbeus","Carcharhinus plumbeus",0,280,1.34285714285714,222.942857142857,0,280,84,27074,28,0,331.996704101562,294.577453613281,188.984506478318,334,226147,28,-1.74990999698639,44.2368125915527,37.5705108642578,22.3982427538203
"229","CARCHARHINIFORMES","CARCHARHINIDAE","Carcharhinus","porosus","Carcharhinus porosus",0,84,1.34285714285714,222.942857142857,0,84,65,2500,18,52.0491409301758,275.190368652344,152.594421386719,199.515082775879,261,23721,18,3.51210999488831,30.8931903839111,24.9090194702148,25.1588163431738
"230","CARCHARHINIFORMES","CARCHARHINIDAE","Carcharhinus","sealei","Carcharhinus sealei",0,40,1.34285714285714,222.942857142857,0,40,25,1569,9,1.47218906879425,229.171600341797,209.369277954102,191.570981124771,103,14945,9,2.65948987007141,32.111988067627,27.2397994995117,28.3900350171852
"231","CARCHARHINIFORMES","CARCHARHINIDAE","Carcharhinus","signatus","Carcharhinus signatus",0,600,1.34285714285714,222.942857142857,0,600,85,11555,39,13.9230327606201,339.606658935547,194.866714477539,178.569806350252,338,98234,39,0.873700022697449,30.6297092437744,25.5338802337646,20.0108148445026
"232","CARCHARHINIFORMES","CARCHARHINIDAE","Carcharhinus","sorrah","Carcharhinus sorrah",0,140,1.34285714285714,222.942857142857,0,140,60,15210,23,0,306.709228515625,294.577453613281,174.831115104649,241,137831,23,2.50709009170532,35.6816902160645,27.4537200927734,26.4091696237316
"233","CARCHARHINIFORMES","CARCHARHINIDAE","Carcharhinus","tilstoni","Carcharhinus tilstoni",0,150,1.34285714285714,222.942857142857,0,150,24,2061,23,58.7150726318359,239.355834960938,150.360961914062,194.499096174023,99,24356,23,2.85720992088318,32.3907127380371,26.2411994934082,25.7981365983524
"234","CARCHARHINIFORMES","CARCHARHINIDAE","Carcharhinus","tjutjot","Carcharhinus tjutjot",0,100,1.34285714285714,222.942857142857,0,100,38,5792,21,25.1599998474121,242.471099853516,196.984451293945,179.287017300643,150,88789,21,0.793610036373138,31.5088996887207,28.7154903411865,26.9323474266345
"235","LAMNIFORMES","ODONTASPIDIDAE","Carcharias","taurus","Carcharias taurus",0,232,0,232,0,232,95,19280,26,0,353.762603759766,294.577453613281,197.525088560012,377,190213,26,-1.0037100315094,35.6816902160645,27.6921100616455,19.7231662008846
"236","LAMNIFORMES","LAMNIDAE","Carcharodon","carcharias","Carcharodon carcharias",0,1200,0,1200,0,1200,111,338003,51,0,459.997863769531,348.090118408203,168.321453422749,447,5043147,51,-1.98351001739502,44.2368125915527,37.5705108642578,13.9864261332976
"237","LAMNIFORMES","LAMNIDAE","Carcharodon","carcharias","Carcharodon carcharias",0,1200,0,1200,0,1200,111,338003,51,0,459.997863769531,348.090118408203,168.321453422749,447,5043147,51,-1.98351001739502,44.2368125915527,37.5705108642578,13.9864261332976
"238","SQUALIFORMES","CENTROPHORIDAE","Centrophorus","atromarginatus","Centrophorus atromarginatus",100,540,307.416666666667,1090.75,100,540,44,767,18,0,221.466812133789,170.473892211914,79.036970657662,177,4239,18,2.42590999603271,27.4379901885986,23.0645008087158,13.7267719910206
"239","SQUALIFORMES","CENTROPHORIDAE","Centrophorus","granulosus","Centrophorus granulosus",50,1500,307.416666666667,1090.75,50,1500,86,38234,47,0,380.169738769531,374.896881103516,149.513347920706,346,313883,47,1.26030004024506,29.9358100891113,25.1129913330078,14.7720473268141
"240","SQUALIFORMES","CENTROPHORIDAE","Centrophorus","harrissoni","Centrophorus harrissoni",220,1050,307.416666666667,1090.75,220,1050,20,851,23,168.364685058594,254.271621704102,45.0177001953125,197.700235960767,79,3144,23,4.18710994720459,19.3151912689209,2.90968036651611,10.2655650531973
"241","SQUALIFORMES","CENTROPHORIDAE","Centrophorus","isodon","Centrophorus isodon",435,770,307.416666666667,1090.75,435,770,34,107,9,27.9614028930664,173.920059204102,56.7731704711914,94.8670737008068,138,909,9,5.27209997177124,12.1975908279419,1.66820049285889,8.09905666407972
"242","SQUALIFORMES","CENTROPHORIDAE","Centrophorus","lesliei","Centrophorus lesliei",340,610,307.416666666667,1090.75,340,610,60,765,9,13.9230327606201,238.12028503418,74.5716323852539,111.290099810931,241,2948,9,5.74131011962891,14.1822004318237,1.64838123321533,10.0772589655388
"243","SQUALIFORMES","CENTROPHORIDAE","Centrophorus","longipinnis","Centrophorus longipinnis",330,460,307.416666666667,1090.75,330,460,37,176,6,27.9614028930664,206.627502441406,80.1458206176758,128.334883624857,150,881,6,7.69960021972656,17.0009899139404,2.05299949645996,11.1128388073604
"244","SQUALIFORMES","CENTROPHORIDAE","Centrophorus","moluccensis","Centrophorus moluccensis",128,823,307.416666666667,1090.75,128,823,73,4303,22,0,256.328704833984,185.809051513672,148.437183931044,289,25403,22,2.39819002151489,26.7353096008301,23.1825103759766,13.4225043039671
"245","SQUALIFORMES","CENTROPHORIDAE","Centrophorus","seychellorum","Centrophorus seychellorum",1000,1000,307.416666666667,1090.75,1000,1000,1,1,1,77.7559967041016,88.0214767456055,10.2654800415039,81.8113632202148,4,2,1,5.94900989532471,6.22299003601074,0.272300243377686,6.1155948638916
"246","SQUALIFORMES","CENTROPHORIDAE","Centrophorus","squamosus","Centrophorus squamosus",0,3366,307.416666666667,1090.75,0,3366,124,58888,81,0,393.683929443359,288.788452148438,198.777015921701,498,628718,81,-2.0998101234436,31.8292999267578,27.1278896331787,11.0776600192755
"247","SQUALIFORMES","CENTROPHORIDAE","Centrophorus","tessellatus","Centrophorus tessellatus",260,820,307.416666666667,1090.75,260,820,40,1121,17,11.818078994751,222.346282958984,76.0674819946289,123.129676999204,160,4970,17,2.40130996704102,16.4116897583008,3.18689918518066,9.01316748576865
"248","SQUALIFORMES","CENTROPHORIDAE","Centrophorus","uyato","Centrophorus uyato",210,1400,307.416666666667,1090.75,210,1400,112,17582,31,0,336.717315673828,116.775840759277,161.692430362782,450,127900,31,-2.09999990463257,24.5599899291992,12.7489099502563,10.6700648788256
"249","SQUALIFORMES","CENTROPHORIDAE","Centrophorus","westraliensis","Centrophorus westraliensis",616,750,307.416666666667,1090.75,616,750,9,34,4,169.553756713867,238.598876953125,33.1923065185547,210.40595739028,38,159,4,5.31319999694824,8.75380039215088,2.00380945205688,7.15408748050906
"250","SQUALIFORMES","ETMOPTERIDAE","Centroscyllium","excelsum","Centroscyllium excelsum",642,1000,360.571428571429,1207.85714285714,642,1000,9,72,8,30.2232093811035,156.080932617188,50.9079132080078,71.9665358861287,38,208,8,3.06108999252319,6.71199989318848,1.03002023696899,4.26120936870575
"251","SQUALIFORMES","ETMOPTERIDAE","Centroscyllium","fabricii","Centroscyllium fabricii",180,2250,360.571428571429,1207.85714285714,180,2250,131,30709,46,0,347.483215332031,140.058197021484,248.427892088055,524,310234,46,-2.09999990463257,21.4333896636963,8.88340950012207,4.87458424977341
"252","SQUALIFORMES","ETMOPTERIDAE","Centroscyllium","granulatum","Centroscyllium granulatum",262,500,360.571428571429,1207.85714285714,262,500,19,132,11,0,264.912567138672,160.713226318359,137.019680760124,76,610,11,4.13438987731934,11.7418909072876,3.85399007797241,6.98444875810967
"253","SQUALIFORMES","ETMOPTERIDAE","Centroscyllium","kamoharai","Centroscyllium kamoharai",500,1200,360.571428571429,1207.85714285714,500,1200,80,1083,15,47.7543334960938,250.5087890625,58.1790618896484,154.073100462515,320,13659,15,2.59640002250671,14.6429100036621,2.51589965820312,6.0623273995237
"254","SQUALIFORMES","ETMOPTERIDAE","Centroscyllium","nigrum","Centroscyllium nigrum",269,1143,360.571428571429,1207.85714285714,269,1143,88,2932,23,0,321.906158447266,160.713226318359,55.2372700034921,353,16104,23,2.90358996391296,14.0508003234863,4.81829071044922,7.17125088701897
"255","SQUALIFORMES","ETMOPTERIDAE","Centroscyllium","ornatum","Centroscyllium ornatum",521,1262,360.571428571429,1207.85714285714,521,1262,6,313,16,0,380.169738769531,370.397644042969,11.5247348566025,26,1601,16,5.31291007995605,13.3682909011841,0.847689628601074,9.08282788078313
"256","SQUALIFORMES","ETMOPTERIDAE","Centroscyllium","ritteri","Centroscyllium ritteri",150,1100,360.571428571429,1207.85714285714,150,1100,15,673,27,31.0741577148438,334.944488525391,245.359756469727,138.995793749284,58,5569,27,-1.17311000823975,19.5373096466064,17.132719039917,5.86221462215434
"257","SQUALIFORMES","SOMNIOSIDAE","Centroscymnus","coelolepis","Centroscymnus coelolepis",128,3675,139,2567,128,3675,124,94416,63,0.015979740768671,343.344909667969,178.899841308594,213.168069714612,493,1091143,63,-2.09999990463257,26.6309909820557,22.2912006378174,7.11314120296634
"258","SQUALIFORMES","SOMNIOSIDAE","Centroscymnus","owstonii","Centroscymnus owstonii",150,1459,139,2567,150,1459,89,12485,34,0,286.044219970703,171.679321289062,179.513752040397,355,125446,34,2.2720000743866,23.0791912078857,18.8637809753418,8.86908679192421
"259","SQUALIFORMES","SOMNIOSIDAE","Centroselachus","crepidater","Centroselachus crepidater",200,2080,200,2080,200,2080,112,21271,44,0,319.605224609375,112.062217712402,196.668676305325,450,178993,44,-2.08171010017395,19.436990737915,6.6648097038269,8.04201067615892
"260","CARCHARHINIFORMES","SCYLIORHINIDAE","Cephaloscyllium","albipinnum","Cephaloscyllium albipinnum",126,554,169.647058823529,466.705882352941,126,554,12,854,17,150.870529174805,269.814208984375,103.517181396484,237.254958981373,49,11093,17,2.52419996261597,17.7256908416748,14.2023191452026,11.0647670395433
"261","CARCHARHINIFORMES","SCYLIORHINIDAE","Cephaloscyllium","cooki","Cephaloscyllium cooki",225,300,169.647058823529,466.705882352941,225,300,5,24,4,79.5596008300781,137.004241943359,40.1055145263672,98.0409854253133,23,152,4,10.0731906890869,14.89089012146,3.43669986724854,12.5112863026167
"262","CARCHARHINIFORMES","SCYLIORHINIDAE","Cephaloscyllium","fasciatum","Cephaloscyllium fasciatum",200,450,169.647058823529,466.705882352941,200,450,15,187,11,21.2825050354004,224.526214599609,93.3037338256836,126.062027395728,60,1837,11,7.67718982696533,20.6966896057129,4.60087966918945,12.3364532381929
"263","CARCHARHINIFORMES","SCYLIORHINIDAE","Cephaloscyllium","hiscosellum","Cephaloscyllium hiscosellum",294,420,169.647058823529,466.705882352941,294,420,13,159,6,99.8573455810547,250.626770019531,104.350524902344,208.532764074937,52,1616,6,9.09930992126465,16.6453990936279,2.89968204498291,11.8053702741566
"264","CARCHARHINIFORMES","SCYLIORHINIDAE","Cephaloscyllium","isabellum","Cephaloscyllium isabellum",0,700,169.647058823529,466.705882352941,0,700,17,4200,41,150.186630249023,295.541198730469,122.719772338867,244.821686793736,67,50328,41,2.59618997573853,22.1254997253418,18.3831195831299,11.8791655947741
"265","CARCHARHINIFORMES","SCYLIORHINIDAE","Cephaloscyllium","laticeps","Cephaloscyllium laticeps",0,60,169.647058823529,466.705882352941,0,60,15,983,13,150.870529174805,279.959777832031,116.805679321289,241.54706043387,60,13592,13,2.52419996261597,26.071008682251,22.7893104553223,16.4027790450011
"266","CARCHARHINIFORMES","SCYLIORHINIDAE","Cephaloscyllium","pictum","Cephaloscyllium pictum",NA,NA,169.647058823529,466.705882352941,169.647058823529,466.705882352941,1,0,13,Inf,-Inf,-Inf,NA,5,154,13,7.79259014129639,16.1399002075195,3.61010074615479,10.8954995576437
"267","CARCHARHINIFORMES","SCYLIORHINIDAE","Cephaloscyllium","sarawakensis","Cephaloscyllium sarawakensis",82,200,169.647058823529,466.705882352941,82,200,32,575,9,47.6098327636719,231.265274047852,182.746170043945,155.915137660814,132,3250,9,2.58419990539551,26.82958984375,21.4545993804932,20.3692787358211
"268","CARCHARHINIFORMES","SCYLIORHINIDAE","Cephaloscyllium","signourum","Cephaloscyllium signourum",480,700,169.647058823529,466.705882352941,480,700,15,548,6,144.124664306641,221.806503295898,43.7241821289062,189.256242209107,60,6001,6,5.18191003799438,12.6682901382446,1.45660018920898,8.2680351336466
"269","CARCHARHINIFORMES","SCYLIORHINIDAE","Cephaloscyllium","silasi","Cephaloscyllium silasi",100,500,169.647058823529,466.705882352941,100,500,11,542,17,0,171.459518432617,158.399398803711,22.486777383463,44,2654,17,4.18231010437012,27.2676906585693,20.5698204040527,14.1141272295483
"270","CARCHARHINIFORMES","SCYLIORHINIDAE","Cephaloscyllium","speccum","Cephaloscyllium speccum",150,455,169.647058823529,466.705882352941,150,455,5,183,13,58.0806045532227,195.612152099609,119.972381591797,113.044617491342,22,2204,13,3.28199005126953,21.5679912567139,18.2378005981445,13.393711954193
"271","CARCHARHINIFORMES","SCYLIORHINIDAE","Cephaloscyllium","stevensi","Cephaloscyllium stevensi",240,274,169.647058823529,466.705882352941,240,274,1,1,2,149.726943969727,173.845657348633,24.1187133789062,160.808502197266,2,2,2,15.1364002227783,17.0966091156006,1.19240951538086,16.2708096504211
"272","CARCHARHINIFORMES","SCYLIORHINIDAE","Cephaloscyllium","sufflans","Cephaloscyllium sufflans",40,605,169.647058823529,466.705882352941,40,605,44,758,31,2.63690447807312,244.369537353516,208.125076293945,158.048444294992,174,6995,31,3.39938998222351,31.1424999237061,20.4468193054199,18.9428216011206
"273","CARCHARHINIFORMES","SCYLIORHINIDAE","Cephaloscyllium","umbratile","Cephaloscyllium umbratile",18,790,169.647058823529,466.705882352941,18,790,25,3182,39,32.8262786865234,372.569091796875,307.481292724609,205.627520904685,98,34076,39,-1.59721004962921,28.9845104217529,22.7616004943848,14.5827764052868
"274","CARCHARHINIFORMES","SCYLIORHINIDAE","Cephaloscyllium","variegatum","Cephaloscyllium variegatum",114,606,169.647058823529,466.705882352941,114,606,20,621,18,129.477142333984,227.573654174805,72.2240753173828,181.203602617298,79,8710,18,2.81431007385254,24.2735900878906,20.8524188995361,15.4609983340197
"275","CARCHARHINIFORMES","SCYLIORHINIDAE","Cephaloscyllium","ventriosum","Cephaloscyllium ventriosum",5,500,169.647058823529,466.705882352941,5,500,74,3480,36,0,294.344696044922,290.384582519531,114.536111443002,296,44406,36,2.65929007530212,32.6036109924316,28.8861103057861,13.884367495739
"276","CARCHARHINIFORMES","SCYLIORHINIDAE","Cephaloscyllium","zebrum","Cephaloscyllium zebrum",444,454,169.647058823529,466.705882352941,444,454,1,2,1,169.007202148438,179.321258544922,10.3140563964844,172.895721435547,6,27,1,10.3978099822998,12.3553094863892,1.31561946868896,11.2576380835639
"277","CARCHARHINIFORMES","PENTANCHIDAE","Cephalurus","cephalus","Cephalurus cephalus",155,927,155,927,155,927,10,396,24,0,70.747917175293,61.3866996765137,10.6766880103434,39,2397,24,2.83788990974426,16.7597103118896,12.4654197692871,9.48551720681666
"278","LAMNIFORMES","CETORHINIDAE","Cetorhinus","maximus","Cetorhinus maximus",0,1264,0,1264,0,1264,132,1081528,52,0,459.997863769531,383.843658447266,183.83016782278,530,17066375,52,-2.09999990463257,44.2368125915527,37.5705108642578,12.4436464164414
"279","CARCHARHINIFORMES","HEMIGALEIDAE","Chaenogaleus","macrostoma","Chaenogaleus macrostoma",0,160,0,160,0,160,40,5700,23,0,306.709228515625,294.577453613281,166.103802301424,157,62391,23,1.2731100320816,35.6816902160645,28.4181900024414,26.2976748527832
"280","ORECTOLOBIFORMES","HEMISCYLLIIDAE","Chiloscyllium","arabicum","Chiloscyllium arabicum",2,100,1,66.7142857142857,2,100,24,1079,21,0,306.709228515625,294.577453613281,147.336042618067,93,12935,21,4.2436900138855,35.6816902160645,26.0506992340088,25.312648710082
"281","ORECTOLOBIFORMES","HEMISCYLLIIDAE","Chiloscyllium","burmensis","Chiloscyllium burmensis",0,30,1,66.7142857142857,0,30,9,109,7,0,223.563735961914,221.014297485352,190.532589413704,34,886,7,11.1534996032715,31.3379898071289,18.4356994628906,28.0523452091432
"282","ORECTOLOBIFORMES","HEMISCYLLIIDAE","Chiloscyllium","caeruleopunctatum","Chiloscyllium caeruleopunctatum",NA,NA,1,66.7142857142857,1,66.7142857142857,2,14,14,149.490524291992,238.721786499023,71.0283050537109,211.268107822963,9,206,14,3.09769010543823,27.9230995178223,24.4137001037598,24.5829757301553
"283","ORECTOLOBIFORMES","HEMISCYLLIIDAE","Chiloscyllium","griseum","Chiloscyllium griseum",5,100,1,66.7142857142857,5,100,25,1723,20,0,232.484375,232.484375,148.197253924639,97,15007,20,4.23759984970093,30.828800201416,25.6907806396484,27.0188239391126
"284","ORECTOLOBIFORMES","HEMISCYLLIIDAE","Chiloscyllium","hasselti","Chiloscyllium hasselti",0,12,1,66.7142857142857,0,12,30,308,3,0,280.892303466797,240.769912719727,194.823172333953,121,2738,3,4.16390991210938,32.111988067627,26.3395080566406,28.542026897344
"285","ORECTOLOBIFORMES","HEMISCYLLIIDAE","Chiloscyllium","indicum","Chiloscyllium indicum",0,90,1,66.7142857142857,0,90,53,6217,19,0,315.300323486328,240.769912719727,180.510908842279,211,60521,19,2.65948987007141,32.111988067627,27.2397994995117,26.6182357883231
"286","ORECTOLOBIFORMES","HEMISCYLLIIDAE","Chiloscyllium","plagiosum","Chiloscyllium plagiosum",0,50,1,66.7142857142857,0,50,42,3142,11,0,309.783233642578,240.769912719727,195.684747830688,168,27920,11,2.62009000778198,32.111988067627,27.2397994995117,27.0129633312922
"287","ORECTOLOBIFORMES","HEMISCYLLIIDAE","Chiloscyllium","punctatum","Chiloscyllium punctatum",0,85,1,66.7142857142857,0,85,64,6337,18,0,314.794982910156,240.769912719727,188.19893503001,256,63986,18,2.69889998435974,32.3907127380371,27.2327899932861,26.5486025941103
"288","CHIMAERIFORMES","CHIMAERIDAE","Chimaera","argiloba","Chimaera argiloba",370,520,511.545454545455,1130.27272727273,370,520,11,66,6,108.542175292969,250.626770019531,76.4239654541016,197.800277594364,46,253,6,7.65759992599487,12.868800163269,2.28709983825684,9.86048398375982
"289","CHIMAERIFORMES","CHIMAERIDAE","Chimaera","bahamaensis","Chimaera bahamaensis",732,1506,511.545454545455,1130.27272727273,732,1506,1,0,16,Inf,-Inf,-Inf,NA,1,16,16,3.97529006004333,9.529709815979,1.65570020675659,5.51936066150665
"290","CHIMAERIFORMES","CHIMAERIDAE","Chimaera","buccanigella","Chimaera buccanigella",495,960,511.545454545455,1130.27272727273,495,960,1,10,10,202.237640380859,223.918243408203,11.0559997558594,214.47611541748,4,20,10,7.43778991699219,13.3154907226562,0.704519271850586,10.5524085283279
"291","CHIMAERIFORMES","CHIMAERIDAE","Chimaera","carophila","Chimaera carophila",846,1350,511.545454545455,1130.27272727273,846,1350,20,667,11,152.658447265625,249.168807983398,50.5949096679688,191.31124004038,81,4476,11,2.39469003677368,7.59000015258789,3.04410028457642,4.72161088850586
"292","CHIMAERIFORMES","CHIMAERIDAE","Chimaera","cubana","Chimaera cubana",180,1050,511.545454545455,1130.27272727273,180,1050,12,887,25,46.7058525085449,236.782333374023,116.775840759277,151.26916285432,50,5568,25,4.31851005554199,26.0894088745117,2.89620971679688,12.9101864881385
"293","CHIMAERIFORMES","CHIMAERIDAE","Chimaera","didierae","Chimaera didierae",1000,1100,511.545454545455,1130.27272727273,1000,1100,2,9,3,195.281204223633,217.034912109375,17.2360992431641,205.292341444227,5,17,3,5.44508981704712,7.73699998855591,1.0201997756958,6.56418881696813
"294","CHIMAERIFORMES","CHIMAERIDAE","Chimaera","fulva","Chimaera fulva",798,1095,511.545454545455,1130.27272727273,798,1095,15,186,7,140.65754699707,226.605728149414,51.5863494873047,188.013138145529,62,758,7,3.3023099899292,7.32158994674683,1.58629989624023,5.07977428222395
"295","CHIMAERIFORMES","CHIMAERIDAE","Chimaera","jordani","Chimaera jordani",716,780,511.545454545455,1130.27272727273,716,780,1,0,3,Inf,-Inf,-Inf,NA,2,5,3,3.66840004920959,4.5080099105835,0.430890083312988,4.13681607246399
"296","CHIMAERIFORMES","CHIMAERIDAE","Chimaera","lignaria","Chimaera lignaria",400,1800,511.545454545455,1130.27272727273,400,1800,21,2721,31,150.412582397461,287.498016357422,60.9449462890625,207.717178025083,82,14580,31,2.48759007453918,11.9233903884888,2.06208992004395,6.08029382255015
"297","CHIMAERIFORMES","CHIMAERIDAE","Chimaera","macrospina","Chimaera macrospina",435,1300,511.545454545455,1130.27272727273,435,1300,19,890,20,61.0586776733398,255.260375976562,93.4308700561523,174.194482816203,75,6453,20,3.01250004768372,14.2751903533936,2.51589965820312,7.35995052260945
"298","CHIMAERIFORMES","CHIMAERIDAE","Chimaera","monstrosa","Chimaera monstrosa",200,1663,511.545454545455,1130.27272727273,200,1663,65,13206,36,40.0082778930664,337.487457275391,87.8177642822266,240.693910000524,259,121794,36,-2.09999990463257,22.0705909729004,12.7489099502563,7.59862073780378
"299","CHIMAERIFORMES","CHIMAERIDAE","Chimaera","notafricana","Chimaera notafricana",680,1000,511.545454545455,1130.27272727273,680,1000,10,88,7,128.173568725586,229.584823608398,81.8220977783203,194.853553771973,39,298,7,1.26030004024506,11.2639999389648,3.82948064804077,4.73997078565943
"300","CHIMAERIFORMES","CHIMAERIDAE","Chimaera","obscura","Chimaera obscura",450,1080,511.545454545455,1130.27272727273,450,1080,17,179,15,152.103454589844,225.555145263672,41.3293304443359,184.25186643121,70,816,15,3.82649993896484,13.1493997573853,2.51589965820312,7.64129301730324
"301","CHIMAERIFORMES","CHIMAERIDAE","Chimaera","ogilbyi","Chimaera ogilbyi",139,872,511.545454545455,1130.27272727273,139,872,41,783,22,29.1858520507812,269.795135498047,119.972381591797,168.465023669247,164,4686,22,2.81431007385254,21.3533897399902,17.566801071167,11.6424618712664
"302","CHIMAERIFORMES","CHIMAERIDAE","Chimaera","opalescens","Chimaera opalescens",800,1975,511.545454545455,1130.27272727273,800,1975,34,700,24,99.5865783691406,269.028259277344,52.4873504638672,229.190781021118,137,3661,24,3.91059994697571,11.608790397644,1.45531940460205,6.58748645822847
"303","CHIMAERIFORMES","CHIMAERIDAE","Chimaera","orientalis","Chimaera orientalis",560,1138,511.545454545455,1130.27272727273,560,1138,29,480,13,0,99.5713119506836,83.1312408447266,39.270268744727,114,1988,13,3.67008996009827,8.44940948486328,1.45941019058228,5.68199549918203
"304","CHIMAERIFORMES","CHIMAERIDAE","Chimaera","owstoni","Chimaera owstoni",650,900,511.545454545455,1130.27272727273,650,900,12,87,6,38.6596260070801,150.964416503906,43.0672836303711,91.1626533859078,48,917,6,2.91441011428833,9.50409030914307,1.83440017700195,4.66196907879612
"305","CHIMAERIFORMES","CHIMAERIDAE","Chimaera","panthera","Chimaera panthera",327,1020,511.545454545455,1130.27272727273,327,1020,8,270,18,162.25471496582,230.854782104492,39.7870483398438,202.050963959871,31,1309,18,4.73858976364136,15.673490524292,2.54859066009521,9.22381718783455
"306","CHIMAERIFORMES","CHIMAERIDAE","Chimaera","phantasma","Chimaera phantasma",20,962,511.545454545455,1130.27272727273,20,962,45,10214,42,21.2825050354004,374.343811035156,305.663879394531,180.173168998981,178,101023,42,-0.267110019922256,30.7677001953125,27.0115203857422,16.7635933684134
"307","CHIMAERIFORMES","CHIMAERIDAE","Chimaera","supapae","Chimaera supapae",772,775,511.545454545455,1130.27272727273,772,775,1,1,1,37.7202758789062,64.7430267333984,27.0227508544922,46.3715171813965,1,1,1,7.79471015930176,8.92359066009521,1.12888050079346,8.177809715271
"308","CHIMAERIFORMES","CHIMAERIDAE","Chimaera","willwatchi","Chimaera willwatchi",89,1365,511.545454545455,1130.27272727273,89,1365,12,664,36,151.891220092773,258.003509521484,76.7304840087891,216.56769437675,51,2688,36,2.99788999557495,21.5934906005859,16.3521003723145,12.1715491956898
"309","HEXANCHIFORMES","CHLAMYDOSELACHIDAE","Chlamydoselachus","africana","Chlamydoselachus africana",300,1400,158.5,1460,300,1400,31,991,27,0.015979740768671,229.584823608398,100.88362121582,130.17442835087,121,5729,27,1.26030004024506,14.7198905944824,2.48540019989014,6.74510040522912
"310","HEXANCHIFORMES","CHLAMYDOSELACHIDAE","Chlamydoselachus","anguineus","Chlamydoselachus anguineus",17,1520,158.5,1460,17,1520,119,27038,54,0,374.5322265625,291.303344726562,220.219165606491,476,269094,54,-2.09999990463257,29.1091899871826,26.4500999450684,10.6941076511887
"311","SQUALIFORMES","SQUALIDAE","Cirrhigaleus","asper","Cirrhigaleus asper",73,600,79,831.666666666667,73,600,72,2190,24,22.7619094848633,283.448547363281,202.136505126953,172.803385812071,288,15256,24,2.74050998687744,28.0249900817871,21.8287200927734,16.1587384701025
"312","SQUALIFORMES","SQUALIDAE","Cirrhigaleus","australis","Cirrhigaleus australis",18,1100,79,831.666666666667,18,1100,19,10455,45,135.357925415039,271.147369384766,97.1305236816406,211.633266985696,76,148474,45,2.77180004119873,26.21630859375,17.8752193450928,13.9583183634982
"313","SQUALIFORMES","SQUALIDAE","Cirrhigaleus","barbifer","Cirrhigaleus barbifer",146,795,79,831.666666666667,146,795,45,208,21,35.9792976379395,213.42936706543,136.586990356445,134.049123543959,179,1825,21,2.63081002235413,20.3300895690918,17.6514091491699,10.7271103166554
"314","ORECTOLOBIFORMES","PARASCYLLIIDAE","Cirrhoscyllium","expolitum","Cirrhoscyllium expolitum",183,190,181,270,183,190,12,14,2,123.500091552734,185.592849731445,51.8768768310547,151.01916721889,46,47,2,13.4739904403687,18.4133911132812,3.23929119110107,15.7916200110253
"315","ORECTOLOBIFORMES","PARASCYLLIIDAE","Cirrhoscyllium","formosanum","Cirrhoscyllium formosanum",110,320,181,270,110,320,1,2,10,Inf,-Inf,-Inf,176.758796691895,5,67,10,11.0851907730103,19.1509895324707,2.47790145874023,17.3252280790414
"316","ORECTOLOBIFORMES","PARASCYLLIIDAE","Cirrhoscyllium","japonicum","Cirrhoscyllium japonicum",250,300,181,270,250,300,4,18,3,127.775703430176,194.908889770508,16.3624801635742,167.912818908691,17,84,3,9.17270946502686,17.3705902099609,1.56999015808105,13.0400106679826
"317","RAJIFORMES","GURGESIELLIDAE","Cruriraja","andamanica","Cruriraja andamanica",275,525,353.25,780.375,275,525,18,30,10,11.9928684234619,202.92253112793,62.5420989990234,69.7969578425089,73,143,10,8.86459064483643,13.0149908065796,0.968181610107422,10.817007931796
"318","RAJIFORMES","GURGESIELLIDAE","Cruriraja","atlantis","Cruriraja atlantis",512,860,353.25,780.375,512,860,3,31,8,103.456855773926,175.415145874023,69.6816177368164,132.814313088694,14,257,8,5.27068996429443,15.9792995452881,3.30908966064453,8.81215515025395
"319","RAJIFORMES","GURGESIELLIDAE","Cruriraja","cadenati","Cruriraja cadenati",457,896,353.25,780.375,457,896,8,31,11,114.362518310547,175.415145874023,52.1240844726562,137.394813783707,35,249,11,5.27068996429443,14.949990272522,2.76389980316162,9.74407677861103
"320","RAJIFORMES","GURGESIELLIDAE","Cruriraja","durbanensis","Cruriraja durbanensis",860,860,353.25,780.375,860,860,2,0,1,Inf,-Inf,-Inf,NA,9,1,1,3.72211003303528,4.10401010513306,0.381900072097778,3.91800999641418
"321","RAJIFORMES","GURGESIELLIDAE","Cruriraja","hulleyi","Cruriraja hulleyi",40,545,353.25,780.375,40,545,10,703,30,89.8550186157227,263.669708251953,141.88264465332,200.806959778961,41,7227,30,1.26030004024506,20.6082897186279,14.2227907180786,12.3508091675587
"322","RAJIFORMES","GURGESIELLIDAE","Cruriraja","parcomaculata","Cruriraja parcomaculata",65,680,353.25,780.375,65,680,21,311,28,81.7407073974609,236.169082641602,123.402961730957,183.220983131139,85,3377,28,3.12400007247925,27.5585098266602,20.2418804168701,16.487730816973
"323","RAJIFORMES","GURGESIELLIDAE","Cruriraja","poeyi","Cruriraja poeyi",366,870,353.25,780.375,366,870,11,250,13,56.2353172302246,203.714859008789,77.3493957519531,142.738088623047,45,2179,13,4.72190999984741,19.5879993438721,3.30908966064453,11.850821248869
"324","RAJIFORMES","GURGESIELLIDAE","Cruriraja","rugosa","Cruriraja rugosa",251,1007,353.25,780.375,251,1007,48,1736,21,43.2547721862793,240.481536865234,116.775840759277,148.820691952508,192,14620,21,3.66529989242554,20.9928092956543,3.34950065612793,11.562160084365
"325","CARCHARHINIFORMES","PROSCYLLIIDAE","Ctenacis","fehlmanni","Ctenacis fehlmanni",70,300,70,300,70,300,13,420,15,0,238.345352172852,228.485244750977,73.8953686907178,54,4457,15,4.40991020202637,27.2225093841553,17.8363914489746,19.0384232187474
"326","RAJIFORMES","RAJIDAE","Dactylobatus","armatus","Dactylobatus armatus",338,685,319,800,338,685,23,203,11,94.7240524291992,203.714859008789,66.0365829467773,136.510531871777,93,976,11,5.663489818573,16.7229900360107,3.22749996185303,10.1125173974233
"327","RAJIFORMES","RAJIDAE","Dactylobatus","clarkii","Dactylobatus clarkii",300,915,319,800,300,915,34,1103,17,73.6685943603516,208.395248413086,91.3778839111328,138.602962739448,136,6618,17,4.1035099029541,17.9368000030518,3.22749996185303,9.03532132269501
"328","SQUALIFORMES","DALATIIDAE","Dalatias","licha","Dalatias licha",37,1800,37,1800,37,1800,108,31099,56,13.9230327606201,305.518249511719,202.883682250977,188.546943326553,432,399278,56,-1.98351001739502,29.2343902587891,21.182300567627,12.0728756727557
"329","MYLIOBATIFORMES","DASYATIDAE","Dasyatis","chrysonota","Dasyatis chrysonota",0,110,1,118,0,110,26,693,21,0,301.980194091797,254.029251098633,191.368255692299,100,4549,21,4.80589008331299,28.9618911743164,21.4934101104736,15.304018649774
"330","MYLIOBATIFORMES","DASYATIDAE","Dasyatis","hypostigma","Dasyatis hypostigma",5,80,1,118,5,80,20,418,16,183.971633911133,223.045227050781,38.4026031494141,225.964706311386,81,5171,16,3.3622899055481,27.8991088867188,24.5368194580078,18.0806602163763
"331","MYLIOBATIFORMES","DASYATIDAE","Dasyatis","marmorata","Dasyatis marmorata",0,100,1,118,0,100,45,1093,21,13.9230327606201,268.976898193359,194.866714477539,157.333549192381,180,5582,21,4.06499004364014,29.596809387207,24.9382915496826,21.7965736149973
"332","MYLIOBATIFORMES","DASYATIDAE","Dasyatis","pastinaca","Dasyatis pastinaca",0,200,1,118,0,200,79,8099,25,0,401.134887695312,331.541473388672,224.964276888935,316,78110,25,-0.47681000828743,44.2368125915527,37.5705108642578,13.5616358455631
"333","MYLIOBATIFORMES","DASYATIDAE","Dasyatis","tortonesei","Dasyatis tortonesei",0,100,1,118,0,100,10,403,21,154.964859008789,278.984954833984,106.987197875977,232.055105166755,39,2966,21,-1.74990999698639,44.2368125915527,37.5705108642578,17.402803841589
"334","SQUALIFORMES","CENTROPHORIDAE","Deania","calceus","Deania calceus",60,1600,138.333333333333,1586.66666666667,60,1600,126,37080,47,0,358.468811035156,181.580764770508,208.717647269384,503,328004,47,-2.08171010017395,29.9358100891113,25.1129913330078,9.50173182384597
"335","SQUALIFORMES","CENTROPHORIDAE","Deania","profundorum","Deania profundorum",205,1800,138.333333333333,1586.66666666667,205,1800,97,8811,39,0,284.251861572266,112.22265625,177.646846042265,385,69485,39,1.26030004024506,20.6966896057129,6.95287990570068,8.80717909660512
"336","SQUALIFORMES","CENTROPHORIDAE","Deania","quadrispinosa","Deania quadrispinosa",150,1360,138.333333333333,1586.66666666667,150,1360,26,3030,32,4.11706781387329,269.795135498047,104.350524902344,199.94968588486,106,20722,32,2.52419996261597,21.0412101745605,17.692081451416,9.68688225709337
"337","RAJIFORMES","RAJIDAE","Dentiraja","australis","Dentiraja australis",20,325,99.8,347.5,20,325,10,86,26,152.572235107422,234.210876464844,72.2240753173828,205.505661365598,39,1415,26,2.8680100440979,26.3510913848877,17.3873901367188,19.0379591790189
"338","RAJIFORMES","RAJIDAE","Dentiraja","cerva","Dentiraja cerva",60,470,99.8,347.5,60,470,12,560,24,151.527496337891,269.795135498047,100.92138671875,240.392754963466,49,4222,24,2.87981009483337,19.334810256958,12.7640905380249,14.1000250656421
"339","RAJIFORMES","RAJIDAE","Dentiraja","confusa","Dentiraja confusa",20,600,99.8,347.5,20,600,12,872,35,150.870529174805,275.497253417969,103.517181396484,238.61248714552,45,11398,35,2.52419996261597,23.4764003753662,14.5619993209839,13.4450481208631
"340","RAJIFORMES","RAJIDAE","Dentiraja","confusa","Dentiraja confusa",20,600,99.8,347.5,20,600,12,872,35,150.870529174805,275.497253417969,103.517181396484,238.61248714552,45,11398,35,2.52419996261597,23.4764003753662,14.5619993209839,13.4450481208631
"341","RAJIFORMES","RAJIDAE","Dentiraja","endeavouri","Dentiraja endeavouri",110,370,99.8,347.5,110,370,8,13,12,177.841217041016,206.998062133789,29.1568450927734,190.518184955303,31,302,12,2.94091010093689,22.9654102325439,18.0461006164551,17.1417950857554
"342","RAJIFORMES","RAJIDAE","Dentiraja","falloarga","Dentiraja falloarga",122,256,99.8,347.5,122,256,12,241,6,85.9364395141602,219.885635375977,91.2792739868164,128.637572514071,52,2934,6,3.13440990447998,24.0187091827393,19.9685096740723,17.8906029383992
"343","RAJIFORMES","RAJIDAE","Dentiraja","flindersi","Dentiraja flindersi",27,54,99.8,347.5,27,54,2,0,7,Inf,-Inf,-Inf,NA,9,120,7,Inf,-Inf,-Inf,16.0609410603841
"344","RAJIFORMES","RAJIDAE","Dentiraja","healdi","Dentiraja healdi",304,520,99.8,347.5,304,520,5,182,9,68.7184753417969,213.065139770508,119.972381591797,132.287160559015,21,2277,9,7.84109020233154,13.6585903167725,1.57091903686523,10.0053039034784
"345","RAJIFORMES","RAJIDAE","Dentiraja","lemprieri","Dentiraja lemprieri",0,170,99.8,347.5,0,170,8,565,24,157.399673461914,279.959777832031,111.624435424805,251.066059483891,30,9025,24,2.52419996261597,19.8168907165527,16.8043003082275,14.017826831004
"346","RAJIFORMES","RAJIDAE","Dentiraja","oculus","Dentiraja oculus",200,390,99.8,347.5,200,390,8,117,9,209.004653930664,249.084838867188,18.67236328125,233.705673478607,33,1309,9,9.58390045166016,20.1660900115967,3.66740989685059,13.4277214024065
"347","RAJIFORMES","RAJIDAE","Dentiraja","polyommata","Dentiraja polyommata",135,320,99.8,347.5,135,320,6,118,9,140.38151550293,200.14013671875,54.7106475830078,169.725254252806,27,1376,9,2.96150994300842,23.7259101867676,20.2071990966797,19.5690912819186
"348","CARCHARHINIFORMES","DICHICHTHYIDAE","Dichichthys","albimarginatus","Dichichthys albimarginatus",590,732,513,762.6,590,732,4,28,4,177.87580871582,209.689697265625,21.2719116210938,193.001400538853,17,390,4,5.36568975448608,8.87939071655273,0.888899803161621,6.90063218214573
"349","CARCHARHINIFORMES","DICHICHTHYIDAE","Dichichthys","bigus","Dichichthys bigus",590,606,513,762.6,590,606,1,1,1,188.625793457031,216.264495849609,27.6387023925781,197.451797485352,3,9,1,8.2423095703125,8.9101095199585,0.57349967956543,8.65333461761475
"350","CARCHARHINIFORMES","DICHICHTHYIDAE","Dichichthys","melanobranchus","Dichichthys melanobranchus",549,1110,513,762.6,549,1110,11,88,12,67.9002914428711,158.77702331543,56.7513122558594,97.4447228691795,41,709,12,3.33418989181519,11.5831909179688,1.297119140625,6.15831953009698
"351","CARCHARHINIFORMES","DICHICHTHYIDAE","Dichichthys","nigripalatum","Dichichthys nigripalatum",170,190,513,762.6,170,190,1,0,2,Inf,-Inf,-Inf,NA,1,0,2,Inf,-Inf,-Inf,NA
"352","CARCHARHINIFORMES","DICHICHTHYIDAE","Dichichthys","satoi","Dichichthys satoi",666,1175,513,762.6,666,1175,8,183,11,162.25471496582,224.358901977539,45.3135833740234,189.03692376809,33,1010,11,4.25860023498535,8.71459007263184,1.15139961242676,6.50932090636527
"353","TORPEDINIFORMES","NARCINIDAE","Diplobatis","colombiensis","Diplobatis colombiensis",30,107,15,121.75,30,107,5,60,15,107.222946166992,215.719482421875,97.1326522827148,181.943982187907,18,353,15,4.72999000549316,29.5067901611328,21.2279014587402,25.455891579474
"354","TORPEDINIFORMES","NARCINIDAE","Diplobatis","guamachensis","Diplobatis guamachensis",30,185,15,121.75,30,185,5,267,18,102.557067871094,230.659530639648,98.9535827636719,173.752009302489,19,1575,18,4.2013897895813,29.5067901611328,21.2279014587402,23.7991537923661
"355","TORPEDINIFORMES","NARCINIDAE","Diplobatis","ommata","Diplobatis ommata",0,65,15,121.75,0,65,31,613,14,0,276.905914306641,275.307464599609,156.844266124495,125,4078,14,3.00109004974365,33.4674110412598,23.9990997314453,22.513690549524
"356","TORPEDINIFORMES","NARCINIDAE","Diplobatis","picta","Diplobatis picta",0,130,15,121.75,0,130,16,440,22,101.753395080566,246.431869506836,118.937431335449,192.908506705544,65,5247,22,4.19118976593018,29.4084091186523,24.2827911376953,26.8200557418657
"357","RAJIFORMES","RAJIDAE","Dipturus","acrobelus","Dipturus acrobelus",446,1328,156.95,771.275,446,1328,13,1080,20,151.527496337891,258.233917236328,53.9484405517578,199.391913308038,52,13238,20,2.75578999519348,12.3675909042358,2.12879085540771,6.26576696520648
"358","RAJIFORMES","RAJIDAE","Dipturus","apricus","Dipturus apricus",195,605,156.95,771.275,195,605,7,179,15,146.08610534668,203.705535888672,37.7555847167969,172.486063525663,26,1683,15,7.1394100189209,21.5707092285156,3.3507194519043,15.2771312390065
"359","RAJIFORMES","RAJIDAE","Dipturus","argentinensis","Dipturus argentinensis",85,400,156.95,771.275,85,400,9,139,16,234.216201782227,294.1318359375,36.0671539306641,262.112016746466,37,1608,16,Inf,-Inf,-Inf,7.18998409474074
"360","RAJIFORMES","RAJIDAE","Dipturus","batis","Dipturus batis",10,600,156.95,771.275,10,600,23,8199,37,188.595489501953,383.508850097656,92.0962219238281,280.737138631155,95,91977,37,-2.0998101234436,17.1197910308838,14.4707012176514,7.97012418879037
"361","RAJIFORMES","RAJIDAE","Dipturus","brevicaudatus","Dipturus brevicaudatus",25,350,156.95,771.275,25,350,26,1812,26,165.457977294922,348.658843994141,145.450286865234,271.597211260932,101,24642,26,0.873700022697449,25.6395092010498,17.5564994812012,8.81189959426174
"362","RAJIFORMES","RAJIDAE","Dipturus","bullisi","Dipturus bullisi",185,550,156.95,771.275,185,550,26,607,15,94.7240524291992,186.694396972656,68.0121002197266,130.049161681626,105,3488,15,6.31819009780884,22.0832901000977,6.20370006561279,11.9490630749716
"363","RAJIFORMES","RAJIDAE","Dipturus","campbelli","Dipturus campbelli",137,403,156.95,771.275,137,403,10,48,12,125.96932220459,229.402297973633,99.8523178100586,193.949865023295,40,576,12,9.12230014801025,18.8349094390869,2.85199928283691,14.6085262116459
"364","RAJIFORMES","RAJIDAE","Dipturus","canutus","Dipturus canutus",155,1050,156.95,771.275,155,1050,13,1247,26,150.870529174805,269.666442871094,103.517181396484,220.908950426336,52,15657,26,2.52419996261597,19.3394908905029,16.1560916900635,9.43217162483838
"365","RAJIFORMES","RAJIDAE","Dipturus","canutus","Dipturus canutus",155,1050,156.95,771.275,155,1050,13,1247,26,150.870529174805,269.666442871094,103.517181396484,220.908950426336,52,15657,26,2.52419996261597,19.3394908905029,16.1560916900635,9.43217162483838
"366","RAJIFORMES","RAJIDAE","Dipturus","chilensis","Dipturus chilensis",14,600,156.95,771.275,14,600,25,1050,36,0,321.906158447266,288.788452148438,223.555307414645,102,6486,36,2.52538990974426,20.1334896087646,17.3343887329102,9.16255368092455
"367","RAJIFORMES","RAJIDAE","Dipturus","chinensis","Dipturus chinensis",20,80,156.95,771.275,20,80,12,375,13,82.8715667724609,214.524322509766,125.958053588867,210.477048950195,50,3241,13,5.24841022491455,28.9726009368896,20.1707992553711,20.4632403251015
"368","RAJIFORMES","RAJIDAE","Dipturus","crosnieri","Dipturus crosnieri",300,850,156.95,771.275,300,850,2,32,16,118.243782043457,225.074417114258,64.8544311523438,189.119084358215,9,55,16,5.99479007720947,14.6488094329834,1.92710018157959,11.3042147636414
"369","RAJIFORMES","RAJIDAE","Dipturus","doutrei","Dipturus doutrei",165,1200,156.95,771.275,165,1200,53,2206,28,0,230.367416381836,112.062217712402,115.688734352859,212,12614,28,1.26030004024506,16.5487098693848,4.45221900939941,8.58108204224228
"370","RAJIFORMES","RAJIDAE","Dipturus","garricki","Dipturus garricki",275,475,156.95,771.275,275,475,33,347,9,94.7240524291992,210.073669433594,61.9562377929688,129.606870843629,129,1943,9,6.47060012817383,15.8259000778198,2.7415189743042,10.3364024805274
"371","RAJIFORMES","RAJIDAE","Dipturus","gigas","Dipturus gigas",300,1000,156.95,771.275,300,1000,19,624,19,56.5357971191406,199.854141235352,45.6954116821289,133.266731732931,74,4372,19,2.40130996704102,18.6483001708984,3.01638031005859,9.19145231501072
"372","RAJIFORMES","RAJIDAE","Dipturus","grahamorum","Dipturus grahamorum",100,500,156.95,771.275,100,500,12,257,17,147.058517456055,231.796844482422,72.2240753173828,194.43681222641,48,4052,17,2.81431007385254,23.118200302124,18.3585014343262,14.806923624323
"373","RAJIFORMES","RAJIDAE","Dipturus","gudgeri","Dipturus gudgeri",160,765,156.95,771.275,160,765,17,1678,20,145.044631958008,269.795135498047,103.517181396484,232.252060782213,68,19985,20,2.52419996261597,21.0921001434326,17.655891418457,10.7550020156576
"374","RAJIFORMES","RAJIDAE","Dipturus","innominatus","Dipturus innominatus",0,1300,156.95,771.275,0,1300,17,4430,53,150.186630249023,295.541198730469,123.242614746094,234.452465599869,67,49096,53,2.61410999298096,22.3425102233887,18.5340003967285,11.5477294600494
"375","RAJIFORMES","RAJIDAE","Dipturus","intermedius","Dipturus intermedius",20,1500,156.95,771.275,20,1500,21,10521,53,188.595489501953,336.717315673828,84.3774566650391,270.681382369886,83,122047,53,-2.09999990463257,16.8540000915527,12.2678108215332,7.89788919047708
"376","RAJIFORMES","RAJIDAE","Dipturus","johannisdavisi","Dipturus johannisdavisi",220,660,156.95,771.275,220,660,26,225,15,0,50.5288963317871,35.5110321044922,18.5200563981798,103,819,15,8.55540943145752,17.7806091308594,3.02339935302734,12.7103659800994
"377","RAJIFORMES","RAJIDAE","Dipturus","laevis","Dipturus laevis",10,1174,156.95,771.275,10,1174,15,2071,48,92.7306060791016,446.162933349609,348.090118408203,271.043903441086,59,20088,48,-1.83740997314453,25.6282997131348,21.2122001647949,4.81336073098138
"378","RAJIFORMES","RAJIDAE","Dipturus","lamillai","Dipturus lamillai",101,572,156.95,771.275,101,572,7,367,18,160.399139404297,333.053283691406,146.077819824219,280.994016060063,25,3183,18,2.7734899520874,7.47341012954712,2.1110200881958,5.12408064088093
"379","RAJIFORMES","RAJIDAE","Dipturus","lanceorostratus","Dipturus lanceorostratus",430,694,156.95,771.275,430,694,10,66,8,155.084564208984,231.884246826172,61.9936370849609,204.407352331913,43,414,8,6.79781007766724,13.1597900390625,2.9469895362854,10.4700193946488
"380","RAJIFORMES","RAJIDAE","Dipturus","leptocaudus","Dipturus leptocaudus",10,550,156.95,771.275,10,550,11,483,36,169.582290649414,260.437408447266,60.8854522705078,223.168658649452,41,6013,36,3.08539009094238,26.3059902191162,21.9911003112793,18.3633877538354
"381","RAJIFORMES","RAJIDAE","Dipturus","macrocauda","Dipturus macrocauda",150,850,156.95,771.275,150,850,13,491,22,54.5908432006836,222.785110473633,164.748687744141,152.010191503707,53,3592,22,0.337910026311874,21.2560901641846,18.8265800476074,11.0576684422426
"382","RAJIFORMES","RAJIDAE","Dipturus","maugeanus","Dipturus maugeanus",5,5,156.95,771.275,5,5,1,0,1,Inf,-Inf,-Inf,NA,5,0,1,Inf,-Inf,-Inf,NA
"383","RAJIFORMES","RAJIDAE","Dipturus","melanospilus","Dipturus melanospilus",240,695,156.95,771.275,240,695,15,349,15,153.32438659668,223.643310546875,37.7555847167969,182.689559980245,60,5233,15,6.14638996124268,19.8885097503662,3.3507194519043,13.1761792026376
"384","RAJIFORMES","RAJIDAE","Dipturus","mennii","Dipturus mennii",133,550,156.95,771.275,133,550,10,145,17,173.058364868164,245.003372192383,56.8516998291016,208.275322433998,39,986,17,3.36910009384155,21.5608100891113,18.1557006835938,14.6837035502188
"385","RAJIFORMES","RAJIDAE","Dipturus","nasutus","Dipturus nasutus",17,1500,156.95,771.275,17,1500,21,5607,54,148.705963134766,310.4794921875,124.214416503906,236.216797479147,85,57994,54,2.59618997573853,21.9841995239258,18.6515102386475,10.4012649560808
"386","RAJIFORMES","RAJIDAE","Dipturus","nidarosiensis","Dipturus nidarosiensis",125,1573,156.95,771.275,125,1573,103,10380,37,0,344.606262207031,181.580764770508,209.765564280346,409,77110,37,-2.09999990463257,22.0705909729004,18.3689117431641,7.28992749264335
"387","RAJIFORMES","RAJIDAE","Dipturus","olseni","Dipturus olseni",55,384,156.95,771.275,55,384,7,216,21,111.469421386719,230.380096435547,101.330680847168,167.86608088458,27,1558,21,5.90688991546631,25.8179092407227,18.3521003723145,19.657239098604
"388","RAJIFORMES","RAJIDAE","Dipturus","oregoni","Dipturus oregoni",475,1080,156.95,771.275,475,1080,5,117,14,106.574157714844,222.864807128906,59.0220489501953,142.865314190204,22,609,14,4.57848978042603,13.3060903549194,2.76389980316162,7.34230958377982
"389","RAJIFORMES","RAJIDAE","Dipturus","oxyrinchus","Dipturus oxyrinchus",70,1230,156.95,771.275,70,1230,50,8051,38,40.0082778930664,336.717315673828,162.210815429688,213.578774033474,199,66962,38,-2.00170993804932,21.8033008575439,18.3689117431641,12.3528779235631
"390","RAJIFORMES","RAJIDAE","Dipturus","pullopunctatus","Dipturus pullopunctatus",15,457,156.95,771.275,15,457,11,823,32,43.394474029541,273.420715332031,220.097183227539,204.315311000819,42,8735,32,1.86199998855591,23.3490009307861,20.2709102630615,13.3661048234089
"391","RAJIFORMES","RAJIDAE","Dipturus","queenslandicus","Dipturus queenslandicus",399,606,156.95,771.275,399,606,2,21,7,164.769104003906,216.264495849609,30.8151397705078,185.515321277437,7,295,7,8.34400939941406,14.9765901565552,1.89011859893799,11.7890538975344
"392","RAJIFORMES","RAJIDAE","Dipturus","springeri","Dipturus springeri",50,970,156.95,771.275,50,970,59,2039,36,0,260.420745849609,204.692993164062,151.273783622272,237,17574,36,1.26030004024506,28.7634906768799,20.6993198394775,13.7311534211947
"393","RAJIFORMES","RAJIDAE","Dipturus","stenorhynchus","Dipturus stenorhynchus",255,760,156.95,771.275,255,760,9,16,16,157.037902832031,229.427185058594,61.9936370849609,203.913694381714,37,198,16,7.36088991165161,15.8458099365234,2.25660991668701,12.0692786279351
"394","RAJIFORMES","RAJIDAE","Dipturus","teevani","Dipturus teevani",311,940,156.95,771.275,311,940,40,1579,18,43.2547721862793,236.782333374023,116.775840759277,144.946133792967,157,12021,18,4.00609016418457,19.7364902496338,3.6923999786377,10.4090621065413
"395","RAJIFORMES","RAJIDAE","Dipturus","tengu","Dipturus tengu",45,400,156.95,771.275,45,400,35,1561,24,32.8262786865234,353.163726806641,305.663879394531,213.653011725241,140,13033,24,-1.82820999622345,29.3372001647949,23.1359004974365,14.5628826693401
"396","RAJIFORMES","RAJIDAE","Dipturus","trachydermus","Dipturus trachydermus",85,480,156.95,771.275,85,480,25,1280,19,0,348.658843994141,158.659454345703,255.651393599063,100,12830,19,1.37190997600555,12.2159099578857,8.40631008148193,6.32325683506039
"397","RAJIFORMES","RAJIDAE","Dipturus","wengi","Dipturus wengi",485,1165,156.95,771.275,485,1165,29,804,15,134.725845336914,254.865005493164,41.3293304443359,187.207851409912,115,10791,15,3.3061900138855,12.8051900863647,2.51589965820312,6.82033831754392
"398","TORPEDINIFORMES","NARCINIDAE","Discopyge","castelloi","Discopyge castelloi",35,56,22.5,118.5,35,56,8,35,5,Inf,-Inf,-Inf,260.913664899554,30,328,5,Inf,-Inf,-Inf,10.6658685919715
"399","TORPEDINIFORMES","NARCINIDAE","Discopyge","tschudii","Discopyge tschudii",10,181,22.5,118.5,10,181,42,2642,22,0,328.643157958984,288.788452148438,253.995221964705,167,34096,22,1.37190997600555,24.8190898895264,17.6175804138184,9.27252705623879
"400","SQUALIFORMES","ECHINORHINIDAE","Echinorhinus","brucus","Echinorhinus brucus",10,900,7,1000,10,900,107,20357,43,0,345.120056152344,294.577453613281,198.601024987217,425,199829,43,-1.98351001739502,44.2368125915527,37.5705108642578,14.8633070438803
"401","SQUALIFORMES","ECHINORHINIDAE","Echinorhinus","cookei","Echinorhinus cookei",4,1100,7,1000,4,1100,86,9577,48,0,295.541198730469,275.307464599609,149.881903162776,342,115357,48,2.47721004486084,32.6036109924316,28.8861103057861,13.1264635927929
"402","TORPEDINIFORMES","NARKIDAE","Electrolux","addisoni","Electrolux addisoni",0,50,0,50,0,50,2,11,11,144.699279785156,235.395141601562,90.6958618164062,213.783425071023,9,77,11,4.97769021987915,26.5981101989746,21.286319732666,23.0791479085947
"403","CARCHARHINIFORMES","PROSCYLLIIDAE","Eridacnis","barbouri","Eridacnis barbouri",430,613,227,619.666666666667,430,613,6,57,6,112.035636901855,205.677963256836,52.1240844726562,138.463313587925,21,476,6,6.24780988693237,17.7745094299316,3.30908966064453,12.8096876825605
"404","CARCHARHINIFORMES","PROSCYLLIIDAE","Eridacnis","radcliffei","Eridacnis radcliffei",71,766,227,619.666666666667,71,766,36,2179,28,0,380.169738769531,374.896881103516,85.3636542848077,146,19700,28,2.47721004486084,30.7677001953125,27.0115203857422,16.523886897213
"405","CARCHARHINIFORMES","PROSCYLLIIDAE","Eridacnis","sinuans","Eridacnis sinuans",180,480,227,619.666666666667,180,480,27,260,13,78.4124450683594,231.884246826172,79.7405395507812,173.621848267775,108,1749,13,7.73329019546509,22.9939098358154,4.97471809387207,13.1771714290665
"406","SQUALIFORMES","ETMOPTERIDAE","Etmopterus","alphus","Etmopterus alphus",472,792,345.571428571429,1003.64285714286,472,792,22,43,8,89.7340316772461,229.780517578125,82.9321899414062,175.630100693814,90,246,8,6.72451019287109,12.1245002746582,2.6846809387207,9.27991536962308
"407","SQUALIFORMES","ETMOPTERIDAE","Etmopterus","benchleyi","Etmopterus benchleyi",836,1443,345.571428571429,1003.64285714286,836,1443,5,90,13,0.809192180633545,109.252159118652,65.8868865966797,43.738822195265,22,306,13,3.10359001159668,5.7007098197937,0.527999877929688,4.33699883121291
"408","SQUALIFORMES","ETMOPTERIDAE","Etmopterus","bigelowi","Etmopterus bigelowi",0,1000,345.571428571429,1003.64285714286,0,1000,76,21504,47,0,339.606658935547,254.029251098633,176.047983701252,304,165074,47,0.873700022697449,30.8931903839111,26.586109161377,17.1780801959567
"409","SQUALIFORMES","ETMOPTERIDAE","Etmopterus","brachyurus","Etmopterus brachyurus",400,610,345.571428571429,1003.64285714286,400,610,66,588,7,62.4376831054688,252.760192871094,54.2998809814453,159.920066158788,263,7042,7,3.21708989143372,16.6781997680664,2.64220905303955,10.0919852769365
"410","SQUALIFORMES","ETMOPTERIDAE","Etmopterus","brosei","Etmopterus brosei",480,1200,345.571428571429,1003.64285714286,480,1200,12,439,16,112.873802185059,229.780517578125,88.2862396240234,204.950342999504,48,3077,16,1.26030004024506,13.9569997787476,2.48540019989014,8.33897364809794
"411","SQUALIFORMES","ETMOPTERIDAE","Etmopterus","bullisi","Etmopterus bullisi",275,824,345.571428571429,1003.64285714286,275,824,24,1004,16,45.1946258544922,218.205780029297,116.775840759277,148.07751941301,95,6521,16,4.32029008865356,20.9787101745605,3.58558082580566,13.2761126635832
"412","SQUALIFORMES","ETMOPTERIDAE","Etmopterus","burgessi","Etmopterus burgessi",300,600,345.571428571429,1003.64285714286,300,600,4,33,11,84.3975601196289,187.994445800781,45.6954116821289,142.04826262503,16,325,11,6.47941017150879,16.5113086700439,1.33470916748047,11.0052365347055
"413","SQUALIFORMES","ETMOPTERIDAE","Etmopterus","carteri","Etmopterus carteri",283,596,345.571428571429,1003.64285714286,283,596,5,12,12,107.222946166992,138.932754516602,21.9777450561523,121.685126622518,20,54,12,6.88240003585815,15.2405004501343,1.89920902252197,10.9336909717984
"414","SQUALIFORMES","ETMOPTERIDAE","Etmopterus","caudistigmus","Etmopterus caudistigmus",638,793,345.571428571429,1003.64285714286,638,793,7,28,4,179.030563354492,218.840408325195,23.5589599609375,196.185956682478,30,325,4,5.30930995941162,8.85420989990234,0.669919013977051,6.94343191733727
"415","SQUALIFORMES","ETMOPTERIDAE","Etmopterus","compagnoi","Etmopterus compagnoi",473,923,345.571428571429,1003.64285714286,473,923,18,327,10,67.0585327148438,236.169082641602,88.2862396240234,190.643782939386,70,2313,10,1.26030004024506,12.773699760437,4.26479053497314,7.71106266181705
"416","SQUALIFORMES","ETMOPTERIDAE","Etmopterus","decacuspidatus","Etmopterus decacuspidatus",512,692,345.571428571429,1003.64285714286,512,692,2,0,5,Inf,-Inf,-Inf,NA,5,20,5,6.066810131073,9.10099029541016,1.26500034332275,7.47329249382019
"417","SQUALIFORMES","ETMOPTERIDAE","Etmopterus","dianthus","Etmopterus dianthus",708,880,345.571428571429,1003.64285714286,708,880,8,50,5,162.807418823242,209.460845947266,28.2127685546875,184.008598937988,30,427,5,4.58641004562378,7.3289098739624,0.716100215911865,5.67787655846017
"418","SQUALIFORMES","ETMOPTERIDAE","Etmopterus","dislineatus","Etmopterus dislineatus",590,800,345.571428571429,1003.64285714286,590,800,10,293,5,160.126800537109,225.555145263672,41.3293304443359,186.068559926525,38,3750,5,4.988609790802,9.68199062347412,1.02660989761353,6.86530088208516
"419","SQUALIFORMES","ETMOPTERIDAE","Etmopterus","evansi","Etmopterus evansi",430,550,345.571428571429,1003.64285714286,430,550,13,125,5,65.2681274414062,198.026519775391,105.084281921387,114.677708435059,49,1492,5,7.17711019515991,10.369909286499,1.46500015258789,8.5049659892637
"420","SQUALIFORMES","ETMOPTERIDAE","Etmopterus","fusus","Etmopterus fusus",430,550,345.571428571429,1003.64285714286,430,550,3,45,5,102.972640991211,227.926956176758,71.7281494140625,156.576206122504,13,411,5,6.94559001922607,10.7663908004761,1.64809036254883,8.74655332124436
"421","SQUALIFORMES","ETMOPTERIDAE","Etmopterus","gracilispinis","Etmopterus gracilispinis",25,2240,345.571428571429,1003.64285714286,25,2240,88,18577,64,43.2547721862793,321.159729003906,161.126480102539,192.971848215104,350,194617,64,0.873700022697449,29.5067901611328,23.3078002929688,13.9116628392853
"422","SQUALIFORMES","ETMOPTERIDAE","Etmopterus","granulosus","Etmopterus granulosus",220,1500,345.571428571429,1003.64285714286,220,1500,29,4775,32,125.658630371094,348.658843994141,81.6897125244141,219.532373807418,116,28834,32,1.84320998191833,17.7373104095459,4.45221900939941,6.87472072341881
"423","SQUALIFORMES","ETMOPTERIDAE","Etmopterus","hillianus","Etmopterus hillianus",180,717,345.571428571429,1003.64285714286,180,717,27,1015,18,107.222946166992,246.533721923828,91.8063507080078,156.942331248316,109,6775,18,3.32850003242493,26.0894088745117,3.840500831604,14.8897279944191
"424","SQUALIFORMES","ETMOPTERIDAE","Etmopterus","joungi","Etmopterus joungi",300,1000,345.571428571429,1003.64285714286,300,1000,5,57,19,77.5898971557617,187.994445800781,45.6954116821289,122.219341746548,18,432,19,3.95109009742737,15.7389907836914,1.41889953613281,9.03763679442582
"425","SQUALIFORMES","ETMOPTERIDAE","Etmopterus","lailae","Etmopterus lailae",314,384,345.571428571429,1003.64285714286,314,384,4,6,3,192.425338745117,237.201278686523,44.7759399414062,210.209256490072,15,27,3,9.24609088897705,13.7961091995239,1.87289047241211,10.9032003614638
"426","SQUALIFORMES","ETMOPTERIDAE","Etmopterus","litvinovi","Etmopterus litvinovi",630,1100,345.571428571429,1003.64285714286,630,1100,5,220,10,54.7637634277344,208.526168823242,79.3756408691406,110.216783436862,21,628,10,3.75149989128113,6.07440996170044,0.312099933624268,4.66510419632978
"427","SQUALIFORMES","ETMOPTERIDAE","Etmopterus","lucifer","Etmopterus lucifer",158,1357,345.571428571429,1003.64285714286,158,1357,93,17753,32,0,310.4794921875,172.365844726562,184.859788988554,373,207795,32,0.873700022697449,28.92919921875,26.0080986022949,8.99951733999106
"428","SQUALIFORMES","ETMOPTERIDAE","Etmopterus","marshae","Etmopterus marshae",322,337,345.571428571429,1003.64285714286,322,337,1,0,1,Inf,-Inf,-Inf,NA,1,0,1,Inf,-Inf,-Inf,NA
"429","SQUALIFORMES","ETMOPTERIDAE","Etmopterus","molleri","Etmopterus molleri",238,655,345.571428571429,1003.64285714286,238,655,101,5139,14,39.1908073425293,310.4794921875,90.0752563476562,214.270967835743,402,63119,14,-0.14520999789238,19.5998992919922,3.18689918518066,8.77663540048949
"430","SQUALIFORMES","ETMOPTERIDAE","Etmopterus","perryi","Etmopterus perryi",189,598,345.571428571429,1003.64285714286,189,598,2,30,15,107.222946166992,176.710083007812,66.0365829467773,127.293809254964,7,187,15,6.69469976425171,18.3741092681885,2.33060073852539,12.1810488649868
"431","SQUALIFORMES","ETMOPTERIDAE","Etmopterus","polli","Etmopterus polli",300,1000,345.571428571429,1003.64285714286,300,1000,37,890,19,13.9230327606201,187.691070556641,95.6408843994141,89.2648286583718,151,3962,19,3.91421008110046,12.8743095397949,2.06049919128418,7.72934621719927
"432","SQUALIFORMES","ETMOPTERIDAE","Etmopterus","princeps","Etmopterus princeps",350,2900,345.571428571429,1003.64285714286,350,2900,54,20403,46,40.0082778930664,337.487457275391,106.86669921875,239.673493666748,218,164263,46,-2.09999990463257,16.9060001373291,7.23921012878418,6.14616948654593
"433","SQUALIFORMES","ETMOPTERIDAE","Etmopterus","pseudosqualiolus","Etmopterus pseudosqualiolus",668,1170,345.571428571429,1003.64285714286,668,1170,4,129,11,150.969024658203,210.559326171875,31.1863403320312,187.746099782545,17,1093,11,3.66759991645813,8.53890037536621,0.682420253753662,5.78068873190814
"434","SQUALIFORMES","ETMOPTERIDAE","Etmopterus","pusillus","Etmopterus pusillus",0,1998,345.571428571429,1003.64285714286,0,1998,104,39922,67,0,375.521606445312,337.253845214844,200.426347518396,416,327967,67,-1.85521006584167,30.4978103637695,26.4041996002197,11.9813802781627
"435","SQUALIFORMES","ETMOPTERIDAE","Etmopterus","pycnolepis","Etmopterus pycnolepis",330,763,345.571428571429,1003.64285714286,330,763,5,312,13,12.3528966903687,210.914535522461,117.759986877441,103.85660689305,23,877,13,4.89161014556885,11.3088092803955,1.01370048522949,7.27270549895962
"436","SQUALIFORMES","ETMOPTERIDAE","Etmopterus","robinsi","Etmopterus robinsi",411,786,345.571428571429,1003.64285714286,411,786,19,253,11,94.7240524291992,206.885009765625,58.3469314575195,138.865759054191,78,1581,11,4.9910101890564,17.7996101379395,2.83948993682861,11.080384018299
"437","SQUALIFORMES","ETMOPTERIDAE","Etmopterus","samadiae","Etmopterus samadiae",340,785,345.571428571429,1003.64285714286,340,785,4,13,13,129.815521240234,191.540664672852,43.1817932128906,161.681904719426,17,96,13,5.19671010971069,13.7307901382446,1.21511936187744,8.75841218233109
"438","SQUALIFORMES","ETMOPTERIDAE","Etmopterus","schultzi","Etmopterus schultzi",220,915,345.571428571429,1003.64285714286,220,915,25,1035,20,54.8145523071289,236.782333374023,114.271301269531,131.61399579624,100,7243,20,4.75610017776489,19.5651092529297,3.96809005737305,9.83690220286269
"439","SQUALIFORMES","ETMOPTERIDAE","Etmopterus","sculptus","Etmopterus sculptus",240,1023,345.571428571429,1003.64285714286,240,1023,20,757,21,0.015979740768671,231.884246826172,110.338958740234,167.962849268038,79,5472,21,1.26030004024506,16.2681102752686,4.45221900939941,9.13063642282409
"440","SQUALIFORMES","ETMOPTERIDAE","Etmopterus","sentosus","Etmopterus sentosus",200,500,345.571428571429,1003.64285714286,200,500,31,525,13,72.8430328369141,246.278503417969,79.7405395507812,186.347677481515,127,2863,13,7.5196099281311,21.2650089263916,4.97471809387207,13.1107948988083
"441","SQUALIFORMES","ETMOPTERIDAE","Etmopterus","sheikoi","Etmopterus sheikoi",340,370,345.571428571429,1003.64285714286,340,370,3,0,2,Inf,-Inf,-Inf,NA,10,8,2,9.72989082336426,14.1915092468262,0.992490768432617,11.7862474918365
"442","SQUALIFORMES","ETMOPTERIDAE","Etmopterus","spinax","Etmopterus spinax",70,2000,345.571428571429,1003.64285714286,70,2000,73,21354,53,13.9230327606201,349.317047119141,162.210815429688,217.777178374995,291,175842,53,-2.09999990463257,22.4948101043701,18.3689117431641,10.3432699709544
"443","SQUALIFORMES","ETMOPTERIDAE","Etmopterus","splendidus","Etmopterus splendidus",100,300,345.571428571429,1003.64285714286,100,300,11,240,9,67.9002914428711,222.785110473633,146.643341064453,188.45894908905,44,1568,9,2.66269993782043,25.8619995117188,21.5914993286133,18.3360796467382
"444","SQUALIFORMES","ETMOPTERIDAE","Etmopterus","unicolor","Etmopterus unicolor",120,1500,345.571428571429,1003.64285714286,120,1500,87,5950,36,44.9375648498535,286.536041259766,178.899841308594,204.944309886644,348,64520,36,2.26628994941711,21.7531909942627,18.3496017456055,8.42769304111147
"445","SQUALIFORMES","ETMOPTERIDAE","Etmopterus","viator","Etmopterus viator",820,1837,345.571428571429,1003.64285714286,820,1837,19,1187,22,154.894256591797,251.274520874023,53.3608856201172,188.828250129783,77,9339,22,0.887489974498749,9.07980918884277,2.96199989318848,2.64101181425085
"446","SQUALIFORMES","ETMOPTERIDAE","Etmopterus","villosus","Etmopterus villosus",406,1250,345.571428571429,1003.64285714286,406,1250,4,280,20,28.3090896606445,180.268539428711,26.1534881591797,66.3519202777318,17,1376,20,3.20519995689392,10.6506900787354,0.850081443786621,5.53888932355615
"447","SQUALIFORMES","ETMOPTERIDAE","Etmopterus","virens","Etmopterus virens",196,915,345.571428571429,1003.64285714286,196,915,25,2717,21,43.2547721862793,236.782333374023,116.775840759277,144.790727524798,100,20347,21,4.27441024780273,24.5599899291992,4.1439094543457,12.6698652450626
"448","ORECTOLOBIFORMES","ORECTOLOBIDAE","Eucrossorhinus","dasypogon","Eucrossorhinus dasypogon",0,50,0,50,0,50,26,855,11,53.1095848083496,236.831970214844,149.112808227539,195.901860555013,104,7441,11,2.88160991668701,32.3907127380371,26.9295902252197,27.444097764741
"449","SQUALIFORMES","DALATIIDAE","Euprotomicroides","zantedeschia","Euprotomicroides zantedeschia",195,641,195,641,195,641,7,182,16,142.558685302734,244.52864074707,76.5247955322266,207.148213900053,29,1328,16,4.19539022445679,18.2933006286621,3.35518980026245,10.1984628151698
"450","SQUALIFORMES","DALATIIDAE","Euprotomicrus","bispinatus","Euprotomicrus bispinatus",0,1500,0,1500,0,1500,99,1104512,57,0,380.169738769531,374.896881103516,163.135568228402,393,17574647,57,-1.0037100315094,35.6816902160645,28.8861103057861,13.663630386354
"451","RAJIFORMES","GURGESIELLIDAE","Fenestraja","atripinna","Fenestraja atripinna",366,951,454.875,910.25,366,951,12,115,15,84.4087524414062,198.941192626953,69.6816177368164,138.454813550866,50,901,15,4.77878999710083,18.5160102844238,3.39468097686768,11.0161832477091
"452","RAJIFORMES","GURGESIELLIDAE","Fenestraja","cubensis","Fenestraja cubensis",440,869,454.875,910.25,440,869,6,88,10,103.456855773926,196.329193115234,69.6816177368164,142.2707231695,22,910,10,4.72190999984741,18.763500213623,3.30908966064453,10.9439752552536
"453","RAJIFORMES","GURGESIELLIDAE","Fenestraja","ishiyamai","Fenestraja ishiyamai",503,950,454.875,910.25,503,950,17,73,10,43.2547721862793,198.941192626953,113.457626342773,136.964912414551,68,629,10,4.72190999984741,15.9792995452881,3.30908966064453,8.42700717559111
"454","RAJIFORMES","GURGESIELLIDAE","Fenestraja","maceachrani","Fenestraja maceachrani",600,765,454.875,910.25,600,765,1,0,4,Inf,-Inf,-Inf,NA,2,8,4,7.8055100440979,10.2820901870728,0.67410945892334,8.92501026391983
"455","RAJIFORMES","GURGESIELLIDAE","Fenestraja","mamillidens","Fenestraja mamillidens",1092,1338,454.875,910.25,1092,1338,2,18,6,45.0693740844727,74.0388641357422,19.1550445556641,59.4152005513509,6,23,6,5.03491020202637,6.56641006469727,0.408090114593506,5.80949308561242
"456","RAJIFORMES","GURGESIELLIDAE","Fenestraja","plutonia","Fenestraja plutonia",293,1024,454.875,910.25,293,1024,27,298,19,51.7677230834961,205.973480224609,100.180473327637,144.416380683848,106,2732,19,4.72190999984741,19.9217090606689,3.39468097686768,11.1049211187558
"457","RAJIFORMES","GURGESIELLIDAE","Fenestraja","sinusmexicanus","Fenestraja sinusmexicanus",56,1096,454.875,910.25,56,1096,19,1719,38,43.2547721862793,260.047607421875,161.126480102539,158.809677079641,76,17162,38,3.93389010429382,29.5827102661133,23.4823894500732,16.555322777904
"458","CARCHARHINIFORMES","PENTANCHIDAE","Figaro","boardmani","Figaro boardmani",130,640,215,530,130,640,22,1803,19,109.035499572754,269.795135498047,103.517181396484,233.614956238504,87,20575,19,2.52419996261597,21.7531909942627,18.3496017456055,11.4642338051918
"459","CARCHARHINIFORMES","PENTANCHIDAE","Figaro","striatus","Figaro striatus",300,420,215,530,300,420,8,117,6,155.533920288086,207.095703125,37.7555847167969,172.306377965161,30,1372,6,10.2716093063354,18.4383907318115,2.99870014190674,14.8216288673634
"460","MYLIOBATIFORMES","DASYATIDAE","Fontitrygon","colarensis","Fontitrygon colarensis",5,40,1,60,5,40,6,74,8,115.350639343262,207.223983764648,91.8733444213867,194.857610960264,25,700,8,11.6957092285156,28.2365093231201,16.5408000946045,27.5368563406808
"461","MYLIOBATIFORMES","DASYATIDAE","Fontitrygon","garouaensis","Fontitrygon garouaensis",NA,NA,1,60,1,60,7,0,13,Inf,-Inf,-Inf,NA,27,0,13,Inf,-Inf,-Inf,NA
"462","MYLIOBATIFORMES","DASYATIDAE","Fontitrygon","garouaensis","Fontitrygon garouaensis",NA,NA,1,60,1,60,7,0,13,Inf,-Inf,-Inf,NA,27,0,13,Inf,-Inf,-Inf,NA
"463","MYLIOBATIFORMES","DASYATIDAE","Fontitrygon","geijskesi","Fontitrygon geijskesi",0,80,1,60,0,80,15,390,17,110.619567871094,236.756103515625,94.1707077026367,196.077079342573,63,3658,17,4.40599012374878,29.4084091186523,23.7777996063232,27.1701170533912
"464","MYLIOBATIFORMES","DASYATIDAE","Fontitrygon","margarita","Fontitrygon margarita",0,90,1,60,0,90,31,965,19,13.9230327606201,245.930160522461,194.866714477539,150.980388558343,127,4899,19,4.06499004364014,29.596809387207,24.9382915496826,22.3465702306448
"465","MYLIOBATIFORMES","DASYATIDAE","Fontitrygon","margaritella","Fontitrygon margaritella",0,60,1,60,0,60,32,584,13,13.9230327606201,245.930160522461,194.866714477539,167.114388661842,130,3452,13,4.53710985183716,29.596809387207,24.2451000213623,23.2913594980781
"466","MYLIOBATIFORMES","DASYATIDAE","Fontitrygon","ukpam","Fontitrygon ukpam",0,30,1,60,0,30,18,206,7,41.8960838317871,241.430511474609,177.889175415039,190.361988475022,73,1484,7,6.41278982162476,29.596809387207,22.5114002227783,25.763180718589
"467","MYLIOBATIFORMES","DASYATIDAE","Fontitrygon","ukpam","Fontitrygon ukpam",0,30,1,60,0,30,18,206,7,41.8960838317871,241.430511474609,177.889175415039,190.361988475022,73,1484,7,6.41278982162476,29.596809387207,22.5114002227783,25.763180718589
"468","MYLIOBATIFORMES","DASYATIDAE","Fontitrygon","ukpam","Fontitrygon ukpam",0,30,1,60,0,30,18,206,7,41.8960838317871,241.430511474609,177.889175415039,190.361988475022,73,1484,7,6.41278982162476,29.596809387207,22.5114002227783,25.763180718589
"469","CARCHARHINIFORMES","TRIAKIDAE","Furgaleus","macki","Furgaleus macki",0,220,0,220,0,220,20,2022,26,64.8516235351562,273.989593505859,151.05451965332,232.616698094339,83,22537,26,2.61600995063782,28.6225090026855,24.5724906921387,17.5330272499288
"470","CARCHARHINIFORMES","CARCHARHINIDAE","Galeocerdo","cuvier","Galeocerdo cuvier",0,1136,0,1136,0,1136,109,134090,50,0,380.169738769531,374.896881103516,157.078527198727,436,1582970,50,0.188700005412102,35.6816902160645,28.8861103057861,17.6282494851733
"471","CARCHARHINIFORMES","TRIAKIDAE","Galeorhinus","galeus","Galeorhinus galeus",0,826,0,826,0,826,129,28335,44,0,393.683929443359,298.189483642578,223.883671753428,513,288735,44,-2.0998101234436,34.0424880981445,27.9015102386475,12.0025199380667
"472","CARCHARHINIFORMES","PENTANCHIDAE","Galeus","antillensis","Galeus antillensis",293,695,239.055555555556,820.833333333333,293,695,12,400,13,108.790946960449,204.736312866211,59.4082336425781,147.822057533264,49,2444,13,6.36951017379761,18.6914901733398,2.1648998260498,13.3978456227557
"473","CARCHARHINIFORMES","PENTANCHIDAE","Galeus","arae","Galeus arae",292,732,239.055555555556,820.833333333333,292,732,27,730,14,46.7058525085449,246.533721923828,116.775840759277,144.013311140505,107,4628,14,3.27508997917175,20.306209564209,3.6923999786377,12.1006508050752
"474","CARCHARHINIFORMES","PENTANCHIDAE","Galeus","atlanticus","Galeus atlanticus",328,790,239.055555555556,820.833333333333,328,790,14,299,14,139.70719909668,230.565933227539,43.6865997314453,193.476110451995,55,1662,14,6.05949020385742,21.0319004058838,7.87539863586426,12.2147899965087
"475","CARCHARHINIFORMES","PENTANCHIDAE","Galeus","cadenati","Galeus cadenati",262,549,239.055555555556,820.833333333333,262,549,1,12,12,118.54207611084,153.679656982422,22.7118988037109,131.442459742228,3,32,12,7.7418098449707,16.7960090637207,2.37289047241211,11.7773976624012
"476","CARCHARHINIFORMES","PENTANCHIDAE","Galeus","corriganae","Galeus corriganae",430,743,239.055555555556,820.833333333333,430,743,2,0,9,Inf,-Inf,-Inf,NA,8,10,9,5.55949020385742,10.0857095718384,1.21511936187744,7.63249707221985
"477","CARCHARHINIFORMES","PENTANCHIDAE","Galeus","eastmani","Galeus eastmani",100,900,239.055555555556,820.833333333333,100,900,17,774,25,66.9463577270508,222.785110473633,151.125335693359,159.282044679311,70,6599,25,2.35631012916565,25.8619995117188,21.5914993286133,13.913627115989
"478","CARCHARHINIFORMES","PENTANCHIDAE","Galeus","gracilis","Galeus gracilis",290,470,239.055555555556,820.833333333333,290,470,16,90,8,77.1260833740234,243.995849609375,104.350524902344,149.736017184787,65,1063,8,8.069899559021,16.3157997131348,2.01789951324463,11.1319169289418
"479","CARCHARHINIFORMES","PENTANCHIDAE","Galeus","longirostris","Galeus longirostris",330,550,239.055555555556,820.833333333333,330,550,9,168,9,95.6496734619141,202.226028442383,30.0840377807617,156.543007668995,33,817,9,4.82881021499634,17.7796001434326,2.56560897827148,12.3883182030705
"480","CARCHARHINIFORMES","PENTANCHIDAE","Galeus","melastomus","Galeus melastomus",55,2000,239.055555555556,820.833333333333,55,2000,56,17282,56,35.5909080505371,336.717315673828,162.210815429688,216.945714898469,224,164459,56,-2.09999990463257,22.5283908843994,18.3689117431641,11.6075156894866
"481","CARCHARHINIFORMES","PENTANCHIDAE","Galeus","mincaronei","Galeus mincaronei",130,600,239.055555555556,820.833333333333,130,600,4,49,18,183.457901000977,247.379043579102,43.4496612548828,216.584367090342,16,502,18,6.8851900100708,18.6200008392334,3.3569803237915,14.5563309430126
"482","CARCHARHINIFORMES","PENTANCHIDAE","Galeus","murinus","Galeus murinus",380,1300,239.055555555556,820.833333333333,380,1300,48,4629,22,69.562255859375,336.93701171875,87.8177642822266,230.108642897871,192,32259,22,-2.09411001205444,13.8577899932861,7.23921012878418,6.97464435452561
"483","CARCHARHINIFORMES","PENTANCHIDAE","Galeus","nipponensis","Galeus nipponensis",150,840,239.055555555556,820.833333333333,150,840,15,825,22,56.261890411377,217.427444458008,161.165557861328,154.385069912997,58,5912,22,2.35631012916565,22.7245101928711,20.02952003479,12.7491465833577
"484","CARCHARHINIFORMES","PENTANCHIDAE","Galeus","piperatus","Galeus piperatus",275,1326,239.055555555556,820.833333333333,275,1326,5,77,27,0,53.4656600952148,41.9685134887695,12.9014433513988,22,1077,27,3.02540993690491,13.6898097991943,4.81829071044922,7.54917082060457
"485","CARCHARHINIFORMES","PENTANCHIDAE","Galeus","polli","Galeus polli",159,720,239.055555555556,820.833333333333,159,720,62,1656,19,0,230.367416381836,181.580764770508,101.589347846266,249,7838,19,3.66410994529724,17.4411087036133,11.8200197219849,11.0803125484405
"486","CARCHARHINIFORMES","PENTANCHIDAE","Galeus","priapus","Galeus priapus",262,830,239.055555555556,820.833333333333,262,830,12,180,18,139.318664550781,210.392105102539,56.6571197509766,183.440702565511,49,1915,18,4.67981004714966,19.6564102172852,1.99998092651367,11.7054555940255
"487","CARCHARHINIFORMES","PENTANCHIDAE","Galeus","sauteri","Galeus sauteri",60,600,239.055555555556,820.833333333333,60,600,29,1603,27,21.2825050354004,230.617721557617,173.132843017578,161.729936637807,116,14655,27,2.41770005226135,30.7677001953125,27.0115203857422,18.1081442631865
"488","CARCHARHINIFORMES","PENTANCHIDAE","Galeus","schultzi","Galeus schultzi",50,431,239.055555555556,820.833333333333,50,431,8,216,24,21.2825050354004,224.526214599609,173.132843017578,165.123680635735,33,3120,24,2.65630006790161,29.2033996582031,23.7821998596191,20.1516499366516
"489","CARCHARHINIFORMES","PENTANCHIDAE","Galeus","springeri","Galeus springeri",457,699,239.055555555556,820.833333333333,457,699,8,201,7,108.790946960449,200.301193237305,47.0896453857422,138.042696559014,33,1051,7,6.7927098274231,16.4667091369629,2.90559101104736,11.5147631692387
"490","ORECTOLOBIFORMES","GINGLYMOSTOMATIDAE","Ginglymostoma","cirratum","Ginglymostoma cirratum",0,130,0,71.5,0,130,70,6357,22,13.9230327606201,287.818786621094,194.866714477539,190.576670023936,279,47681,22,3.3622899055481,30.6297092437744,25.6891002655029,24.1587416576921
"491","ORECTOLOBIFORMES","GINGLYMOSTOMATIDAE","Ginglymostoma","unami","Ginglymostoma unami",0,13,0,71.5,0,13,46,160,4,0,271.054077148438,266.622161865234,207.37952041626,183,830,4,7.03740978240967,33.4674110412598,21.6571006774902,24.1624876803662
"492","RHINOPRISTIFORMES","GLAUCOSTEGIDAE","Glaucostegus","cemiculus","Glaucostegus cemiculus",0,80,0,86.6666666666667,0,80,63,2789,17,13.9230327606201,281.619110107422,194.866714477539,207.130087286565,252,21557,17,4.06499004364014,29.596809387207,24.3698196411133,18.5396962625704
"493","RHINOPRISTIFORMES","GLAUCOSTEGIDAE","Glaucostegus","granulatus","Glaucostegus granulatus",0,120,0,86.6666666666667,0,120,24,1518,22,0,306.709228515625,294.577453613281,141.057383458448,99,15329,22,4.25298976898193,34.5224990844727,25.2181015014648,25.9543705298885
"494","RHINOPRISTIFORMES","GLAUCOSTEGIDAE","Glaucostegus","halavi","Glaucostegus halavi",0,100,0,86.6666666666667,0,100,35,847,21,0,306.709228515625,294.577453613281,163.305212568083,140,6271,21,8.10349082946777,35.6816902160645,21.828800201416,25.796525893457
"495","RHINOPRISTIFORMES","GLAUCOSTEGIDAE","Glaucostegus","obtusus","Glaucostegus obtusus",0,60,0,86.6666666666667,0,60,26,893,13,0,233.070434570312,232.484375,171.771043365239,101,5737,13,8.97350025177002,31.3379898071289,21.517391204834,27.6659979894225
"496","RHINOPRISTIFORMES","GLAUCOSTEGIDAE","Glaucostegus","thouin","Glaucostegus thouin",0,60,0,86.6666666666667,0,60,32,1964,13,0,233.070434570312,232.484375,181.897519474845,126,20847,13,3.72439002990723,32.111988067627,25.6907806396484,28.2531073485118
"497","RHINOPRISTIFORMES","GLAUCOSTEGIDAE","Glaucostegus","typus","Glaucostegus typus",0,100,0,86.6666666666667,0,100,62,9026,21,0,281.577819824219,240.769912719727,180.876544210986,248,89223,21,2.50709009170532,32.3907127380371,27.3097915649414,26.8514356002088
"498","CARCHARHINIFORMES","CARCHARHINIDAE","Glyphis","gangeticus","Glyphis gangeticus",0,50,0.366666666666667,32,0,50,22,275,11,0.323621839284897,220.177886962891,209.118026733398,181.361214238947,86,2048,11,4.28718996047974,30.9929904937744,25.2782192230225,27.3465723004192
"499","CARCHARHINIFORMES","CARCHARHINIDAE","Glyphis","garricki","Glyphis garricki",0.7,23,0.366666666666667,32,0.7,23,11,99,6,169.91162109375,236.831970214844,46.9768829345703,198.121094983033,44,861,6,23.9614906311035,32.3907127380371,7.68280792236328,28.1026897408267
"500","CARCHARHINIFORMES","CARCHARHINIDAE","Glyphis","garricki","Glyphis garricki",0.7,23,0.366666666666667,32,0.7,23,11,99,6,169.91162109375,236.831970214844,46.9768829345703,198.121094983033,44,861,6,23.9614906311035,32.3907127380371,7.68280792236328,28.1026897408267
"501","CARCHARHINIFORMES","CARCHARHINIDAE","Glyphis","glyphis","Glyphis glyphis",0.4,23,0.366666666666667,32,0.4,23,10,42,6,169.91162109375,226.74348449707,39.5235137939453,197.763442993164,37,155,6,7.52278995513916,32.2915992736816,21.7038192749023,27.9576661509852
"502","CARCHARHINIFORMES","PSEUDOTRIAKIDAE","Gollum","attenuatus","Gollum attenuatus",130,975,430,852.5,130,975,25,1898,25,151.512878417969,287.498016357422,103.527847290039,216.205592606668,99,17753,25,2.74328994750977,20.645299911499,17.3200817108154,10.2866467492168
"503","RAJIFORMES","GURGESIELLIDAE","Gurgesiella","atlantica","Gurgesiella atlantica",247,1575,273,1111.66666666667,247,1575,12,819,32,100.550910949707,246.431869506836,91.3778839111328,150.724312583169,46,5498,32,3.99838995933533,17.3635997772217,2.96389007568359,8.36094414689143
"504","RAJIFORMES","GURGESIELLIDAE","Gurgesiella","dorsalifera","Gurgesiella dorsalifera",400,800,273,1111.66666666667,400,800,6,51,11,168.171203613281,250.458602905273,77.6082000732422,212.949112237669,27,433,11,4.36579990386963,13.4611902236938,2.6093807220459,9.33235087295603
"505","RAJIFORMES","GURGESIELLIDAE","Gurgesiella","furvescens","Gurgesiella furvescens",172,960,273,1111.66666666667,172,960,35,832,23,0,192.270431518555,99.0405578613281,33.253066078115,138,4616,23,3.96750998497009,14.9419002532959,1.79530906677246,9.22111662834934
"506","MYLIOBATIFORMES","GYMNURIDAE","Gymnura","altavela","Gymnura altavela",0,150,0.0833333333333333,66.5,0,150,85,6326,23,0,357.449310302734,331.541473388672,205.897688125946,342,50008,23,-1.74990999698639,44.2368125915527,37.5705108642578,17.6065126066827
"507","MYLIOBATIFORMES","GYMNURIDAE","Gymnura","australis","Gymnura australis",0,60,0.0833333333333333,66.5,0,60,31,1390,13,53.1095848083496,245.091888427734,149.112808227539,196.264003424336,122,18417,13,2.81738996505737,32.3907127380371,26.9477996826172,26.847101126832
"508","MYLIOBATIFORMES","GYMNURIDAE","Gymnura","crebripunctata","Gymnura crebripunctata",0,30,0.0833333333333333,66.5,0,30,51,273,7,0,276.905914306641,266.622161865234,186.768509721581,201,1673,7,6.8130898475647,33.4674110412598,22.3255195617676,24.1484029847423
"509","MYLIOBATIFORMES","GYMNURIDAE","Gymnura","japonica","Gymnura japonica",0,27,0.0833333333333333,66.5,0,27,24,377,6,40.8146171569824,368.22265625,327.408050537109,237.706019272539,98,4011,6,-1.0037100315094,29.381290435791,27.6921100616455,17.9206713482912
"510","MYLIOBATIFORMES","GYMNURIDAE","Gymnura","lessae","Gymnura lessae",0,60,0.0833333333333333,66.5,0,60,25,760,13,87.6237487792969,331.996704101562,126.39225769043,211.591272956447,99,7645,13,1.70748996734619,30.3610897064209,25.2347812652588,22.0206069769775
"511","MYLIOBATIFORMES","GYMNURIDAE","Gymnura","marmorata","Gymnura marmorata",1,94,0.0833333333333333,66.5,1,94,11,351,20,0,275.406433105469,275.307464599609,189.568576149791,47,2643,20,3.94570994377136,34.0424880981445,25.8135013580322,17.5559414355898
"512","MYLIOBATIFORMES","GYMNURIDAE","Gymnura","micrura","Gymnura micrura",0,40,0.0833333333333333,66.5,0,40,39,696,9,91.0596389770508,251.558807373047,124.469367980957,200.783608096769,156,7332,9,3.56031012535095,30.8931903839111,24.6107997894287,26.5192519854927
"513","MYLIOBATIFORMES","GYMNURIDAE","Gymnura","natalensis","Gymnura natalensis",0,75,0.0833333333333333,66.5,0,75,13,400,16,0,301.980194091797,254.029251098633,211.722458438873,56,2381,16,4.97769021987915,28.0925006866455,21.286319732666,17.310421567562
"514","MYLIOBATIFORMES","GYMNURIDAE","Gymnura","poecilura","Gymnura poecilura",0,75,0.0833333333333333,66.5,0,75,41,5577,16,0,308.073760986328,294.577453613281,185.092995471759,165,56579,16,2.62009000778198,35.6816902160645,27.2397994995117,26.6724719678098
"515","MYLIOBATIFORMES","GYMNURIDAE","Gymnura","sereti","Gymnura sereti",0,60,0.0833333333333333,66.5,0,60,33,638,13,13.9230327606201,245.930160522461,194.866714477539,166.352814880658,135,3456,13,4.12821006774902,29.596809387207,24.9382915496826,23.3923539533107
"516","MYLIOBATIFORMES","GYMNURIDAE","Gymnura","tentaculata","Gymnura tentaculata",0,87,0.0833333333333333,66.5,0,87,4,110,18,6.10249900817871,306.709228515625,294.577453613281,189.667506408691,16,1734,18,15.2151098251343,33.7784881591797,14.2501201629639,24.455323638388
"517","MYLIOBATIFORMES","GYMNURIDAE","Gymnura","tentaculata","Gymnura tentaculata",0,87,0.0833333333333333,66.5,0,87,4,110,18,6.10249900817871,306.709228515625,294.577453613281,189.667506408691,16,1734,18,15.2151098251343,33.7784881591797,14.2501201629639,24.455323638388
"518","MYLIOBATIFORMES","GYMNURIDAE","Gymnura","zonura","Gymnura zonura",0,40,0.0833333333333333,66.5,0,40,36,1776,9,0,239.044952392578,232.484375,193.230181032473,144,17350,9,2.58419990539551,32.111988067627,27.2397994995117,27.7359576328069
"519","CARCHARHINIFORMES","PENTANCHIDAE","Halaelurus","boesemani","Halaelurus boesemani",29,91,31.4285714285714,171.142857142857,29,91,8,104,13,1.61206221580505,226.704193115234,225.092132568359,167.260859929598,33,1962,13,7.8275899887085,29.1609897613525,18.3936996459961,24.1961391431476
"520","CARCHARHINIFORMES","PENTANCHIDAE","Halaelurus","buergeri","Halaelurus buergeri",27,100,31.4285714285714,171.142857142857,27,100,35,1402,16,22.7408351898193,237.821212768555,182.00114440918,211.56855689578,142,13533,16,0.203099995851517,29.9234008789062,23.5674896240234,18.9410730241663
"521","CARCHARHINIFORMES","PENTANCHIDAE","Halaelurus","lineatus","Halaelurus lineatus",0,290,31.4285714285714,171.142857142857,0,290,13,162,29,114.356002807617,250.449096679688,117.236862182617,195.614080170055,54,2570,29,4.95581007003784,28.7763900756836,21.286319732666,22.420005294785
"522","CARCHARHINIFORMES","PENTANCHIDAE","Halaelurus","maculosus","Halaelurus maculosus",50,80,31.4285714285714,171.142857142857,50,80,20,14,7,51.1598777770996,194.373489379883,141.401718139648,150.22730745588,77,169,7,10.4462099075317,28.485200881958,17.7302913665771,25.7033787450847
"523","CARCHARHINIFORMES","PENTANCHIDAE","Halaelurus","natalensis","Halaelurus natalensis",0,172,31.4285714285714,171.142857142857,0,172,15,323,24,114.356002807617,251.000122070312,117.236862182617,201.926845491486,58,3602,24,4.97769021987915,28.5993099212646,21.286319732666,18.1582158264486
"524","CARCHARHINIFORMES","PENTANCHIDAE","Halaelurus","quagga","Halaelurus quagga",54,300,31.4285714285714,171.142857142857,54,300,12,1066,18,0,236.673034667969,223.887176513672,79.4744358257326,45,10349,18,4.2436900138855,28.831600189209,20.6993198394775,20.6599670713887
"525","CARCHARHINIFORMES","PENTANCHIDAE","Halaelurus","sellus","Halaelurus sellus",60,165,31.4285714285714,171.142857142857,60,165,15,477,12,61.0586776733398,229.136016845703,151.05451965332,180.883908365757,58,3951,12,3.24000000953674,27.2908096313477,20.6843204498291,24.4036322183109
"526","CARCHARHINIFORMES","PENTANCHIDAE","Haploblepharus","edwardsii","Haploblepharus edwardsii",0,288,0,102,0,288,5,255,29,170.031707763672,253.103286743164,54.0119781494141,208.141978125479,19,2890,29,8.64039039611816,23.541109085083,14.3205003738403,15.0935545053449
"527","CARCHARHINIFORMES","PENTANCHIDAE","Haploblepharus","fuscus","Haploblepharus fuscus",0,35,0,102,0,35,4,24,8,144.699279785156,242.391494750977,93.0577545166016,210.71874109904,18,168,8,4.97769021987915,26.3903007507324,21.286319732666,20.6609028010141
"528","CARCHARHINIFORMES","PENTANCHIDAE","Haploblepharus","kistnasamyi","Haploblepharus kistnasamyi",0,50,0,102,0,50,7,33,11,144.699279785156,242.391494750977,93.0577545166016,209.752601854729,30,280,11,4.97769021987915,26.431209564209,21.286319732666,20.8278754983629
"529","CARCHARHINIFORMES","PENTANCHIDAE","Haploblepharus","pictus","Haploblepharus pictus",0,35,0,102,0,35,10,80,8,154.831771850586,301.980194091797,118.407028198242,229.667116546631,41,396,8,12.0951900482178,24.2314910888672,6.2135009765625,16.4828653383737
"530","CHIMAERIFORMES","RHINOCHIMAERIDAE","Harriotta","haeckeli","Harriotta haeckeli",1114,2603,732,2601.5,1114,2603,113,7491,25,11.3067998886108,299.930816650391,72.4709625244141,246.654196663702,450,64325,25,2.55580997467041,10.285590171814,1.30430030822754,3.52338854855338
"531","CHIMAERIFORMES","RHINOCHIMAERIDAE","Harriotta","raleighana","Harriotta raleighana",350,2600,732,2601.5,350,2600,122,12013,43,0,326.306243896484,124.94303894043,181.585984238139,488,104586,43,-2.00170993804932,17.7587909698486,7.23921012878418,5.78985853834325
"532","CARCHARHINIFORMES","HEMIGALEIDAE","Hemigaleus","australiensis","Hemigaleus australiensis",1,170,0.5,170,1,170,22,2364,24,58.7150726318359,248.319366455078,151.05451965332,193.327734716451,86,27923,24,2.77129006385803,32.3907127380371,26.5213813781738,25.7959032450459
"533","CARCHARHINIFORMES","HEMIGALEIDAE","Hemigaleus","microstoma","Hemigaleus microstoma",0,170,0.5,170,0,170,40,6362,24,0,281.330169677734,240.769912719727,167.109929192407,159,61649,24,2.66269993782043,33.084300994873,27.2327899932861,26.23882111722
"534","CARCHARHINIFORMES","HEMIGALEIDAE","Hemipristis","elongata","Hemipristis elongata",0,132,0,132,0,132,72,10410,22,0,323.289764404297,294.577453613281,175.287466582693,289,102177,22,2.58419990539551,35.6816902160645,27.2327899932861,26.1105773645159
"535","ORECTOLOBIFORMES","HEMISCYLLIIDAE","Hemiscyllium","freycineti","Hemiscyllium freycineti",0,10,0,23.6666666666667,0,10,3,18,3,83.9856491088867,220.10432434082,125.127510070801,195.974567837185,11,159,3,4.13190984725952,30.2114086151123,25.5389194488525,28.8188455209792
"536","ORECTOLOBIFORMES","HEMISCYLLIIDAE","Hemiscyllium","galei","Hemiscyllium galei",0,25,0,23.6666666666667,0,25,2,12,6,97.2133560180664,203.439636230469,105.058753967285,193.325759887695,9,108,6,6.93560981750488,30.4323997497559,22.8772811889648,28.9378939911171
"537","ORECTOLOBIFORMES","HEMISCYLLIIDAE","Hemiscyllium","hallstromi","Hemiscyllium hallstromi",0,30,0,23.6666666666667,0,30,5,88,7,130.818954467773,236.831970214844,82.4432067871094,200.85959555886,18,1148,7,2.80770993232727,29.9816913604736,26.5213813781738,27.3833588523732
"538","ORECTOLOBIFORMES","HEMISCYLLIIDAE","Hemiscyllium","halmahera","Hemiscyllium halmahera",0,10,0,23.6666666666667,0,10,4,6,3,74.9377288818359,206.079696655273,130.056289672852,192.1064453125,15,106,3,4.16390991210938,30.0595989227295,25.3824901580811,28.8792005934805
"539","ORECTOLOBIFORMES","HEMISCYLLIIDAE","Hemiscyllium","henryi","Hemiscyllium henryi",0,28,0,23.6666666666667,0,28,1,7,7,76.372917175293,217.825286865234,139.696014404297,192.397131783622,5,41,7,10.0682907104492,30.3689994812012,19.7805099487305,28.0791330104921
"540","ORECTOLOBIFORMES","HEMISCYLLIIDAE","Hemiscyllium","michaeli","Hemiscyllium michaeli",0,20,0,23.6666666666667,0,20,3,25,5,136.696075439453,223.655670166016,75.3480529785156,200.793346557617,11,189,5,7.56149005889893,30.1986904144287,22.2871189117432,28.1900909565113
"541","ORECTOLOBIFORMES","HEMISCYLLIIDAE","Hemiscyllium","ocellatum","Hemiscyllium ocellatum",0,40,0,23.6666666666667,0,40,35,2075,9,53.1095848083496,245.091888427734,153.615447998047,198.360592952866,140,29613,9,2.77129006385803,32.3907127380371,27.0766010284424,27.3301953450447
"542","ORECTOLOBIFORMES","HEMISCYLLIIDAE","Hemiscyllium","strahani","Hemiscyllium strahani",0,20,0,23.6666666666667,0,20,3,5,5,99.7325057983398,211.940582275391,112.208076477051,200.658206176758,12,70,5,2.92931008338928,30.2030906677246,26.8892002105713,28.9596799577985
"543","ORECTOLOBIFORMES","HEMISCYLLIIDAE","Hemiscyllium","trispeculare","Hemiscyllium trispeculare",0,30,0,23.6666666666667,0,30,27,925,7,62.4092483520508,233.015121459961,145.76643371582,198.638559900232,108,11779,7,2.65230989456177,32.3907127380371,26.7943000793457,27.5129611527579
"544","CARCHARHINIFORMES","TRIAKIDAE","Hemitriakis","abdita","Hemitriakis abdita",225,400,81,158,225,400,9,289,8,139.318664550781,204.242736816406,56.6571197509766,179.873307963969,35,3204,8,11.5042905807495,20.7846088409424,2.02401924133301,16.750246354852
"545","CARCHARHINIFORMES","TRIAKIDAE","Hemitriakis","complicofasciata","Hemitriakis complicofasciata",90,100,81,158,90,100,8,48,3,70.7633514404297,217.477523803711,145.985198974609,196.266353289286,32,173,3,4.11069011688232,25.0709896087646,20.4326210021973,21.0817763598668
"546","CARCHARHINIFORMES","TRIAKIDAE","Hemitriakis","falcata","Hemitriakis falcata",110,200,81,158,110,200,6,66,5,83.5478973388672,206.874206542969,123.326309204102,152.143792123506,26,521,5,4.01780986785889,25.1242904663086,20.201789855957,21.2337166388982
"547","CARCHARHINIFORMES","TRIAKIDAE","Hemitriakis","indroyonoi","Hemitriakis indroyonoi",60,100,81,158,60,100,16,0,9,Inf,-Inf,-Inf,NA,64,85,9,4.3370099067688,27.3066005706787,20.9160995483398,24.2166580648983
"548","CARCHARHINIFORMES","TRIAKIDAE","Hemitriakis","japanica","Hemitriakis japanica",1,100,81,158,1,100,21,2053,21,55.2159652709961,353.762603759766,182.449462890625,221.552164849803,84,22083,21,-1.0037100315094,29.5005912780762,27.6921100616455,18.5075700392635
"549","CARCHARHINIFORMES","TRIAKIDAE","Hemitriakis","leucoperiptera","Hemitriakis leucoperiptera",0,48,81,158,0,48,16,135,11,22.7408351898193,218.444198608398,182.00114440918,199.11328475387,64,1859,11,2.62009000778198,30.7110996246338,27.2327899932861,27.9166403006584
"550","MYLIOBATIFORMES","DASYATIDAE","Hemitrygon","akajei","Hemitrygon akajei",0,100,10.6666666666667,81.7777777777778,0,100,24,2022,21,32.8640098571777,376.047760009766,337.253845214844,240.934024044833,95,22594,21,-1.7476099729538,29.5005912780762,27.6921100616455,15.8285724164061
"551","MYLIOBATIFORMES","DASYATIDAE","Hemitrygon","bennetti","Hemitrygon bennetti",25,36,10.6666666666667,81.7777777777778,25,36,24,87,3,133.749603271484,219.801239013672,80.792236328125,202.843044938712,93,505,3,10.7925090789795,28.6535911560059,17.3393821716309,24.0729134701266
"552","MYLIOBATIFORMES","DASYATIDAE","Hemitrygon","fluviorum","Hemitrygon fluviorum",0,40,10.6666666666667,81.7777777777778,0,40,27,658,9,121.999786376953,226.267242431641,83.9709014892578,199.041642510782,107,6480,9,2.88591003417969,32.3907127380371,26.200309753418,26.7035278143706
"553","MYLIOBATIFORMES","DASYATIDAE","Hemitrygon","izuensis","Hemitrygon izuensis",10,25,10.6666666666667,81.7777777777778,10,25,6,40,4,55.2159652709961,238.912155151367,182.449462890625,218.379049682617,23,246,4,3.00160002708435,28.1927909851074,22.6561908721924,20.2948831465186
"554","MYLIOBATIFORMES","DASYATIDAE","Hemitrygon","laevigata","Hemitrygon laevigata",1,60,10.6666666666667,81.7777777777778,1,60,11,363,13,70.0529251098633,314.794982910156,153.891540527344,211.833141316395,46,2629,13,4.10310983657837,29.2457103729248,24.7546806335449,22.3142933930767
"555","MYLIOBATIFORMES","DASYATIDAE","Hemitrygon","laosensis","Hemitrygon laosensis",NA,NA,10.6666666666667,81.7777777777778,10.6666666666667,81.7777777777778,9,0,15,Inf,-Inf,-Inf,NA,33,0,15,Inf,-Inf,-Inf,NA
"556","MYLIOBATIFORMES","DASYATIDAE","Hemitrygon","laosensis","Hemitrygon laosensis",NA,NA,10.6666666666667,81.7777777777778,10.6666666666667,81.7777777777778,9,0,15,Inf,-Inf,-Inf,NA,33,0,15,Inf,-Inf,-Inf,NA
"557","MYLIOBATIFORMES","DASYATIDAE","Hemitrygon","longicauda","Hemitrygon longicauda",0,40,10.6666666666667,81.7777777777778,0,40,3,80,9,130.868637084961,236.831970214844,82.4432067871094,200.212165641785,13,488,9,2.83280992507935,29.9816913604736,26.36448097229,27.4342538997775
"558","MYLIOBATIFORMES","DASYATIDAE","Hemitrygon","navarrae","Hemitrygon navarrae",0,50,10.6666666666667,81.7777777777778,0,50,22,382,11,92.6563873291016,252.805847167969,127.188400268555,202.655227141855,91,3037,11,9.50720977783203,31.2149085998535,18.2716903686523,25.4163317424434
"559","MYLIOBATIFORMES","DASYATIDAE","Hemitrygon","parvonigra","Hemitrygon parvonigra",60,185,10.6666666666667,81.7777777777778,60,185,3,116,12,67.3501815795898,208.504760742188,140.963104248047,171.599001720034,11,1382,12,3.39198994636536,27.6479911804199,20.7815895080566,23.7926672798852
"560","MYLIOBATIFORMES","DASYATIDAE","Hemitrygon","sinensis","Hemitrygon sinensis",0,200,10.6666666666667,81.7777777777778,0,200,19,312,25,179.61897277832,353.762603759766,143.710540771484,256.582858354617,76,4067,25,-1.0037100315094,29.0591087341309,27.6921100616455,13.7026853682164
"561","HEXANCHIFORMES","HEXANCHIDAE","Heptranchias","perlo","Heptranchias perlo",0,1000,0,1000,0,1000,109,51282,47,0,370.87255859375,330.228576660156,185.765669830197,435,480461,47,-1.98351001739502,31.8404998779297,27.6921100616455,16.5179806132406
"562","HETERODONTIFORMES","HETERODONTIDAE","Heterodontus","francisci","Heterodontus francisci",2,152,24.8,136.9,2,152,17,1134,23,0,284.524932861328,275.307464599609,188.8321924218,66,15812,23,2.63789010047913,34.0424880981445,28.8861103057861,15.9810530636361
"563","HETERODONTIFORMES","HETERODONTIDAE","Heterodontus","galeatus","Heterodontus galeatus",0,93,24.8,136.9,0,93,9,200,20,147.058517456055,234.955123901367,81.7930297851562,209.986451797485,38,3159,20,2.81431007385254,26.9253997802734,23.3771991729736,20.7898979603622
"564","HETERODONTIFORMES","HETERODONTIDAE","Heterodontus","japonicus","Heterodontus japonicus",6,125,24.8,136.9,6,125,21,1744,21,48.5968208312988,376.047760009766,182.449462890625,227.757372199942,86,22102,21,0.158590003848076,29.3100910186768,26.3889083862305,17.0730826821104
"565","HETERODONTIFORMES","HETERODONTIDAE","Heterodontus","marshallae","Heterodontus marshallae",125,229,24.8,136.9,125,229,12,86,5,90.7105712890625,209.312423706055,69.11572265625,128.852178795393,49,474,5,12.0804100036621,21.6342086791992,3.97709083557129,19.0546479768391
"566","HETERODONTIFORMES","HETERODONTIDAE","Heterodontus","mexicanus","Heterodontus mexicanus",0,50,24.8,136.9,0,50,53,495,11,0,276.905914306641,257.555236816406,160.080897021053,212,3088,11,4.33540010452271,33.9436874389648,25.8135013580322,22.9325609534516
"567","HETERODONTIFORMES","HETERODONTIDAE","Heterodontus","omanensis","Heterodontus omanensis",72,80,24.8,136.9,72,80,7,24,3,0.590836942195892,198.105209350586,197.146728515625,103.29464785258,27,260,3,10.0701093673706,24.4730911254883,13.7858009338379,22.4983711169316
"568","HETERODONTIFORMES","HETERODONTIDAE","Heterodontus","portusjacksoni","Heterodontus portusjacksoni",0,275,24.8,136.9,0,275,18,3676,28,123.697006225586,279.959777832031,116.805679321289,236.167144073885,73,48285,28,2.52419996261597,26.6107006072998,23.2523097991943,16.1553044892226
"569","HETERODONTIFORMES","HETERODONTIDAE","Heterodontus","quoyi","Heterodontus quoyi",3,40,24.8,136.9,3,40,18,80,8,0,240.334777832031,237.14582824707,149.246880435944,74,423,8,4.28778982162476,27.0067100524902,20.9975185394287,18.4918257169972
"570","HETERODONTIFORMES","HETERODONTIDAE","Heterodontus","ramalheira","Heterodontus ramalheira",40,275,24.8,136.9,40,275,57,656,20,0,244.369537353516,221.536514282227,144.013305839242,225,5949,20,3.49520993232727,29.5031909942627,20.3597087860107,21.2144062661347
"571","HETERODONTIFORMES","HETERODONTIDAE","Heterodontus","zebra","Heterodontus zebra",0,50,24.8,136.9,0,50,49,1282,11,35.9631729125977,353.762603759766,182.449462890625,215.436490896525,198,7239,11,-0.791509985923767,31.2149085998535,26.5311107635498,22.2510895487979
"572","TORPEDINIFORMES","NARKIDAE","Heteronarce","bentuviai","Heteronarce bentuviai",80,200,74.3333333333333,292,80,200,18,18,9,11.5691633224487,167.78385925293,154.539901733398,75.5130712721083,70,198,9,4.70939016342163,25.6240901947021,16.1363201141357,19.5623969068431
"573","TORPEDINIFORMES","NARKIDAE","Heteronarce","garmani","Heteronarce garmani",70,330,74.3333333333333,292,70,330,13,144,16,78.7363433837891,229.166381835938,139.530731201172,191.553785853916,55,1283,16,3.07808995246887,24.362699508667,18.4798107147217,17.9001894852006
"574","TORPEDINIFORMES","NARKIDAE","Heteronarce","mollis","Heteronarce mollis",73,346,74.3333333333333,292,73,346,12,278,16,0,238.345352172852,228.485244750977,75.1060863536039,49,3312,16,4.07120990753174,28.2038898468018,20.6335906982422,17.7059301299173
"575","SQUALIFORMES","DALATIIDAE","Heteroscymnoides","marleyi","Heteroscymnoides marleyi",0,502,0,502,0,502,10,1813,37,9.18285655975342,255.370498657227,238.216735839844,207.44048710469,40,18696,37,2.81330990791321,27.0618991851807,24.0794811248779,17.4233158199921
"576","HEXANCHIFORMES","HEXANCHIDAE","Hexanchus","griseus","Hexanchus griseus",0,2490,0,1297.33333333333,0,2490,123,73157,72,0,393.683929443359,374.896881103516,174.106777949942,489,523985,72,-1.98351001739502,44.2368125915527,37.5705108642578,14.7806981923105
"577","HEXANCHIFORMES","HEXANCHIDAE","Hexanchus","nakamurai","Hexanchus nakamurai",0,702,0,1297.33333333333,0,702,86,11807,41,20.2311305999756,375.521606445312,337.253845214844,196.329381376053,344,100555,41,-1.98351001739502,30.7677001953125,27.2917995452881,17.9307837651907
"578","HEXANCHIFORMES","HEXANCHIDAE","Hexanchus","vitulus","Hexanchus vitulus",0,700,0,1297.33333333333,0,700,22,5341,41,46.7058525085449,278.391296386719,159.30908203125,173.931062110911,88,42008,41,3.93389010429382,30.6297092437744,25.6891002655029,21.3713336797402
"579","MYLIOBATIFORMES","HEXATRYGONIDAE","Hexatrygon","bickelli","Hexatrygon bickelli",300,1636,300,1636,300,1636,80,9905,32,0,243.995849609375,104.315795898438,119.122232826089,318,64253,32,1.26030004024506,18.6483001708984,4.2081995010376,7.25520593999096
"580","MYLIOBATIFORMES","DASYATIDAE","Himantura","australis","Himantura australis",0,45,0,61.5,0,45,23,1247,10,58.7150726318359,245.091888427734,148.803573608398,198.296705440225,93,10469,10,2.83280992507935,32.3907127380371,26.36448097229,26.9778571974663
"581","MYLIOBATIFORMES","DASYATIDAE","Himantura","leoparda","Himantura leoparda",0,81,0,61.5,0,81,68,9358,17,0,306.709228515625,294.577453613281,183.948449300125,272,90226,17,0.830699980258942,35.6816902160645,28.7154903411865,26.9130109407488
"582","MYLIOBATIFORMES","DASYATIDAE","Himantura","uarnak","Himantura uarnak",0,50,0,61.5,0,50,67,4496,11,0,306.709228515625,294.577453613281,190.478974374588,268,40049,11,2.65948987007141,35.6816902160645,27.2397994995117,27.6296268303495
"583","MYLIOBATIFORMES","DASYATIDAE","Himantura","undulata","Himantura undulata",0,70,0,61.5,0,70,33,3073,15,0,280.892303466797,240.769912719727,182.56906708141,133,32162,15,2.65948987007141,32.111988067627,27.2397994995117,28.1052009182096
"584","CARCHARHINIFORMES","PENTANCHIDAE","Holohalaelurus","favus","Holohalaelurus favus",200,1000,255,701.2,200,1000,7,116,23,112.873802185059,231.884246826172,88.2862396240234,194.908357817551,29,1548,23,4.37749004364014,17.5013999938965,2.9469895362854,11.5253303583894
"585","CARCHARHINIFORMES","PENTANCHIDAE","Holohalaelurus","grennian","Holohalaelurus grennian",238,353,255,701.2,238,353,29,55,5,114.776611328125,219.625137329102,79.7405395507812,170.952818991921,113,492,5,9.57089042663574,16.435489654541,2.33500003814697,12.6104054935579
"586","CARCHARHINIFORMES","PENTANCHIDAE","Holohalaelurus","melanostigma","Holohalaelurus melanostigma",607,658,255,701.2,607,658,8,8,2,73.8271484375,185.336929321289,60.0731735229492,128.300807952881,33,35,2,7.62119007110596,9.25629997253418,1.09881019592285,8.34175120762416
"587","CARCHARHINIFORMES","PENTANCHIDAE","Holohalaelurus","punctatus","Holohalaelurus punctatus",220,420,255,701.2,220,420,12,63,9,114.776611328125,226.021591186523,79.7405395507812,186.171168493846,50,531,9,8.45010948181152,16.9288005828857,2.5164098739624,12.9786635612588
"588","CARCHARHINIFORMES","PENTANCHIDAE","Holohalaelurus","regani","Holohalaelurus regani",10,1075,255,701.2,10,1075,12,1421,46,43.394474029541,273.420715332031,220.097183227539,203.526681458422,48,15407,46,1.26030004024506,27.2127895355225,23.1711807250977,13.5298991272789
"589","RAJIFORMES","RAJIDAE","Hongeo","koreana","Hongeo koreana",30,80,30,80,30,80,2,76,11,Inf,-Inf,-Inf,228.749091098183,12,486,11,Inf,-Inf,-Inf,15.8878540659147
"590","CHIMAERIFORMES","CHIMAERIDAE","Hydrolagus","affinis","Hydrolagus affinis",300,2453,486.428571428571,1349.04761904762,300,2453,107,16965,44,92.0529174804688,337.487457275391,124.94303894043,243.969444220937,425,148114,44,-2.09999990463257,17.1978912353516,6.6648097038269,6.35950359752773
"591","CHIMAERIFORMES","CHIMAERIDAE","Hydrolagus","africanus","Hydrolagus africanus",300,1030,486.428571428571,1349.04761904762,300,1030,43,831,20,11.3436012268066,236.169082641602,100.88362121582,157.330209582865,172,4327,20,2.72650003433228,15.0712900161743,4.2081995010376,9.4662362084478
"592","CHIMAERIFORMES","CHIMAERIDAE","Hydrolagus","alberti","Hydrolagus alberti",348,1100,486.428571428571,1349.04761904762,348,1100,23,2378,19,43.2547721862793,236.782333374023,116.775840759277,142.115160946088,88,15286,19,4.27441024780273,19.0181999206543,3.9703197479248,8.50816684060582
"593","CHIMAERIFORMES","CHIMAERIDAE","Hydrolagus","alphus","Hydrolagus alphus",630,907,486.428571428571,1349.04761904762,630,907,4,60,6,24.0585536956787,78.3532562255859,34.7184448242188,53.7352907816569,14,303,6,4.89679002761841,6.99708986282349,0.610710144042969,5.84333783171751
"594","CHIMAERIFORMES","CHIMAERIDAE","Hydrolagus","barbouri","Hydrolagus barbouri",250,1100,486.428571428571,1349.04761904762,250,1100,27,1486,23,66.7159194946289,310.275604248047,68.2456970214844,206.916208747258,109,13142,23,-0.366110026836395,19.4384899139404,3.11091017723083,4.46376381062562
"595","CHIMAERIFORMES","CHIMAERIDAE","Hydrolagus","bemisi","Hydrolagus bemisi",400,1100,486.428571428571,1349.04761904762,400,1100,22,3081,17,162.25471496582,310.4794921875,60.9449462890625,219.228076755285,90,33865,17,2.51788997650146,12.5342903137207,3.04410028457642,6.94615914992351
"596","CHIMAERIFORMES","CHIMAERIDAE","Hydrolagus","colliei","Hydrolagus colliei",0,1463,486.428571428571,1349.04761904762,0,1463,53,6328,56,0,357.441040039062,335.287017822266,110.592707445758,215,60593,56,2.24818992614746,34.0424880981445,28.8861103057861,10.7095860008234
"597","CHIMAERIFORMES","CHIMAERIDAE","Hydrolagus","erithacus","Hydrolagus erithacus",470,1000,486.428571428571,1349.04761904762,470,1000,4,48,12,173.879180908203,251.773468017578,26.8268432617188,214.888483365377,17,163,12,2.63171005249023,5.96180009841919,0.852019786834717,3.53830785400297
"598","CHIMAERIFORMES","CHIMAERIDAE","Hydrolagus","homonycteris","Hydrolagus homonycteris",500,1450,486.428571428571,1349.04761904762,500,1450,16,1088,20,149.08708190918,266.020477294922,50.5949096679688,191.933125678231,64,5731,20,2.60869002342224,10.5276002883911,2.18120002746582,6.33633574177262
"599","CHIMAERIFORMES","CHIMAERIDAE","Hydrolagus","lusitanicus","Hydrolagus lusitanicus",1600,1600,486.428571428571,1349.04761904762,1600,1600,6,6,1,193.716613769531,226.153442382812,11.3534240722656,220.334314982096,23,17,1,7.34679985046387,9.87840938568115,1.52579975128174,7.16965756696813
"600","CHIMAERIFORMES","CHIMAERIDAE","Hydrolagus","macrophthalmus","Hydrolagus macrophthalmus",300,1370,486.428571428571,1349.04761904762,300,1370,70,1859,26,0,328.959228515625,160.713226318359,107.462557971702,282,9150,26,2.25711011886597,13.0736904144287,3.85399007797241,6.31670865134463
"601","CHIMAERIFORMES","CHIMAERIDAE","Hydrolagus","marmoratus","Hydrolagus marmoratus",548,995,486.428571428571,1349.04761904762,548,995,15,69,10,160.126800537109,225.555145263672,41.3293304443359,188.119348277216,61,395,10,4.49038982391357,11.1417999267578,2.51589965820312,7.11069157757337
"602","CHIMAERIFORMES","CHIMAERIDAE","Hydrolagus","matallanasi","Hydrolagus matallanasi",416,736,486.428571428571,1349.04761904762,416,736,7,24,9,177.306274414062,244.52864074707,52.7745971679688,211.789637883504,27,106,9,4.92081022262573,13.0492906570435,2.6093807220459,8.94449504366461
"603","CHIMAERIFORMES","CHIMAERIDAE","Hydrolagus","mccoskeri","Hydrolagus mccoskeri",396,506,486.428571428571,1349.04761904762,396,506,1,5,5,6.71761274337769,33.6242141723633,17.7951965332031,20.4881521224976,2,10,5,7.97498989105225,9.84530925750732,0.613381385803223,8.97353296279907
"604","CHIMAERIFORMES","CHIMAERIDAE","Hydrolagus","melanophasma","Hydrolagus melanophasma",30,1800,486.428571428571,1349.04761904762,30,1800,92,7320,57,0,321.906158447266,290.384582519531,88.9530158407538,369,61082,57,2.51328992843628,30.2606906890869,20.2362804412842,10.4774072860002
"605","CHIMAERIFORMES","CHIMAERIDAE","Hydrolagus","mirabilis","Hydrolagus mirabilis",450,1933,486.428571428571,1349.04761904762,450,1933,94,8131,32,30.8277683258057,336.93701171875,112.195785522461,235.180165523651,378,64701,32,-2.08171010017395,14.2956094741821,7.23921012878418,5.31494427465761
"606","CHIMAERIFORMES","CHIMAERIDAE","Hydrolagus","mitsukurii","Hydrolagus mitsukurii",325,710,486.428571428571,1349.04761904762,325,710,51,1046,12,38.6147232055664,266.339996337891,78.2886276245117,144.594550947842,203,6789,12,0.241490006446838,17.7796001434326,3.55681896209717,9.54636460235393
"607","CHIMAERIFORMES","CHIMAERIDAE","Hydrolagus","novaezealandiae","Hydrolagus novaezealandiae",32,800,486.428571428571,1349.04761904762,32,800,16,2959,37,150.531433105469,294.993804931641,109.534530639648,236.589787845798,65,34069,37,2.59618997573853,21.5721912384033,13.8531999588013,11.595922358263
"608","CHIMAERIFORMES","CHIMAERIDAE","Hydrolagus","pallidus","Hydrolagus pallidus",1188,2619,486.428571428571,1349.04761904762,1188,2619,47,6160,23,170.622940063477,320.181823730469,54.5337677001953,266.015052780548,190,41004,23,-2.09999990463257,11.0501003265381,6.34357976913452,3.20368979553037
"609","CHIMAERIFORMES","CHIMAERIDAE","Hydrolagus","purpurescens","Hydrolagus purpurescens",1120,1951,486.428571428571,1349.04761904762,1120,1951,29,728,18,32.8262786865234,245.403839111328,41.2928619384766,114.866076065944,115,2271,18,0.0021100000012666,4.88529014587402,0.987090110778809,2.17618991870258
"610","CHIMAERIFORMES","CHIMAERIDAE","Hydrolagus","trolli","Hydrolagus trolli",612,1707,486.428571428571,1349.04761904762,612,1707,36,3609,23,140.056396484375,285.467895507812,60.9449462890625,186.121601200923,147,29116,23,2.30838990211487,10.0418901443481,2.49532032012939,5.15284399850173
"611","MYLIOBATIFORMES","DASYATIDAE","Hypanus","americanus","Hypanus americanus",0,100,0.111111111111111,83.6666666666667,0,100,36,3502,21,46.7058525085449,320.582489013672,158.959518432617,196.989484833827,143,26730,21,1.70748996734619,30.8931903839111,25.6891002655029,25.0749992691173
"612","MYLIOBATIFORMES","DASYATIDAE","Hypanus","berthalutzae","Hypanus berthalutzae",0,100,0.111111111111111,83.6666666666667,0,100,26,784,21,91.0596389770508,265.754669189453,124.469367980957,203.956408247656,104,6635,21,3.3622899055481,29.099100112915,24.6107997894287,25.7014228845236
"613","MYLIOBATIFORMES","DASYATIDAE","Hypanus","dipterurus","Hypanus dipterurus",0,150,0.111111111111111,83.6666666666667,0,150,48,1542,23,0,276.905914306641,275.307464599609,134.770783068296,188,8639,23,2.78829002380371,34.0424880981445,25.6879901885986,19.5501988824146
"614","MYLIOBATIFORMES","DASYATIDAE","Hypanus","guttatus","Hypanus guttatus",0,70,0.111111111111111,83.6666666666667,0,70,51,2056,15,83.9925003051758,265.754669189453,132.386535644531,198.921032857338,203,16802,15,3.60320997238159,30.6297092437744,25.6891002655029,26.3221306901307
"615","MYLIOBATIFORMES","DASYATIDAE","Hypanus","longus","Hypanus longus",0,118,0.111111111111111,83.6666666666667,0,118,31,1009,22,0,276.905914306641,257.555236816406,119.100745364625,125,4795,22,2.99579000473022,33.4674110412598,25.6879901885986,21.0891445858014
"616","MYLIOBATIFORMES","DASYATIDAE","Hypanus","marianae","Hypanus marianae",1,30,0.111111111111111,83.6666666666667,1,30,18,85,7,97.6079788208008,236.756103515625,113.443656921387,200.959238927505,72,1399,7,3.96008992195129,29.099100112915,24.5311183929443,27.30996806763
"617","MYLIOBATIFORMES","DASYATIDAE","Hypanus","rudis","Hypanus rudis",0,30,0.111111111111111,83.6666666666667,0,30,21,171,7,41.0621337890625,245.930160522461,194.866714477539,193.703812002439,85,986,7,4.12821006774902,29.596809387207,24.9382915496826,24.6786148872143
"618","MYLIOBATIFORMES","DASYATIDAE","Hypanus","sabinus","Hypanus sabinus",0,25,0.111111111111111,83.6666666666667,0,25,19,298,6,94.8158950805664,257.847137451172,121.440368652344,202.26721252851,73,3050,6,6.63688993453979,30.3610897064209,21.6917896270752,24.5492703562877
"619","MYLIOBATIFORMES","DASYATIDAE","Hypanus","say","Hypanus say",0,130,0.111111111111111,83.6666666666667,0,130,51,2727,22,46.7058525085449,331.996704101562,158.959518432617,199.874637649922,203,23078,22,1.70748996734619,30.6297092437744,25.6891002655029,24.3524170463012
"620","TORPEDINIFORMES","HYPNIDAE","Hypnos","monopterygius","Hypnos monopterygius",0,220,0,220,0,220,28,2620,26,61.0586776733398,269.795135498047,151.05451965332,213.824230782312,114,29124,26,2.6816999912262,32.3907127380371,24.6045188903809,21.0070388351491
"621","CARCHARHINIFORMES","TRIAKIDAE","Hypogaleus","hyugaensis","Hypogaleus hyugaensis",40,480,40,480,40,480,79,3282,28,11.3436012268066,270.812561035156,200.143127441406,206.914461167247,316,28562,28,2.46990990638733,29.5031909942627,21.5030899047852,18.455606411188
"622","CARCHARHINIFORMES","TRIAKIDAE","Iago","garricki","Iago garricki",250,475,180,737.5,250,475,47,1466,10,21.2825050354004,250.626770019531,119.972381591797,130.43686138559,188,18453,10,6.85838985443115,20.3021087646484,3.96940898895264,11.3361342366082
"623","CARCHARHINIFORMES","TRIAKIDAE","Iago","omanensis","Iago omanensis",110,1000,180,737.5,110,1000,22,2419,27,0,380.169738769531,370.397644042969,27.9816631149684,90,17330,27,3.29509997367859,35.2927017211914,27.8520107269287,17.3402401407399
"624","RAJIFORMES","ANACANTHOBATIDAE","Indobatis","ori","Indobatis ori",1000,1725,1000,1725,1000,1725,9,45,15,94.5479888916016,134.116287231445,19.9854736328125,120.735982598199,36,238,15,3.08930993080139,6.81441020965576,1.22660994529724,4.56003849947152
"625","RAJIFORMES","ARHYNCHOBATIDAE","Insentiraja","laxipella","Insentiraja laxipella",800,880,560,1170,800,880,2,12,3,160.732299804688,190.009231567383,17.4386138916016,171.593780517578,8,168,3,4.39399003982544,5.46469020843506,0.420680046081543,4.86430988141469
"626","RAJIFORMES","ARHYNCHOBATIDAE","Insentiraja","subtilispinosa","Insentiraja subtilispinosa",320,1460,560,1170,320,1460,51,942,27,38.6147232055664,255.260375976562,119.972381591797,131.859417593403,203,7192,27,2.67909002304077,15.5329904556274,2.75148105621338,6.82974078144062
"627","RAJIFORMES","ARHYNCHOBATIDAE","Irolita","waitii","Irolita waitii",50,200,95,205,50,200,7,529,15,141.344055175781,269.795135498047,98.0187835693359,235.107852351688,29,5001,15,2.6816999912262,23.2555103302002,18.0524196624756,16.9047523815854
"628","RAJIFORMES","ARHYNCHOBATIDAE","Irolita","westraliensis","Irolita westraliensis",140,210,95,205,140,210,9,48,3,100.228874206543,219.608932495117,75.4445037841797,168.829634189606,35,310,3,3.24000000953674,21.8276901245117,18.5761795043945,19.7291218173119
"629","SQUALIFORMES","DALATIIDAE","Isistius","brasiliensis","Isistius brasiliensis",0,3500,30,1850,0,3500,67,27080,82,5.03347873687744,278.391296386719,203.695495605469,158.547103402886,270,240609,82,2.28070998191833,30.0471897125244,26.8257999420166,12.5091104254015
"630","SQUALIFORMES","DALATIIDAE","Isistius","plutodus","Isistius plutodus",60,200,30,1850,60,200,81,999,13,65.4432525634766,275.3388671875,153.527954101562,198.20916379942,323,10995,13,2.36650991439819,28.8328094482422,23.0147895812988,21.3397960279464
"631","CARCHARHINIFORMES","CARCHARHINIDAE","Isogomphodon","oxyrhynchus","Isogomphodon oxyrhynchus",4,40,4,40,4,40,14,251,8,112.372505187988,246.431869506836,118.937431335449,196.453433397757,56,2904,8,4.52940988540649,28.4964904785156,23.7777996063232,27.317448059061
"632","LAMNIFORMES","LAMNIDAE","Isurus","oxyrinchus","Isurus oxyrinchus",0,888,0,1320,0,888,109,835011,45,0,380.169738769531,374.896881103516,165.346408270753,439,13326228,45,-1.98351001739502,44.2368125915527,37.5705108642578,16.3921917540302
"633","LAMNIFORMES","LAMNIDAE","Isurus","paucus","Isurus paucus",0,1752,0,1320,0,1752,85,924905,62,0,380.169738769531,374.896881103516,148.001898616961,341,14709515,62,-1.98351001739502,44.2368125915527,37.5705108642578,13.6874320105649
"634","CARCHARHINIFORMES","CARCHARHINIDAE","Lamiopsis","temminckii","Lamiopsis temminckii",0,50,0,50,0,50,18,697,11,0,233.070434570312,232.484375,179.200289021606,72,5818,11,4.2372899055481,31.6897087097168,25.7143993377686,27.6183258111061
"635","CARCHARHINIFORMES","CARCHARHINIDAE","Lamiopsis","tephrodes","Lamiopsis tephrodes",0,50,0,50,0,50,31,1528,11,43.603385925293,239.044952392578,174.218200683594,193.961659046992,124,16624,11,3.72439002990723,32.111988067627,25.7623805999756,27.7025764305162
"636","LAMNIFORMES","LAMNIDAE","Lamna","ditropis","Lamna ditropis",0,1864,0,1836.5,0,1864,48,199227,64,0,433.582611083984,385.539733886719,149.149814351841,193,3157257,64,-2.09960985183716,29.1699104309082,26.047119140625,7.16146977534725
"637","LAMNIFORMES","LAMNIDAE","Lamna","ditropis","Lamna ditropis",0,1864,0,1836.5,0,1864,48,199227,64,0,433.582611083984,385.539733886719,149.149814351841,193,3157257,64,-2.09960985183716,29.1699104309082,26.047119140625,7.16146977534725
"638","LAMNIFORMES","LAMNIDAE","Lamna","nasus","Lamna nasus",0,1809,0,1836.5,0,1809,132,653302,63,0,459.997863769531,348.090118408203,236.092915838678,529,10306366,63,-2.09999990463257,44.2368125915527,37.5705108642578,7.29786681701984
"639","CARCHARHINIFORMES","LEPTOCHARIIDAE","Leptocharias","smithii","Leptocharias smithii",0,90,0,90,0,90,40,1204,19,4.91990375518799,252.834396362305,215.017242431641,151.36695797182,159,5811,19,4.06499004364014,29.596809387207,24.25,21.7996484741371
"640","RAJIFORMES","RAJIDAE","Leucoraja","circularis","Leucoraja circularis",50,800,125.857142857143,581.714285714286,50,800,39,8103,33,92.0529174804688,336.717315673828,136.858932495117,234.494883980175,159,97328,33,-2.00170993804932,22.6979904174805,18.3689117431641,11.9115335406862
"641","RAJIFORMES","RAJIDAE","Leucoraja","compagnoi","Leucoraja compagnoi",480,625,125.857142857143,581.714285714286,480,625,6,40,4,166.385757446289,225.220001220703,50.2939605712891,207.496476364136,23,178,4,3.14219999313354,12.4985904693604,3.76498031616211,7.95674448870541
"642","RAJIFORMES","RAJIDAE","Leucoraja","erinacea","Leucoraja erinacea",10,110,125.857142857143,581.714285714286,10,110,18,1374,19,133.672668457031,400.597442626953,242.595718383789,288.956669359054,71,15414,19,-1.76231002807617,22.0753993988037,14.180100440979,4.84263509182388
"643","RAJIFORMES","RAJIDAE","Leucoraja","fullonica","Leucoraja fullonica",30,800,125.857142857143,581.714285714286,30,800,41,9584,37,145.404205322266,361.928863525391,112.67121887207,245.413138009073,164,114260,37,-2.00170993804932,26.4182090759277,18.3689117431641,11.4353369911369
"644","RAJIFORMES","RAJIDAE","Leucoraja","garmani","Leucoraja garmani",35,530,125.857142857143,581.714285714286,35,530,21,910,31,112.251045227051,291.870178222656,137.942077636719,204.688655165788,83,8970,31,1.94220995903015,28.8978099822998,21.240909576416,13.0847354891042
"645","RAJIFORMES","RAJIDAE","Leucoraja","lentiginosa","Leucoraja lentiginosa",55,590,125.857142857143,581.714285714286,55,590,11,586,28,82.5272674560547,234.774932861328,115.036750793457,155.406442140963,45,3446,28,4.29548978805542,26.576000213623,19.1637897491455,18.5991933320887
"646","RAJIFORMES","RAJIDAE","Leucoraja","leucosticta","Leucoraja leucosticta",70,705,125.857142857143,581.714285714286,70,705,23,1115,27,13.9230327606201,230.32600402832,170.345489501953,89.3143536554858,94,4943,27,4.05998992919922,21.0271091461182,15.8322992324829,13.1549493283992
"647","RAJIFORMES","RAJIDAE","Leucoraja","melitensis","Leucoraja melitensis",60,800,125.857142857143,581.714285714286,60,800,8,781,31,153.546249389648,258.641632080078,105.09538269043,206.00007445742,32,10032,31,12.9610004425049,19.5358104705811,5.85041809082031,14.6041168672236
"648","RAJIFORMES","RAJIDAE","Leucoraja","naevus","Leucoraja naevus",20,500,125.857142857143,581.714285714286,20,500,35,6682,33,92.0529174804688,336.717315673828,136.858932495117,236.913911277682,140,87950,33,-1.98351001739502,27.9187908172607,18.3689117431641,13.0269974337009
"649","RAJIFORMES","RAJIDAE","Leucoraja","ocellata","Leucoraja ocellata",5,725,125.857142857143,581.714285714286,5,725,25,4556,40,92.7306060791016,459.025512695312,348.090118408203,288.376203709469,101,60899,40,-1.84411001205444,27.2364902496338,22.5190010070801,3.3401818756016
"650","RAJIFORMES","RAJIDAE","Leucoraja","pristispina","Leucoraja pristispina",200,505,125.857142857143,581.714285714286,200,505,17,520,13,58.0806045532227,250.626770019531,119.972381591797,166.326003778898,64,5021,13,7.65759992599487,20.2869911193848,2.91700839996338,12.2878413441599
"651","RAJIFORMES","RAJIDAE","Leucoraja","wallacei","Leucoraja wallacei",73,515,125.857142857143,581.714285714286,73,515,12,683,22,43.394474029541,242.968399047852,114.794830322266,194.69202324796,48,5785,22,1.26030004024506,23.503210067749,16.7467002868652,12.3847736838365
"652","RAJIFORMES","RAJIDAE","Leucoraja","yucatanensis","Leucoraja yucatanensis",190,455,125.857142857143,581.714285714286,190,455,9,22,11,88.4320373535156,176.012130737305,64.598274230957,134.468774275346,35,91,11,7.46339988708496,21.1337909698486,2.787109375,14.564643073868
"653","CARCHARHINIFORMES","CARCHARHINIDAE","Loxodon","macrorhinus","Loxodon macrorhinus",2,120,2,120,2,120,65,15077,22,0,309.783233642578,294.577453613281,178.790221454247,261,140058,22,2.41770005226135,35.6816902160645,27.4537200927734,26.2215950065618
"654","MYLIOBATIFORMES","DASYATIDAE","Maculabatis","ambigua","Maculabatis ambigua",0,NA,0,69.75,0,69.75,37,539,15,0,248.821884155273,232.81494140625,187.502440585276,149,4765,15,4.45598983764648,33.084300994873,26.0657005310059,26.6101083177084
"655","MYLIOBATIFORMES","DASYATIDAE","Maculabatis","arabica","Maculabatis arabica",0,37,0,69.75,0,37,18,326,8,0,226.539215087891,223.633819580078,184.221440601934,70,3917,8,4.2436900138855,31.052490234375,26.0506992340088,27.191812141288
"656","MYLIOBATIFORMES","DASYATIDAE","Maculabatis","astra","Maculabatis astra",0,140,0,69.75,0,140,27,2634,23,53.1095848083496,245.091888427734,154.507476806641,185.488808046079,108,28490,23,2.91738986968994,32.3907127380371,26.9477996826172,26.6966363859327
"657","MYLIOBATIFORMES","DASYATIDAE","Maculabatis","bineeshi","Maculabatis bineeshi",0,100,0,69.75,0,100,18,438,21,0,218.573165893555,204.478485107422,138.958598698655,69,3063,21,7.46081018447876,30.8761100769043,20.8099994659424,26.4938777278461
"658","MYLIOBATIFORMES","DASYATIDAE","Maculabatis","gerrardi","Maculabatis gerrardi",0,60,0,69.75,0,60,37,3447,13,0,306.709228515625,294.577453613281,185.721438559235,146,34432,13,2.67780995368958,33.4570999145508,26.4311981201172,27.5187348715656
"659","MYLIOBATIFORMES","DASYATIDAE","Maculabatis","macrura","Maculabatis macrura",0,60,0,69.75,0,60,37,3406,13,22.7408351898193,280.892303466797,240.769912719727,192.260046230368,150,33356,13,2.62009000778198,32.111988067627,27.2397994995117,27.6208730224855
"660","MYLIOBATIFORMES","DASYATIDAE","Maculabatis","pastinacoides","Maculabatis pastinacoides",0,60,0,69.75,0,60,29,1577,13,0,229.171600341797,221.014297485352,185.519905666044,114,18165,13,3.72439002990723,32.111988067627,25.7623805999756,28.2835889467155
"661","MYLIOBATIFORMES","DASYATIDAE","Maculabatis","randalli","Maculabatis randalli",0,60,0,69.75,0,60,7,106,13,174.486862182617,244.379058837891,51.1098785400391,196.905497137106,26,2468,13,16.1681995391846,35.6816902160645,15.0631198883057,25.180739963074
"662","MYLIOBATIFORMES","DASYATIDAE","Maculabatis","toshi","Maculabatis toshi",0,41,0,69.75,0,41,19,466,9,121.999786376953,224.376876831055,83.9709014892578,200.034002017566,78,6306,9,2.88361001014709,32.3907127380371,26.2411994934082,26.5509883558187
"663","RAJIFORMES","RAJIDAE","Malacoraja","kreffti","Malacoraja kreffti",1000,1500,570.75,1402.5,1000,1500,16,1063,11,191.599639892578,295.489959716797,38.9981689453125,259.283717301693,62,9714,11,3.25748991966248,9.48019027709961,2.86611008644104,4.93104658788041
"664","RAJIFORMES","RAJIDAE","Malacoraja","obscura","Malacoraja obscura",808,1105,570.75,1402.5,808,1105,5,8,7,169.817825317383,220.84423828125,43.5560913085938,195.622819900513,18,58,7,3.3622899055481,5.17110013961792,0.55601978302002,4.08830896739302
"665","RAJIFORMES","RAJIDAE","Malacoraja","senta","Malacoraja senta",25,1435,570.75,1402.5,25,1435,22,4585,51,92.7306060791016,459.025512695312,348.090118408203,282.903391957257,92,59744,51,-1.83740997314453,21.5272998809814,13.4293193817139,3.01406515968938
"666","RAJIFORMES","RAJIDAE","Malacoraja","spinacidermis","Malacoraja spinacidermis",450,1570,570.75,1402.5,450,1570,106,6529,24,30.8277683258057,336.93701171875,103.102127075195,237.604701894771,426,52312,24,-2.09999990463257,12.941309928894,7.23921012878418,5.46480823434792
"667","LAMNIFORMES","MEGACHASMIDAE","Megachasma","pelagios","Megachasma pelagios",5,1500,5,1500,5,1500,87,927309,56,0,380.169738769531,374.896881103516,149.385546578039,349,14719117,56,0.0021100000012666,32.6036109924316,28.8861103057861,14.0182437793681
"668","MYLIOBATIFORMES","DASYATIDAE","Megatrygon","microps","Megatrygon microps",0,222,0,222,0,222,57,2758,26,0,250.449096679688,232.484375,153.771602021688,225,22706,26,3.37331008911133,33.7784881591797,25.895809173584,25.925073185923
"669","LAMNIFORMES","MITSUKURINIDAE","Mitsukurina","owstoni","Mitsukurina owstoni",0,1300,0,1300,0,1300,91,14618,53,2.12957549095154,316.177612304688,273.729614257812,180.546966528596,366,154307,53,1.26030004024506,30.0462913513184,26.5123100280762,14.3074526905282
"670","MYLIOBATIFORMES","MOBULIDAE","Mobula","alfredi","Mobula alfredi",0,432,0,530,0,432,67,83358,34,0,306.709228515625,294.577453613281,163.420247242914,268,1115048,34,2.34219002723694,35.2927017211914,27.8520107269287,22.1367197577218
"671","MYLIOBATIFORMES","MOBULIDAE","Mobula","alfredi","Mobula alfredi",0,432,0,530,0,432,67,83358,34,0,306.709228515625,294.577453613281,163.420247242914,268,1115048,34,2.34219002723694,35.2927017211914,27.8520107269287,22.1367197577218
"672","MYLIOBATIFORMES","MOBULIDAE","Mobula","birostris","Mobula birostris",0,1000,0,530,0,1000,85,122758,47,0,375.521606445312,337.253845214844,148.014546865791,340,1648869,47,-0.520910024642944,35.2927017211914,28.8861103057861,17.302124979342
"673","MYLIOBATIFORMES","MOBULIDAE","Mobula","birostris","Mobula birostris",0,1000,0,530,0,1000,85,122758,47,0,375.521606445312,337.253845214844,148.014546865791,340,1648869,47,-0.520910024642944,35.2927017211914,28.8861103057861,17.302124979342
"674","MYLIOBATIFORMES","MOBULIDAE","Mobula","eregoodoo","Mobula eregoodoo",0,50,0,530,0,50,64,2969,11,0,306.709228515625,294.577453613281,194.691577442409,254,39674,11,2.47721004486084,35.6816902160645,27.7053089141846,26.1816826856574
"675","MYLIOBATIFORMES","MOBULIDAE","Mobula","hypostoma","Mobula hypostoma",0,100,0,530,0,100,76,6660,21,26.4823055267334,339.606658935547,194.866714477539,196.515009329627,302,90974,21,0.873700022697449,30.4020004272461,26.0026988983154,22.9399649948769
"676","MYLIOBATIFORMES","MOBULIDAE","Mobula","hypostoma","Mobula hypostoma",0,100,0,530,0,100,76,6660,21,26.4823055267334,339.606658935547,194.866714477539,196.515009329627,302,90974,21,0.873700022697449,30.4020004272461,26.0026988983154,22.9399649948769
"677","MYLIOBATIFORMES","MOBULIDAE","Mobula","kuhlii","Mobula kuhlii",0,50,0,530,0,50,60,10054,11,0,306.709228515625,294.577453613281,192.330345927827,239,146460,11,0.830699980258942,35.6816902160645,28.7154903411865,27.5627490571202
"678","MYLIOBATIFORMES","MOBULIDAE","Mobula","mobular","Mobula mobular",0,1112,0,530,0,1112,86,105568,49,0,380.169738769531,374.896881103516,146.627633316767,343,1446581,49,-1.98351001739502,44.2368125915527,37.5705108642578,16.4658477742491
"679","MYLIOBATIFORMES","MOBULIDAE","Mobula","mobular","Mobula mobular",0,1112,0,530,0,1112,86,105568,49,0,380.169738769531,374.896881103516,146.627633316767,343,1446581,49,-1.98351001739502,44.2368125915527,37.5705108642578,16.4658477742491
"680","MYLIOBATIFORMES","MOBULIDAE","Mobula","munkiana","Mobula munkiana",0,30,0,530,0,30,55,2023,7,0,276.905914306641,275.307464599609,199.932298303888,219,28747,7,2.73500990867615,34.0424880981445,28.8861103057861,22.9994986336696
"681","MYLIOBATIFORMES","MOBULIDAE","Mobula","munkiana","Mobula munkiana",0,30,0,530,0,30,55,2023,7,0,276.905914306641,275.307464599609,199.932298303888,219,28747,7,2.73500990867615,34.0424880981445,28.8861103057861,22.9994986336696
"682","MYLIOBATIFORMES","MOBULIDAE","Mobula","tarapacana","Mobula tarapacana",0,1896,0,530,0,1896,89,69198,65,0,411.553894042969,377.693969726562,133.018703740824,358,873843,65,-1.94051003456116,34.7867126464844,28.8861103057861,13.1354881809942
"683","MYLIOBATIFORMES","MOBULIDAE","Mobula","tarapacana","Mobula tarapacana",0,1896,0,530,0,1896,89,69198,65,0,411.553894042969,377.693969726562,133.018703740824,358,873843,65,-1.94051003456116,34.7867126464844,28.8861103057861,13.1354881809942
"684","MYLIOBATIFORMES","MOBULIDAE","Mobula","thurstoni","Mobula thurstoni",0,100,0,530,0,100,82,39370,21,0,380.169738769531,374.896881103516,184.897659680981,328,563379,21,-0.606209993362427,35.6816902160645,28.8861103057861,23.3951037408056
"685","MYLIOBATIFORMES","MOBULIDAE","Mobula","thurstoni","Mobula thurstoni",0,100,0,530,0,100,82,39370,21,0,380.169738769531,374.896881103516,184.897659680981,328,563379,21,-0.606209993362427,35.6816902160645,28.8861103057861,23.3951037408056
"686","SQUALIFORMES","DALATIIDAE","Mollisquama","mississippiensis","Mollisquama mississippiensis",NA,NA,330,330,330,330,1,2,1,117.290924072266,129.288284301758,11.6191635131836,123.543182373047,7,43,1,11.1454095840454,14.6592998504639,2.3483190536499,12.4027979651163
"687","SQUALIFORMES","DALATIIDAE","Mollisquama","parini","Mollisquama parini",330,330,330,330,330,330,3,6,1,10.5558128356934,31.8274173736572,17.7746429443359,17.7031764984131,11,77,1,9.37140941619873,9.98610973358154,0.596490859985352,9.66786297884854
"688","CARCHARHINIFORMES","TRIAKIDAE","Mustelus","albipinnis","Mustelus albipinnis",100,226,22.9642857142857,311.821428571429,100,226,8,50,6,2.16504502296448,160.795608520508,153.092544555664,43.9651741600037,34,543,6,2.83788990974426,19.2288093566895,14.9857091903687,13.4323581200278
"689","CARCHARHINIFORMES","TRIAKIDAE","Mustelus","andamanensis","Mustelus andamanensis",0,100,22.9642857142857,311.821428571429,0,100,11,489,21,1.47218906879425,229.171600341797,209.369277954102,155.560755006131,45,2399,21,4.11299991607666,31.6897087097168,25.2751922607422,27.5166383570758
"690","CARCHARHINIFORMES","TRIAKIDAE","Mustelus","antarcticus","Mustelus antarcticus",0,350,22.9642857142857,311.821428571429,0,350,17,2446,31,142.027694702148,279.959777832031,116.805679321289,240.347496943501,68,29579,31,2.52419996261597,24.4376907348633,20.7475109100342,15.5383411093309
"691","CARCHARHINIFORMES","TRIAKIDAE","Mustelus","asterias","Mustelus asterias",0,199,22.9642857142857,311.821428571429,0,199,36,5669,25,69.562255859375,347.251098632812,162.210815429688,243.123132514247,140,58216,25,2.65981006622314,44.2368125915527,37.5705108642578,13.7193468748434
"692","CARCHARHINIFORMES","TRIAKIDAE","Mustelus","californicus","Mustelus californicus",12,67,22.9642857142857,311.821428571429,12,67,18,597,12,0,283.922027587891,274.104461669922,223.272693640423,74,8579,12,2.59899997711182,31.9815006256104,28.8861103057861,16.6367404960866
"693","CARCHARHINIFORMES","TRIAKIDAE","Mustelus","canis","Mustelus canis",0,808,22.9642857142857,311.821428571429,0,808,90,10233,43,43.2547721862793,350.445678710938,170.719955444336,192.001136944556,359,100685,43,0.873700022697449,30.8931903839111,25.6891002655029,18.3555656925311
"694","CARCHARHINIFORMES","TRIAKIDAE","Mustelus","dorsalis","Mustelus dorsalis",20,200,22.9642857142857,311.821428571429,20,200,27,610,21,0,294.344696044922,290.384582519531,73.2178132577021,108,4053,21,3.06551003456116,30.184591293335,19.9757804870605,19.3498569872536
"695","CARCHARHINIFORMES","TRIAKIDAE","Mustelus","fasciatus","Mustelus fasciatus",0,500,22.9642857142857,311.821428571429,0,500,15,793,37,165.418869018555,339.606658935547,152.399337768555,259.259828661309,57,12010,37,0.873700022697449,28.42799949646,21.9911003112793,12.9377155285096
"696","CARCHARHINIFORMES","TRIAKIDAE","Mustelus","griseus","Mustelus griseus",1,260,22.9642857142857,311.821428571429,1,260,31,2749,27,48.5968208312988,353.762603759766,182.449462890625,220.192231379149,123,37248,27,-1.0037100315094,31.2149085998535,27.6921100616455,18.8042393072796
"697","CARCHARHINIFORMES","TRIAKIDAE","Mustelus","henlei","Mustelus henlei",1,266,22.9642857142857,311.821428571429,1,266,58,4046,28,0,294.344696044922,290.384582519531,119.562487740123,232,50023,28,2.59899997711182,34.0424880981445,28.8861103057861,16.990974444219
"698","CARCHARHINIFORMES","TRIAKIDAE","Mustelus","higmani","Mustelus higmani",0,130,22.9642857142857,311.821428571429,0,130,48,2456,22,89.5451202392578,275.190368652344,131.837509155273,200.026899517942,192,32105,22,3.00549006462097,29.9987907409668,25.0316104888916,24.3425436391208
"699","CARCHARHINIFORMES","TRIAKIDAE","Mustelus","lenticulatus","Mustelus lenticulatus",0,1000,22.9642857142857,311.821428571429,0,1000,15,4502,47,150.186630249023,295.541198730469,123.242614746094,236.592037755084,59,56720,47,2.58820009231567,22.5001087188721,18.6515102386475,11.7084883968316
"700","CARCHARHINIFORMES","TRIAKIDAE","Mustelus","lunulatus","Mustelus lunulatus",9,144,22.9642857142857,311.821428571429,9,144,29,2245,21,0,294.344696044922,290.384582519531,138.441950544642,113,27682,21,2.73500990867615,31.9815006256104,28.8861103057861,18.1007223052102
"701","CARCHARHINIFORMES","TRIAKIDAE","Mustelus","manazo","Mustelus manazo",1,360,22.9642857142857,311.821428571429,1,360,51,4067,31,22.7408351898193,376.047760009766,330.228576660156,217.252183562448,203,51156,31,-1.31181001663208,31.2149085998535,27.6921100616455,18.6143127706103
"702","CARCHARHINIFORMES","TRIAKIDAE","Mustelus","mento","Mustelus mento",16,50,22.9642857142857,311.821428571429,16,50,56,304,8,0,321.906158447266,288.788452148438,207.325407505035,224,1966,8,4.07850980758667,25.8743991851807,13.3882808685303,12.1701474820367
"703","CARCHARHINIFORMES","TRIAKIDAE","Mustelus","minicanis","Mustelus minicanis",71,183,22.9642857142857,311.821428571429,71,183,8,78,10,102.557067871094,246.431869506836,118.937431335449,165.980025853866,32,360,10,4.29921007156372,27.0205097198486,21.7112808227539,22.8058650785022
"704","CARCHARHINIFORMES","TRIAKIDAE","Mustelus","mosis","Mustelus mosis",20,250,22.9642857142857,311.821428571429,20,250,64,2535,23,0,306.709228515625,294.577453613281,128.692550176135,258,21764,23,3.49520993232727,33.084300994873,20.3597087860107,23.6837992482798
"705","CARCHARHINIFORMES","TRIAKIDAE","Mustelus","mustelus","Mustelus mustelus",5,438,22.9642857142857,311.821428571429,5,438,83,9293,34,0,283.813842773438,254.029251098633,188.475944491951,330,73198,34,-1.98351001739502,44.2368125915527,37.5705108642578,16.1153867843421
"706","CARCHARHINIFORMES","TRIAKIDAE","Mustelus","norrisi","Mustelus norrisi",0,260,22.9642857142857,311.821428571429,0,260,66,2457,27,48.1606941223145,275.190368652344,150.561538696289,189.374533734382,261,22998,27,4.08880996704102,30.8931903839111,25.3034992218018,23.3080143754363
"707","CARCHARHINIFORMES","TRIAKIDAE","Mustelus","palumbes","Mustelus palumbes",0,443,22.9642857142857,311.821428571429,0,443,14,1286,35,0,301.980194091797,254.029251098633,199.521805717267,56,13089,35,1.86199998855591,27.5860996246338,21.286319732666,14.2796131733386
"708","CARCHARHINIFORMES","TRIAKIDAE","Mustelus","punctulatus","Mustelus punctulatus",0,300,22.9642857142857,311.821428571429,0,300,25,4014,29,69.562255859375,281.619110107422,167.390502929688,224.08811542224,101,35226,29,5.79849004745483,28.8311100006104,17.5268802642822,16.6552997447628
"709","CARCHARHINIFORMES","TRIAKIDAE","Mustelus","ravidus","Mustelus ravidus",100,300,22.9642857142857,311.821428571429,100,300,23,562,9,62.4092483520508,240.941696166992,123.326309204102,158.512519524191,94,6177,9,2.87281012535095,26.3996906280518,21.6598110198975,17.5605849299555
"710","CARCHARHINIFORMES","TRIAKIDAE","Mustelus","schmitti","Mustelus schmitti",2,195,22.9642857142857,311.821428571429,2,195,28,2001,25,181.609512329102,359.094543457031,104.093795776367,258.568432687343,111,28693,25,1.37190997600555,28.42799949646,18.2648086547852,11.8612519225317
"711","CARCHARHINIFORMES","TRIAKIDAE","Mustelus","sinusmexicanus","Mustelus sinusmexicanus",36,233,22.9642857142857,311.821428571429,36,233,13,264,19,83.8134460449219,230.380096435547,123.345520019531,181.882764527292,49,2229,19,4.30578994750977,27.675199508667,18.2845802307129,21.0474085065483
"712","CARCHARHINIFORMES","TRIAKIDAE","Mustelus","stevensi","Mustelus stevensi",121,735,22.9642857142857,311.821428571429,121,735,11,620,21,61.0586776733398,250.626770019531,119.972381591797,150.057745755103,42,5955,21,3.22639989852905,23.8272094726562,19.809398651123,12.8927409419485
"713","CARCHARHINIFORMES","TRIAKIDAE","Mustelus","walkeri","Mustelus walkeri",52,403,22.9642857142857,311.821428571429,52,403,10,185,23,146.08610534668,216.672439575195,48.840087890625,186.215789300042,38,2489,23,2.97231006622314,27.4169101715088,21.3252811431885,21.4154261676793
"714","CARCHARHINIFORMES","TRIAKIDAE","Mustelus","whitneyi","Mustelus whitneyi",16,211,22.9642857142857,311.821428571429,16,211,23,348,22,0,240.885101318359,239.313339233398,70.7969632621469,90,2475,22,3.99258995056152,21.2896900177002,10.6585903167725,15.1642285934602
"715","CARCHARHINIFORMES","TRIAKIDAE","Mustelus","widodoi","Mustelus widodoi",60,120,22.9642857142857,311.821428571429,60,120,16,187,10,3.03169202804565,281.330169677734,233.418167114258,142.354019899419,63,952,10,4.87049007415771,30.6819000244141,23.031909942627,25.839930271902
"716","MYLIOBATIFORMES","MYLIOBATIDAE","Myliobatis","aquila","Myliobatis aquila",0,537,11.0909090909091,190.363636363636,0,537,97,12700,38,0,347.251098632812,254.029251098633,200.953062393609,388,111310,38,-1.98351001739502,29.7093086242676,25.9949207305908,15.4777947589143
"717","MYLIOBATIFORMES","MYLIOBATIDAE","Myliobatis","californicus","Myliobatis californicus",0,180,11.0909090909091,190.363636363636,0,180,23,1343,24,0,293.403594970703,275.307464599609,188.537579426371,93,19107,24,2.46060991287231,34.0424880981445,28.8861103057861,14.8554127105659
"718","MYLIOBATIFORMES","MYLIOBATIDAE","Myliobatis","chilensis","Myliobatis chilensis",0,100,11.0909090909091,190.363636363636,0,100,35,441,21,0,298.174011230469,288.788452148438,132.528085665908,138,2223,21,3.7034900188446,23.3235912322998,17.6175804138184,14.2305098686785
"719","MYLIOBATIFORMES","MYLIOBATIDAE","Myliobatis","freminvillei","Myliobatis freminvillei",0,122,11.0909090909091,190.363636363636,0,122,80,2816,22,91.0596389770508,331.996704101562,156.048461914062,205.184928482229,321,28766,22,1.70748996734619,30.8931903839111,24.6107997894287,22.5736181205547
"720","MYLIOBATIFORMES","MYLIOBATIDAE","Myliobatis","goodei","Myliobatis goodei",0,181,11.0909090909091,190.363636363636,0,181,81,3887,24,52.0491409301758,339.606658935547,144.941070556641,215.823817298993,325,42107,24,1.37190997600555,30.8931903839111,25.0316104888916,19.4617261830371
"721","MYLIOBATIFORMES","MYLIOBATIDAE","Myliobatis","hamlyni","Myliobatis hamlyni",117,330,11.0909090909091,190.363636363636,117,330,60,265,9,47.7437019348145,234.911422729492,138.353851318359,172.050325242528,238,2823,9,2.47721004486084,23.9226093292236,20.7684097290039,16.8273474348381
"722","MYLIOBATIFORMES","MYLIOBATIDAE","Myliobatis","longirostris","Myliobatis longirostris",0,65,11.0909090909091,190.363636363636,0,65,36,431,14,0,276.905914306641,275.307464599609,160.491449513181,145,3074,14,4.33540010452271,33.9436874389648,23.6885089874268,22.2671854367253
"723","MYLIOBATIFORMES","MYLIOBATIDAE","Myliobatis","peruvianus","Myliobatis peruvianus",0,50,11.0909090909091,190.363636363636,0,50,28,121,11,0,274.772125244141,266.020904541016,171.241922205145,113,501,11,3.79908990859985,23.129508972168,17.6175804138184,15.971728458138
"724","MYLIOBATIFORMES","MYLIOBATIDAE","Myliobatis","ridens","Myliobatis ridens",5,47,11.0909090909091,190.363636363636,5,47,12,297,9,264.884307861328,323.918334960938,59.0340270996094,263.659708504725,48,2483,9,3.20159006118774,12.2442903518677,8.09220027923584,13.9350494620208
"725","MYLIOBATIFORMES","MYLIOBATIDAE","Myliobatis","tenuicaudatus","Myliobatis tenuicaudatus",0,422,11.0909090909091,190.363636363636,0,422,20,4996,34,150.531433105469,295.541198730469,123.242614746094,236.890562734001,82,55335,34,2.52419996261597,24.4843006134033,21.2886905670166,14.7634577720137
"726","MYLIOBATIFORMES","MYLIOBATIDAE","Myliobatis","tobijei","Myliobatis tobijei",0,60,11.0909090909091,190.363636363636,0,60,26,813,13,38.2677536010742,375.521606445312,337.253845214844,253.565067830854,101,8795,13,-1.7476099729538,28.9745006561279,27.6921100616455,14.2117831992012
"727","TORPEDINIFORMES","NARCINIDAE","Narcine","atzi","Narcine atzi",0,30,32.3333333333333,116.733333333333,0,30,19,82,7,0,306.709228515625,294.577453613281,191.161095223776,77,637,7,6.20010995864868,32.9918899536133,23.56028175354,27.0924589225973
"728","TORPEDINIFORMES","NARCINIDAE","Narcine","baliensis","Narcine baliensis",60,62,32.3333333333333,116.733333333333,60,62,2,2,1,54.3963432312012,215.444198608398,150.048248291016,162.361679077148,8,17,1,7.64109992980957,27.325309753418,19.6842098236084,26.2100322947783
"729","TORPEDINIFORMES","NARCINIDAE","Narcine","bancroftii","Narcine bancroftii",0,37,32.3333333333333,116.733333333333,0,37,29,1238,8,84.5440368652344,263.349273681641,128.715957641602,200.161273555725,116,16021,8,3.93498992919922,30.3610897064209,25.4836006164551,26.3049615961538
"730","TORPEDINIFORMES","NARCINIDAE","Narcine","brasiliensis","Narcine brasiliensis",6,60,32.3333333333333,116.733333333333,6,60,17,288,12,Inf,-Inf,-Inf,232.788551118639,67,3103,12,9.46260929107666,24.934289932251,14.0751810073853,17.1689477855069
"731","TORPEDINIFORMES","NARCINIDAE","Narcine","brevilabiata","Narcine brevilabiata",41,70,32.3333333333333,116.733333333333,41,70,26,531,7,0,223.938827514648,198.895935058594,181.814031195057,106,3973,7,6.17281007766724,28.8665103912354,21.1128902435303,25.1587803291188
"732","TORPEDINIFORMES","NARCINIDAE","Narcine","entemedor","Narcine entemedor",0,100,32.3333333333333,116.733333333333,0,100,38,1019,21,0,276.905914306641,275.307464599609,127.924287920494,150,6006,21,2.99579000473022,34.0424880981445,25.8135013580322,20.6067056095366
"733","TORPEDINIFORMES","NARCINIDAE","Narcine","insolita","Narcine insolita",150,175,32.3333333333333,116.733333333333,150,175,7,0,2,Inf,-Inf,-Inf,NA,26,0,2,Inf,-Inf,-Inf,NA
"734","TORPEDINIFORMES","NARCINIDAE","Narcine","leoparda","Narcine leoparda",1,35,32.3333333333333,116.733333333333,1,35,5,24,8,0,276.905914306641,257.555236816406,181.427778879801,21,165,8,9.57219982147217,28.7158088684082,16.6018905639648,25.0250438227798
"735","TORPEDINIFORMES","NARCINIDAE","Narcine","lingula","Narcine lingula",1,200,32.3333333333333,116.733333333333,1,200,22,971,25,0,239.044952392578,232.484375,167.743562042038,89,6312,25,2.54958987236023,30.8761100769043,27.2327899932861,25.8773215234053
"736","TORPEDINIFORMES","NARCINIDAE","Narcine","maculata","Narcine maculata",30,80,32.3333333333333,116.733333333333,30,80,28,995,11,0,232.335906982422,214.79931640625,172.152966948849,109,7857,11,4.10439014434814,30.5352993011475,23.8299179077148,25.9911258275597
"737","TORPEDINIFORMES","NARCINIDAE","Narcine","oculifera","Narcine oculifera",21,152,32.3333333333333,116.733333333333,21,152,14,171,19,0,240.648773193359,235.433792114258,119.224098015947,55,2075,19,4.71370983123779,30.2791996002197,15.9058904647827,22.2545047488845
"738","TORPEDINIFORMES","NARCINIDAE","Narcine","prodorsalis","Narcine prodorsalis",0,100,32.3333333333333,116.733333333333,0,100,31,1365,21,0,235.782562255859,232.484375,160.32016328106,126,12910,21,4.09311008453369,31.2149085998535,25.7678985595703,25.9481232964466
"739","TORPEDINIFORMES","NARCINIDAE","Narcine","rierai","Narcine rierai",170,500,32.3333333333333,116.733333333333,170,500,24,168,14,59.6864624023438,214.57795715332,87.5007095336914,153.915667579288,97,1314,14,8.3043098449707,22.4230098724365,4.72531890869141,12.3954859012157
"740","TORPEDINIFORMES","NARCINIDAE","Narcine","timlei","Narcine timlei",5,50,32.3333333333333,116.733333333333,5,50,34,1382,10,0,232.484375,232.484375,184.886582756871,135,13641,10,4.0922999382019,30.828800201416,25.6907806396484,27.6300101967101
"741","TORPEDINIFORMES","NARCINIDAE","Narcine","vermiculata","Narcine vermiculata",0,100,32.3333333333333,116.733333333333,0,100,21,630,21,0,261.637268066406,257.100799560547,112.505622361198,81,3255,21,4.2431001663208,33.4674110412598,25.2479019165039,21.8921882462392
"742","TORPEDINIFORMES","NARCINIDAE","Narcinops","lasti","Narcinops lasti",180,320,75.6,340.4,180,320,22,252,7,62.4092483520508,243.838256835938,104.350524902344,160.571317914933,84,1851,7,9.60430908203125,21.71630859375,7.33781909942627,15.6412200927734
"743","TORPEDINIFORMES","NARCINIDAE","Narcinops","nelsoni","Narcinops nelsoni",140,540,75.6,340.4,140,540,8,425,16,132.03157043457,207.489379882812,56.964599609375,172.251388118968,34,5830,16,2.95709991455078,22.9172897338867,19.9160804748535,16.2003444908823
"744","TORPEDINIFORMES","NARCINIDAE","Narcinops","ornata","Narcinops ornata",48,132,75.6,340.4,48,132,9,353,12,83.9649810791016,229.56103515625,134.446533203125,166.897742857676,35,3840,12,5.88781023025513,28.1549091339111,20.7919006347656,26.5345425367355
"745","TORPEDINIFORMES","NARCINIDAE","Narcinops","tasmaniensis","Narcinops tasmaniensis",0,640,75.6,340.4,0,640,15,1984,40,150.870529174805,278.367736816406,116.805679321289,236.654067393272,58,23037,40,2.52419996261597,26.071008682251,22.7893104553223,14.7121793928311
"746","TORPEDINIFORMES","NARCINIDAE","Narcinops","westraliensis","Narcinops westraliensis",10,70,75.6,340.4,10,70,7,220,13,61.0586776733398,245.091888427734,150.360961914062,205.154422274503,28,2244,13,3.24000000953674,28.9045906066895,24.5724906921387,24.9796665790034
"747","TORPEDINIFORMES","NARKIDAE","Narke","capensis","Narke capensis",3,115,5,118.333333333333,3,115,25,714,21,0,254.029251098633,254.029251098633,200.791902397861,98,6554,21,3.09699988365173,29.6433906555176,25.2201099395752,19.1212122211159
"748","TORPEDINIFORMES","NARKIDAE","Narke","dipterygia","Narke dipterygia",0,100,5,118.333333333333,0,100,42,3592,21,0,353.762603759766,235.433792114258,198.687609310405,170,39803,21,-1.0037100315094,33.4570999145508,27.6921100616455,21.6466471157017
"749","TORPEDINIFORMES","NARKIDAE","Narke","japonica","Narke japonica",12,140,5,118.333333333333,12,140,21,1480,21,67.6190414428711,245.7158203125,166.814178466797,213.25053034602,84,14175,21,1.7922899723053,29.486909866333,26.4342098236084,20.0785136804463
"750","CARCHARHINIFORMES","CARCHARHINIDAE","Nasolamia","velox","Nasolamia velox",0,192,0,192,0,192,49,1559,25,0,294.344696044922,290.384582519531,107.304574346909,194,11872,25,3.20581007003784,34.0424880981445,27.9015102386475,19.1075279959289
"751","ORECTOLOBIFORMES","GINGLYMOSTOMATIDAE","Nebrius","ferrugineus","Nebrius ferrugineus",0,70,0,70,0,70,65,12318,15,0,306.709228515625,294.577453613281,191.122074745328,257,98331,15,2.55248999595642,35.6816902160645,27.249080657959,27.2048607394926
"752","CARCHARHINIFORMES","CARCHARHINIDAE","Negaprion","acutidens","Negaprion acutidens",0,90,0,91,0,90,61,14635,19,0,306.709228515625,294.577453613281,184.742676458564,245,116874,19,2.55248999595642,35.6816902160645,27.4537200927734,27.0306570063317
"753","CARCHARHINIFORMES","CARCHARHINIDAE","Negaprion","brevirostris","Negaprion brevirostris",0,92,0,91,0,92,74,6423,19,0,310.524566650391,275.307464599609,183.769577864971,294,47149,19,3.3622899055481,34.0424880981445,26.0893001556396,24.0626596198456
"754","CHIMAERIFORMES","RHINOCHIMAERIDAE","Neoharriotta","carri","Neoharriotta carri",90,600,130,826.666666666667,90,600,9,404,21,84.9099502563477,231.219879150391,97.1422882080078,137.59339993543,33,3148,21,4.00488996505737,27.3806095123291,22.3456993103027,15.198174375894
"755","CHIMAERIFORMES","RHINOCHIMAERIDAE","Neoharriotta","pinnata","Neoharriotta pinnata",200,760,130,826.666666666667,200,760,68,1861,18,0,244.501205444336,108.789581298828,48.2197306733949,271,6097,18,4.73821020126343,21.2054100036621,2.82399082183838,11.4097779999605
"756","CHIMAERIFORMES","RHINOCHIMAERIDAE","Neoharriotta","pumila","Neoharriotta pumila",100,1120,130,826.666666666667,100,1120,16,1082,29,1.61206221580505,238.345352172852,228.333679199219,54.5493916010901,61,12955,29,3.93238997459412,25.7092094421387,18.8533096313477,12.7690137583425
"757","RAJIFORMES","RAJIDAE","Neoraja","africana","Neoraja africana",900,1550,513,1103,900,1550,27,104,14,90.1095123291016,230.32600402832,64.6772918701172,181.003508347731,112,334,14,4.02960014343262,7.23711013793945,0.408820152282715,4.57842123437071
"758","RAJIFORMES","RAJIDAE","Neoraja","caerulea","Neoraja caerulea",600,1260,513,1103,600,1260,16,711,14,175.924087524414,269.037261962891,52.5377349853516,220.48102568507,65,5827,14,4.20489978790283,10.9551095962524,1.45531940460205,8.31719113500977
"759","RAJIFORMES","RAJIDAE","Neoraja","carolinensis","Neoraja carolinensis",695,1010,513,1103,695,1010,4,3,7,126.29328918457,168.980728149414,42.6874389648438,144.890167236328,16,0,7,Inf,-Inf,-Inf,NA
"760","RAJIFORMES","RAJIDAE","Neoraja","iberica","Neoraja iberica",270,670,513,1103,270,670,9,325,13,179.318664550781,248.152679443359,32.5260772705078,212.871589167668,37,4147,13,10.5397090911865,13.5497903823853,0.762299537658691,11.5244205521767
"761","RAJIFORMES","RAJIDAE","Neoraja","stehmanni","Neoraja stehmanni",100,1025,513,1103,100,1025,7,313,27,130.007385253906,230.367416381836,76.5247955322266,199.798232203474,31,2356,27,1.26030004024506,15.2977905273438,12.3593902587891,9.02545372385323
"762","MYLIOBATIFORMES","DASYATIDAE","Neotrygon","annotata","Neotrygon annotata",12,62,3.55555555555556,89.6666666666667,12,62,11,310,11,130.868637084961,223.026901245117,82.4432067871094,194.571657783754,42,3538,11,2.80770993232727,29.5425090789795,26.5213813781738,27.6319755254458
"763","MYLIOBATIFORMES","DASYATIDAE","Neotrygon","australiae","Neotrygon australiae",0,90,3.55555555555556,89.6666666666667,0,90,20,2116,19,31.939208984375,245.091888427734,175.904113769531,188.711331524335,78,21334,19,3.25678992271423,32.3907127380371,26.4072189331055,27.1136701991009
"764","MYLIOBATIFORMES","DASYATIDAE","Neotrygon","caeruleopunctata","Neotrygon caeruleopunctata",0,100,3.55555555555556,89.6666666666667,0,100,54,2858,21,0,306.709228515625,294.577453613281,154.076533348599,217,21936,21,3.995609998703,33.4570999145508,26.0657005310059,26.2165873661083
"765","MYLIOBATIFORMES","DASYATIDAE","Neotrygon","kuhlii","Neotrygon kuhlii",NA,NA,3.55555555555556,89.6666666666667,3.55555555555556,89.6666666666667,6,684,18,83.019287109375,213.167922973633,119.156112670898,190.556982743113,22,8970,18,2.77651000022888,30.3049087524414,27.283618927002,28.4726218743468
"766","MYLIOBATIFORMES","DASYATIDAE","Neotrygon","leylandi","Neotrygon leylandi",15,200,3.55555555555556,89.6666666666667,15,200,9,390,22,61.0586776733398,245.091888427734,151.05451965332,193.546575164795,35,3560,22,4.01899003982544,29.2773990631104,20.6843204498291,24.7195556420958
"767","MYLIOBATIFORMES","DASYATIDAE","Neotrygon","ningalooensis","Neotrygon ningalooensis",0,5,3.55555555555556,89.6666666666667,0,5,1,2,2,200.04833984375,215.638946533203,15.5906066894531,207.99479675293,3,18,2,7.56589984893799,27.5443096160889,19.655309677124,24.7255717383491
"768","MYLIOBATIFORMES","DASYATIDAE","Neotrygon","orientalis","Neotrygon orientalis",0,100,3.55555555555556,89.6666666666667,0,100,35,2624,21,22.7408351898193,254.427337646484,182.746170043945,184.749699717615,138,25695,21,2.54958987236023,32.111988067627,27.2397994995117,27.1267606808346
"769","MYLIOBATIFORMES","DASYATIDAE","Neotrygon","picta","Neotrygon picta",5,100,3.55555555555556,89.6666666666667,5,100,19,565,20,121.999786376953,223.026901245117,83.9709014892578,198.259244071488,75,7854,20,2.75231003761292,29.6907005310059,26.5213813781738,26.2886892847654
"770","MYLIOBATIFORMES","DASYATIDAE","Neotrygon","trigonoides","Neotrygon trigonoides",0,50,3.55555555555556,89.6666666666667,0,50,18,445,11,132.03157043457,231.719451904297,81.4433288574219,205.059505779824,75,3760,11,2.86059999465942,29.4462089538574,26.1293182373047,25.3322559818308
"771","MYLIOBATIFORMES","DASYATIDAE","Neotrygon","varidens","Neotrygon varidens",0,100,3.55555555555556,89.6666666666667,0,100,31,1920,21,46.5591812133789,239.044952392578,182.746170043945,191.56879333655,123,23802,21,2.67780995368958,31.2149085998535,26.4311981201172,26.2162229130723
"772","RAJIFORMES","ARHYNCHOBATIDAE","Notoraja","alisae","Notoraja alisae",800,1500,779.285714285714,1091.14285714286,800,1500,29,624,15,118.881034851074,229.426193237305,39.7870483398438,177.718487397218,117,4982,15,2.59618997573853,7.51048994064331,1.43537998199463,4.69012047195473
"773","RAJIFORMES","ARHYNCHOBATIDAE","Notoraja","azurea","Notoraja azurea",765,1440,779.285714285714,1091.14285714286,765,1440,14,518,15,143.276489257812,251.031097412109,53.9484405517578,182.336959868324,56,2809,15,2.60869002342224,8.31069087982178,1.63979005813599,4.6172086222395
"774","RAJIFORMES","ARHYNCHOBATIDAE","Notoraja","fijiensis","Notoraja fijiensis",567,699,779.285714285714,1091.14285714286,567,699,1,0,4,Inf,-Inf,-Inf,NA,6,27,4,5.69308996200562,8.41020011901855,0.956119060516357,6.97076444272642
"775","RAJIFORMES","ARHYNCHOBATIDAE","Notoraja","hesperindica","Notoraja hesperindica",1230,1600,779.285714285714,1091.14285714286,1230,1600,13,0,8,Inf,-Inf,-Inf,NA,52,62,8,3.14350008964539,4.94298982620239,0.843090295791626,3.96921805412539
"776","RAJIFORMES","ARHYNCHOBATIDAE","Notoraja","hirticauda","Notoraja hirticauda",500,760,779.285714285714,1091.14285714286,500,760,8,60,6,61.0586776733398,240.718215942383,93.4308700561523,156.045651753743,29,349,6,5.59739017486572,9.65970039367676,1.50431966781616,7.38120935844487
"777","RAJIFORMES","ARHYNCHOBATIDAE","Notoraja","inusitata","Notoraja inusitata",807,844,779.285714285714,1091.14285714286,807,844,3,20,2,140.569366455078,180.8359375,26.3547821044922,159.148866271973,14,255,2,4.52951002120972,5.37651014328003,0.372819900512695,4.87522824418311
"778","RAJIFORMES","ARHYNCHOBATIDAE","Notoraja","lira","Notoraja lira",1050,1050,779.285714285714,1091.14285714286,1050,1050,5,18,1,167.055786132812,198.084335327148,12.5875701904297,185.210160997179,19,244,1,4.2378101348877,4.83840990066528,0.432779788970947,4.54079410678051
"779","RAJIFORMES","ARHYNCHOBATIDAE","Notoraja","longiventralis","Notoraja longiventralis",660,953,779.285714285714,1091.14285714286,660,953,7,139,7,138.958755493164,220.942886352539,32.4327087402344,172.8390040775,28,1382,7,4.05100011825562,6.97259998321533,0.572489738464355,5.20228772329008
"780","RAJIFORMES","ARHYNCHOBATIDAE","Notoraja","martinezi","Notoraja martinezi",1256,1472,779.285714285714,1091.14285714286,1256,1472,14,93,5,34.3498153686523,109.252159118652,56.3205795288086,64.4247511586835,55,395,5,2.95911002159119,4.15501022338867,0.618499994277954,3.53531083758873
"781","RAJIFORMES","ARHYNCHOBATIDAE","Notoraja","ochroderma","Notoraja ochroderma",400,450,779.285714285714,1091.14285714286,400,450,1,0,3,Inf,-Inf,-Inf,NA,4,33,3,9.81919002532959,13.0285997390747,1.08049964904785,11.4763296878699
"782","RAJIFORMES","ARHYNCHOBATIDAE","Notoraja","sapphira","Notoraja sapphira",1195,1313,779.285714285714,1091.14285714286,1195,1313,10,30,3,153.66423034668,183.615097045898,18.6971130371094,168.260246276855,43,433,3,3.42318987846375,4.7335000038147,0.508180141448975,4.13659233584415
"783","RAJIFORMES","ARHYNCHOBATIDAE","Notoraja","sereti","Notoraja sereti",800,980,779.285714285714,1091.14285714286,800,980,1,0,5,Inf,-Inf,-Inf,NA,2,0,5,Inf,-Inf,-Inf,NA
"784","RAJIFORMES","ARHYNCHOBATIDAE","Notoraja","sticta","Notoraja sticta",820,1200,779.285714285714,1091.14285714286,820,1200,2,30,9,151.527496337891,226.605728149414,51.5863494873047,191.503740946452,7,279,9,3.04309010505676,6.92431020736694,1.09789037704468,4.66783419903034
"785","RAJIFORMES","ARHYNCHOBATIDAE","Notoraja","tobitukai","Notoraja tobitukai",60,1015,779.285714285714,1091.14285714286,60,1015,13,864,35,65.3856582641602,226.265258789062,156.394195556641,168.127853163966,54,7780,35,2.35519003868103,27.8521099090576,21.7674007415771,15.9036384770067
"786","HEXANCHIFORMES","HEXANCHIDAE","Notorynchus","cepedianus","Notorynchus cepedianus",0,570,0,570,0,570,114,15882,38,0,374.343811035156,298.189483642578,213.188556688481,455,165920,38,-1.0037100315094,34.0424880981445,27.9015102386475,12.864622114104
"787","LAMNIFORMES","ODONTASPIDIDAE","Odontaspis","ferox","Odontaspis ferox",10,1015,22.5,1007.5,10,1015,101,25562,45,0,295.541198730469,257.821380615234,177.183164215188,406,195345,45,-1.98351001739502,31.9815006256104,28.6262989044189,16.2859276829849
"788","LAMNIFORMES","ODONTASPIDIDAE","Odontaspis","noronhai","Odontaspis noronhai",35,1000,22.5,1007.5,35,1000,72,17208,40,0,279.755828857422,206.639572143555,139.296872607335,287,226357,40,2.79949998855591,29.673999786377,23.7549095153809,14.3543487214549
"789","RAJIFORMES","RAJIDAE","Okamejei","acutispina","Okamejei acutispina",20,175,124.666666666667,270.833333333333,20,175,17,1300,20,67.9065093994141,284.954895019531,160.453018188477,218.072393845778,69,14880,20,0.237289994955063,28.9845104217529,22.7616004943848,18.1972145896525
"790","RAJIFORMES","RAJIDAE","Okamejei","arafurensis","Okamejei arafurensis",179,298,124.666666666667,270.833333333333,179,298,7,158,6,62.4092483520508,153.478393554688,68.6472625732422,104.890201230592,29,2254,6,10.033109664917,21.71630859375,7.33781909942627,13.9257580047174
"791","RAJIFORMES","RAJIDAE","Okamejei","boesemani","Okamejei boesemani",20,175,124.666666666667,270.833333333333,20,175,26,1875,20,64.2178268432617,275.366577148438,160.453018188477,210.405535221354,102,21090,20,0.466189980506897,29.5044994354248,22.7616004943848,19.6103611574064
"792","RAJIFORMES","RAJIDAE","Okamejei","cairae","Okamejei cairae",65,150,124.666666666667,270.833333333333,65,150,6,145,10,47.6098327636719,231.067138671875,182.746170043945,157.27092816583,26,1339,10,4.10798978805542,27.9347095489502,21.1476993560791,22.5620988385725
"793","RAJIFORMES","RAJIDAE","Okamejei","heemstrai","Okamejei heemstrai",200,500,124.666666666667,270.833333333333,200,500,14,65,13,72.8430328369141,209.721801757812,73.8412780761719,164.853136620155,58,683,13,8.3043098449707,20.0662002563477,3.61701011657715,12.0152428600484
"794","RAJIFORMES","RAJIDAE","Okamejei","hollandi","Okamejei hollandi",65,87,124.666666666667,270.833333333333,65,87,26,291,5,54.8318786621094,228.339019775391,153.504241943359,178.855792697762,105,1671,5,4.94279003143311,28.1193103790283,22.1696910858154,22.8469208409728
"795","RAJIFORMES","RAJIDAE","Okamejei","kenojei","Okamejei kenojei",20,230,124.666666666667,270.833333333333,20,230,27,2014,22,32.8262786865234,390.156890869141,305.663879394531,246.8271367396,107,21844,22,-1.82820999622345,28.5036087036133,23.6053810119629,13.1771910685038
"796","RAJIFORMES","RAJIDAE","Okamejei","leptoura","Okamejei leptoura",202,735,124.666666666667,270.833333333333,202,735,21,710,18,58.0806045532227,255.260375976562,119.972381591797,165.258335994667,84,6624,18,5.38279008865356,20.1660900115967,3.7224006652832,10.9500587720082
"797","RAJIFORMES","RAJIDAE","Okamejei","meerdervoortii","Okamejei meerdervoortii",30,150,124.666666666667,270.833333333333,30,150,8,569,17,65.3856582641602,236.350799560547,160.453018188477,214.661324418911,32,7034,17,2.41770005226135,27.4164905548096,20.6949100494385,18.1102394402824
"798","RAJIFORMES","RAJIDAE","Okamejei","ornata","Okamejei ornata",375,390,124.666666666667,270.833333333333,375,390,3,22,2,13.7409172058105,66.7586669921875,50.7862854003906,29.5174925544045,10,257,2,11.31369972229,14.2056903839111,1.63999938964844,12.8305177762815
"799","RAJIFORMES","RAJIDAE","Okamejei","picta","Okamejei picta",300,300,124.666666666667,270.833333333333,300,300,1,1,1,122.778701782227,133.964797973633,11.1860961914062,127.953559875488,1,1,1,11.1330099105835,11.6871900558472,0.554180145263672,11.4703903198242
"800","RAJIFORMES","RAJIDAE","Okamejei","schmidti","Okamejei schmidti",20,60,124.666666666667,270.833333333333,20,60,5,36,9,84.1454925537109,238.912155151367,142.119766235352,214.326479593913,18,287,9,3.79260993003845,26.8684902191162,19.0965099334717,19.7610229997269
"801","RAJIFORMES","RAJIDAE","Orbiraja","jensenae","Orbiraja jensenae",110,118,122.333333333333,273.333333333333,110,118,5,8,2,49.5479736328125,149.126693725586,89.0455322265625,121.228803634644,19,28,2,4.00618982315063,24.8169097900391,20.1796989440918,21.4995042255947
"802","RAJIFORMES","RAJIDAE","Orbiraja","powelli","Orbiraja powelli",17,462,122.333333333333,273.333333333333,17,462,17,1408,32,0,226.886871337891,224.258087158203,91.7802691933784,67,10277,32,4.09311008453369,30.3490009307861,25.7678985595703,23.8557816572524
"803","ORECTOLOBIFORMES","ORECTOLOBIDAE","Orectolobus","floridus","Orectolobus floridus",42,85,5.11,116.2,42,85,6,63,10,161.585861206055,255.260375976562,68.1860656738281,223.073308551122,27,1006,10,4.27090978622437,23.1243896484375,17.7455902099609,19.51450765204
"804","ORECTOLOBIFORMES","ORECTOLOBIDAE","Orectolobus","halei","Orectolobus halei",0,195,5.11,116.2,0,195,17,2153,25,86.8575592041016,273.989593505859,128.397811889648,230.192509666687,68,25764,25,2.63548994064331,27.5443096160889,23.7574806213379,17.9609933975153
"805","ORECTOLOBIFORMES","ORECTOLOBIDAE","Orectolobus","hutchinsi","Orectolobus hutchinsi",0.1,106,5.11,116.2,0.1,106,13,493,21,86.8575592041016,256.185699462891,128.397811889648,220.522959030182,53,6413,21,2.72568988800049,27.0016002655029,21.4670104980469,20.2936493805041
"806","ORECTOLOBIFORMES","ORECTOLOBIDAE","Orectolobus","japonicus","Orectolobus japonicus",0,200,5.11,116.2,0,200,36,2961,25,64.2178268432617,353.762603759766,168.840896606445,215.121352020851,142,38715,25,-1.0037100315094,31.2149085998535,27.6921100616455,20.170161409312
"807","ORECTOLOBIFORMES","ORECTOLOBIDAE","Orectolobus","leptolineatus","Orectolobus leptolineatus",0,100,5.11,116.2,0,100,20,1392,21,3.03169202804565,281.330169677734,240.769912719727,177.858093552206,79,9998,21,2.65948987007141,31.4242000579834,27.2397994995117,27.2823037284688
"808","ORECTOLOBIFORMES","ORECTOLOBIDAE","Orectolobus","maculatus","Orectolobus maculatus",0,218,5.11,116.2,0,218,24,2578,26,86.8575592041016,273.989593505859,128.397811889648,224.385457538282,93,28516,26,2.63548994064331,28.8553009033203,25.7699909210205,18.877224718409
"809","ORECTOLOBIFORMES","ORECTOLOBIDAE","Orectolobus","ornatus","Orectolobus ornatus",0,100,5.11,116.2,0,100,19,563,21,132.510711669922,232.408050537109,79.7497253417969,204.033217272581,80,7741,21,2.85720992088318,29.4462089538574,26.1293182373047,23.6363318078263
"810","ORECTOLOBIFORMES","ORECTOLOBIDAE","Orectolobus","parvimaculatus","Orectolobus parvimaculatus",9,135,5.11,116.2,9,135,6,167,20,141.344055175781,255.260375976562,88.9996948242188,219.154152053559,25,2155,20,2.89281010627747,24.7593097686768,21.3031806945801,20.9357775172612
"811","ORECTOLOBIFORMES","ORECTOLOBIDAE","Orectolobus","reticulatus","Orectolobus reticulatus",0,20,5.11,116.2,0,20,4,30,5,177.700408935547,226.74348449707,39.9265899658203,203.014967854818,15,372,5,24.6256103515625,31.3924007415771,6.07749176025391,28.4669583792328
"812","ORECTOLOBIFORMES","ORECTOLOBIDAE","Orectolobus","wardi","Orectolobus wardi",0,3,5.11,116.2,0,3,19,104,2,73.303108215332,236.831970214844,142.109405517578,199.234096967257,76,1471,2,7.44349002838135,32.3907127380371,22.2753810882568,27.6777397132422
"813","SQUALIFORMES","OXYNOTIDAE","Oxynotus","bruniensis","Oxynotus bruniensis",45,1120,142.6,791.6,45,1120,20,7287,40,150.186630249023,294.033721923828,109.534530639648,227.838403761722,78,85823,40,2.52419996261597,24.9529094696045,17.1029090881348,11.128731471341
"814","SQUALIFORMES","OXYNOTIDAE","Oxynotus","caribbaeus","Oxynotus caribbaeus",218,579,142.6,791.6,218,579,20,630,14,82.5272674560547,209.268447875977,58.2479400634766,142.57092590332,77,4662,14,6.54601001739502,21.8132095336914,3.69611072540283,13.5437471915703
"815","SQUALIFORMES","OXYNOTIDAE","Oxynotus","centrina","Oxynotus centrina",35,805,142.6,791.6,35,805,106,11416,36,0,336.717315673828,213.110153198242,198.926401553491,422,101464,36,-1.98351001739502,27.5650901794434,18.567699432373,12.769117563936
"816","SQUALIFORMES","OXYNOTIDAE","Oxynotus","japonicus","Oxynotus japonicus",150,350,142.6,791.6,150,350,34,73,9,78.7330780029297,207.730239868164,128.997161865234,182.262408426363,135,370,9,2.54259991645813,21.3596897125244,18.8170890808105,16.7138568478662
"817","SQUALIFORMES","OXYNOTIDAE","Oxynotus","paradoxus","Oxynotus paradoxus",265,1104,142.6,791.6,265,1104,49,2343,22,40.0082778930664,336.717315673828,87.8177642822266,192.364337989524,198,12556,22,-2.0998101234436,15.5710096359253,6.88408994674683,10.0800249020677
"818","CARCHARHINIFORMES","HEMIGALEIDAE","Paragaleus","leucolomatus","Paragaleus leucolomatus",0,20,0.5,39.5,0,20,37,55,5,4.22953653335571,235.861022949219,229.506225585938,198.220345237038,149,412,5,5.3573899269104,31.3759098052979,23.8238906860352,26.8095430633397
"819","CARCHARHINIFORMES","HEMIGALEIDAE","Paragaleus","pectoralis","Paragaleus pectoralis",0,100,0.5,39.5,0,100,41,1408,21,0,269.621490478516,226.426315307617,147.395039187236,164,6634,21,4.06499004364014,29.596809387207,24.9382915496826,21.3619823002981
"820","CARCHARHINIFORMES","HEMIGALEIDAE","Paragaleus","randalli","Paragaleus randalli",1,18,0.5,39.5,1,18,35,576,5,0,300.679962158203,294.577453613281,194.629240433375,140,4151,5,2.64489006996155,35.6816902160645,27.2327899932861,28.0763377761933
"821","CARCHARHINIFORMES","HEMIGALEIDAE","Paragaleus","tengi","Paragaleus tengi",1,20,0.5,39.5,1,20,24,215,5,67.6190414428711,269.116912841797,166.814178466797,209.229111285542,96,1734,5,2.67780995368958,31.2149085998535,26.4311981201172,24.0866978418731
"822","ORECTOLOBIFORMES","PARASCYLLIIDAE","Parascyllium","collare","Parascyllium collare",20,175,56,160,20,175,12,254,20,147.058517456055,247.716430664062,72.8320617675781,208.789588627853,46,3579,20,2.81431007385254,26.6827087402344,17.7997989654541,19.8842016482826
"823","ORECTOLOBIFORMES","PARASCYLLIIDAE","Parascyllium","elongatum","Parascyllium elongatum",50,50,56,160,50,50,2,4,1,220.179443359375,253.330505371094,31.5751190185547,232.521362304688,8,76,1,8.78530025482178,20.3404006958008,11.555100440979,17.8404133194371
"824","ORECTOLOBIFORMES","PARASCYLLIIDAE","Parascyllium","ferrugineum","Parascyllium ferrugineum",5,150,56,160,5,150,14,1530,22,150.870529174805,278.367736816406,116.805679321289,242.174405475691,52,16684,22,2.52419996261597,21.7187004089355,18.1101894378662,15.5668691424436
"825","ORECTOLOBIFORMES","PARASCYLLIIDAE","Parascyllium","sparsimaculatum","Parascyllium sparsimaculatum",205,245,56,160,205,245,4,9,3,219.782806396484,239.405914306641,14.3198394775391,230.533130221897,13,168,3,12.2524099349976,18.7819995880127,3.66740989685059,15.0590469155993
"826","ORECTOLOBIFORMES","PARASCYLLIIDAE","Parascyllium","variolatum","Parascyllium variolatum",0,180,56,160,0,180,11,1529,24,142.027694702148,273.989593505859,109.311416625977,238.73915358569,47,17499,24,2.61600995063782,24.2720909118652,20.1129112243652,16.5023259114889
"827","CARCHARHINIFORMES","PENTANCHIDAE","Parmaturus","albipenis","Parmaturus albipenis",688,732,617.285714285714,1008.85714285714,688,732,3,16,2,177.87580871582,209.529434204102,19.7299499511719,189.712844848633,11,155,2,5.34351015090942,7.16778993606567,0.888899803161621,6.12025885120515
"828","CARCHARHINIFORMES","PENTANCHIDAE","Parmaturus","angelae","Parmaturus angelae",500,600,617.285714285714,1008.85714285714,500,600,6,3,3,202.091369628906,247.379043579102,43.4496612548828,217.870869954427,21,39,3,6.54261016845703,11.2413997650146,2.06079006195068,9.00035387430436
"829","CARCHARHINIFORMES","PENTANCHIDAE","Parmaturus","lanatus","Parmaturus lanatus",840,855,617.285714285714,1008.85714285714,840,855,3,4,1,88.6615676879883,103.681564331055,11.1576919555664,96.8782386779785,9,21,1,3.12220001220703,8.45250034332275,4.78550004959106,5.91075854074387
"830","CARCHARHINIFORMES","PENTANCHIDAE","Parmaturus","macmillani","Parmaturus macmillani",985,1350,617.285714285714,1008.85714285714,985,1350,9,151,8,156.800415039062,212.855758666992,39.7870483398438,181.538872826178,34,1020,8,3.60171008110046,6.37060022354126,0.968479633331299,4.85631062657225
"831","CARCHARHINIFORMES","PENTANCHIDAE","Parmaturus","pilosus","Parmaturus pilosus",120,1177,617.285714285714,1008.85714285714,120,1177,12,1125,30,48.5968208312988,222.922897338867,171.828521728516,145.888509796143,47,10276,30,2.29269003868103,24.1938896179199,20.9971885681152,11.9553940207079
"832","CARCHARHINIFORMES","PENTANCHIDAE","Parmaturus","xaniurus","Parmaturus xaniurus",91,1251,617.285714285714,1008.85714285714,91,1251,27,2802,34,0,246.403427124023,228.329895019531,47.0967605133128,109,31064,34,2.46060991287231,20.7785091400146,16.1556987762451,7.5894945680696
"833","MYLIOBATIFORMES","DASYATIDAE","Pastinachus","ater","Pastinachus ater",0,60,0,52.5,0,60,59,8281,13,0,306.709228515625,294.577453613281,191.369465155729,235,68839,13,2.62009000778198,35.6816902160645,27.249080657959,27.5316158925519
"834","MYLIOBATIFORMES","DASYATIDAE","Pastinachus","gracilicaudus","Pastinachus gracilicaudus",0,60,0,52.5,0,60,31,1234,13,38.3578300476074,217.821594238281,177.672973632812,187.277206321976,122,13022,13,2.65948987007141,32.111988067627,27.2397994995117,28.3151736081498
"835","MYLIOBATIFORMES","DASYATIDAE","Pastinachus","sephen","Pastinachus sephen",0,60,0,52.5,0,60,33,2179,13,0,306.709228515625,294.577453613281,178.224391046168,128,31448,13,3.93238997459412,35.6816902160645,27.8520107269287,26.6189476745604
"836","MYLIOBATIFORMES","DASYATIDAE","Pastinachus","solocirostris","Pastinachus solocirostris",0,30,0,52.5,0,30,20,230,7,48.7014579772949,216.108428955078,164.558456420898,189.859963193147,78,1930,7,7.04238986968994,31.1898002624512,22.8520011901855,28.5994951297582
"837","MYLIOBATIFORMES","DASYATIDAE","Pateobatis","bleekeri","Pateobatis bleekeri",0,40,0,63,0,40,25,785,9,0,233.070434570312,232.484375,185.507476699732,98,6108,9,4.24988985061646,31.3379898071289,25.7143993377686,27.9419525236418
"838","MYLIOBATIFORMES","DASYATIDAE","Pateobatis","fai","Pateobatis fai",0,70,0,63,0,70,65,6131,15,0,306.709228515625,294.577453613281,186.848984350137,262,55029,15,2.77350997924805,35.6816902160645,26.8439083099365,27.0902863639083
"839","MYLIOBATIFORMES","DASYATIDAE","Pateobatis","hortlei","Pateobatis hortlei",0,40,0,63,0,40,8,203,9,130.868637084961,236.831970214844,82.4432067871094,192.11605684628,29,1746,9,2.83280992507935,31.3381004333496,26.5820007324219,27.5459476658842
"840","MYLIOBATIFORMES","DASYATIDAE","Pateobatis","jenkinsii","Pateobatis jenkinsii",0,90,0,63,0,90,58,9618,19,0,306.709228515625,294.577453613281,177.66172985982,233,94817,19,0.830699980258942,35.6816902160645,28.7154903411865,27.1816325557467
"841","MYLIOBATIFORMES","DASYATIDAE","Pateobatis","uarnacoides","Pateobatis uarnacoides",0,75,0,63,0,75,31,2189,16,0,229.171600341797,221.014297485352,182.781579475525,126,26951,16,2.65948987007141,32.111988067627,27.2397994995117,28.0046382643757
"842","RAJIFORMES","ARHYNCHOBATIDAE","Pavoraja","alleni","Pavoraja alleni",305,460,240,544.166666666667,305,460,14,133,7,106.026519775391,255.260375976562,104.350524902344,222.951586730498,55,982,7,8.69999980926514,16.6453990936279,2.89968204498291,11.6700624195961
"843","RAJIFORMES","ARHYNCHOBATIDAE","Pavoraja","arenaria","Pavoraja arenaria",190,710,240,544.166666666667,190,710,6,764,17,167.840057373047,269.795135498047,85.9756317138672,240.313412052175,25,9258,17,5.85870981216431,16.7234897613525,3.3585901260376,10.3321558932656
"844","RAJIFORMES","ARHYNCHOBATIDAE","Pavoraja","mosaica","Pavoraja mosaica",300,405,240,544.166666666667,300,405,6,60,5,155.533920288086,186.542190551758,22.5256042480469,169.977979278564,25,761,5,12.2514095306396,18.4383907318115,2.99870014190674,15.4765507589032
"845","RAJIFORMES","ARHYNCHOBATIDAE","Pavoraja","nitida","Pavoraja nitida",75,450,240,544.166666666667,75,450,14,852,20,150.870529174805,270.209533691406,103.517181396484,237.943504691684,54,9221,20,2.52419996261597,20.6480007171631,15.3618097305298,12.7654884013834
"846","RAJIFORMES","ARHYNCHOBATIDAE","Pavoraja","pseudonitida","Pavoraja pseudonitida",210,510,240,544.166666666667,210,510,6,158,13,155.062545776367,195.220001220703,29.1403198242188,170.365552588354,25,1972,13,9.20280933380127,21.6275005340576,2.99870014190674,15.8446587394266
"847","RAJIFORMES","ARHYNCHOBATIDAE","Pavoraja","umbrosa","Pavoraja umbrosa",360,730,240,544.166666666667,360,730,6,84,12,177.453048706055,205.503860473633,21.9127960205078,192.316130320231,26,1743,12,6.52798986434937,16.5043087005615,2.51589965820312,11.2180274245524
"848","CARCHARHINIFORMES","PENTANCHIDAE","Pentanchus","profundicolus","Pentanchus profundicolus",673,1069,673,1069,673,1069,3,0,9,Inf,-Inf,-Inf,NA,8,4,9,4.93061017990112,6.1174898147583,0.586089611053467,5.5327273607254
"849","CARCHARHINIFORMES","PSEUDOTRIAKIDAE","Planonasus","indicus","Planonasus indicus",NA,NA,560,1120,560,1120,1,0,12,Inf,-Inf,-Inf,NA,4,46,12,5.91759014129639,10.2321090698242,0.773590087890625,8.05945785149284
"850","CARCHARHINIFORMES","PSEUDOTRIAKIDAE","Planonasus","parini","Planonasus parini",560,1120,560,1120,560,1120,3,116,12,9.0339527130127,44.1966018676758,32.016487121582,21.1410111476635,9,1135,12,7.3252100944519,13.2154092788696,1.6901912689209,10.3922812697121
"851","TORPEDINIFORMES","PLATYRHINIDAE","Platyrhina","hyugaensis","Platyrhina hyugaensis",1,100,17.75,102.5,1,100,3,21,21,67.6190414428711,234.87336730957,166.814178466797,210.646372477214,13,246,21,2.93091011047363,28.3827896118164,23.1446800231934,20.6429003002198
"852","TORPEDINIFORMES","PLATYRHINIDAE","Platyrhina","psomadakisi","Platyrhina psomadakisi",60,160,17.75,102.5,60,160,7,127,11,1.44703733921051,192.086730957031,154.5654296875,88.5397272748271,31,796,11,Inf,-Inf,-Inf,23.9178439240959
"853","TORPEDINIFORMES","PLATYRHINIDAE","Platyrhina","sinensis","Platyrhina sinensis",0,50,17.75,102.5,0,50,8,29,11,179.61897277832,235.782562255859,42.8319396972656,205.999346502896,30,398,11,15.3612003326416,29.8688907623291,13.4961814880371,23.7382843650166
"854","TORPEDINIFORMES","PLATYRHINIDAE","Platyrhina","tangi","Platyrhina tangi",10,100,17.75,102.5,10,100,24,1302,19,55.2159652709961,245.7158203125,182.449462890625,220.883054730346,95,13485,19,2.41770005226135,29.2716903686523,26.4311981201172,19.1133560629036
"855","TORPEDINIFORMES","PLATYRHINIDAE","Platyrhinoidis","triseriata","Platyrhinoidis triseriata",6,137,6,137,6,137,15,765,21,0,282.146484375,275.307464599609,201.010725522509,59,11590,21,2.66530990600586,32.6036109924316,28.8861103057861,15.3696699628756
"856","MYLIOBATIFORMES","PLESIOBATIDAE","Plesiobatis","daviesi","Plesiobatis daviesi",44,680,44,680,44,680,61,3972,32,22.3537368774414,250.626770019531,202.883682250977,181.416612858499,244,42981,32,2.4386899471283,29.3372001647949,23.1359004974365,18.1730676625684
"857","PRISTIOPHORIFORMES","PRISTIOPHORIDAE","Pliotrema","annae","Pliotrema annae",20,35,81.3333333333333,423.333333333333,20,35,1,0,4,Inf,-Inf,-Inf,NA,1,4,4,Inf,-Inf,-Inf,26.8805952072144
"858","PRISTIOPHORIFORMES","PRISTIOPHORIDAE","Pliotrema","warreni","Pliotrema warreni",10,915,81.3333333333333,423.333333333333,10,915,13,776,43,98.5825119018555,250.449096679688,117.236862182617,203.271387729448,52,6721,43,1.26030004024506,27.7851104736328,21.286319732666,16.2808828940616
"859","CARCHARHINIFORMES","SCYLIORHINIDAE","Poroderma","africanum","Poroderma africanum",0,108,0,191,0,108,7,294,21,141.299774169922,253.103286743164,93.0577545166016,207.535842584104,27,2717,21,4.97769021987915,26.5981101989746,21.286319732666,16.0306548984515
"860","CARCHARHINIFORMES","SCYLIORHINIDAE","Poroderma","pantherinum","Poroderma pantherinum",0,274,0,191,0,274,8,478,28,114.356002807617,253.103286743164,103.282516479492,207.334077779219,32,4795,28,3.07808995246887,26.5981101989746,21.286319732666,16.1993697095837
"861","CARCHARHINIFORMES","CARCHARHINIDAE","Prionace","glauca","Prionace glauca",0,1000,0,1000,0,1000,126,1170326,47,0,408.545471191406,374.896881103516,181.987769874154,503,18711167,47,-2.0998101234436,34.0424880981445,28.8861103057861,14.4579695751471
"862","PRISTIOPHORIFORMES","PRISTIOPHORIDAE","Pristiophorus","cirratus","Pristiophorus cirratus",40,630,168.428571428571,632.857142857143,40,630,16,2150,32,142.027694702148,272.153198242188,103.517181396484,235.961771829295,63,21847,32,2.52419996261597,25.0724086761475,18.0157108306885,14.0545604409804
"863","PRISTIOPHORIFORMES","PRISTIOPHORIDAE","Pristiophorus","delicatus","Pristiophorus delicatus",176,405,168.428571428571,632.857142857143,176,405,6,253,10,150.705764770508,186.542190551758,22.9477233886719,166.273838812183,23,3822,10,11.1655902862549,22.9172897338867,2.78111934661865,17.4843732663189
"864","PRISTIOPHORIFORMES","PRISTIOPHORIDAE","Pristiophorus","japonicus","Pristiophorus japonicus",10,1240,168.428571428571,632.857142857143,10,1240,22,4658,50,38.6596260070801,370.87255859375,330.228576660156,209.360001068967,88,57681,50,-0.267110019922256,29.2040100097656,26.4132804870605,13.9430764117907
"865","PRISTIOPHORIFORMES","PRISTIOPHORIDAE","Pristiophorus","lanae","Pristiophorus lanae",229,593,168.428571428571,632.857142857143,229,593,5,0,14,Inf,-Inf,-Inf,NA,19,7,14,12.2388000488281,14.1919002532959,0.980280876159668,13.1822141919817
"866","PRISTIOPHORIFORMES","PRISTIOPHORIDAE","Pristiophorus","nancyae","Pristiophorus nancyae",286,500,168.428571428571,632.857142857143,286,500,39,100,10,13.8006734848022,230.531051635742,73.8412780761719,115.528385429382,153,590,10,8.3043098449707,15.7294092178345,2.32779979705811,11.4816980588234
"867","PRISTIOPHORIFORMES","PRISTIOPHORIDAE","Pristiophorus","nudipinnis","Pristiophorus nudipinnis",0,110,168.428571428571,632.857142857143,0,110,14,1153,21,150.870529174805,278.367736816406,116.805679321289,243.390632106652,52,14174,21,2.52419996261597,24.2720909118652,19.6761207580566,15.4344583307215
"868","PRISTIOPHORIFORMES","PRISTIOPHORIDAE","Pristiophorus","schroederi","Pristiophorus schroederi",438,952,168.428571428571,632.857142857143,438,952,6,41,12,114.362518310547,201.789184570312,52.1240844726562,146.640480785835,23,318,12,5.60579013824463,17.3828907012939,3.30908966064453,11.9286023370875
"869","RHINOPRISTIFORMES","PRISTIDAE","Pristis","clavata","Pristis clavata",0,20,0,75.5,0,20,29,233,5,66.3889312744141,236.831970214844,142.096557617188,197.326660418203,115,1605,5,7.33698987960815,32.3907127380371,23.0626087188721,27.6751566640313
"870","RHINOPRISTIFORMES","PRISTIDAE","Pristis","clavata","Pristis clavata",0,20,0,75.5,0,20,29,233,5,66.3889312744141,236.831970214844,142.096557617188,197.326660418203,115,1605,5,7.33698987960815,32.3907127380371,23.0626087188721,27.6751566640313
"871","RHINOPRISTIFORMES","PRISTIDAE","Pristis","clavata","Pristis clavata",0,20,0,75.5,0,20,29,233,5,66.3889312744141,236.831970214844,142.096557617188,197.326660418203,115,1605,5,7.33698987960815,32.3907127380371,23.0626087188721,27.6751566640313
"872","RHINOPRISTIFORMES","PRISTIDAE","Pristis","pectinata","Pristis pectinata",0,122,0,75.5,0,122,33,2139,22,35.1181182861328,278.391296386719,194.866714477539,188.325621488552,130,15303,22,3.93389010429382,30.6297092437744,25.6891002655029,24.3069463896376
"873","RHINOPRISTIFORMES","PRISTIDAE","Pristis","pectinata","Pristis pectinata",0,122,0,75.5,0,122,33,2139,22,35.1181182861328,278.391296386719,194.866714477539,188.325621488552,130,15303,22,3.93389010429382,30.6297092437744,25.6891002655029,24.3069463896376
"874","RHINOPRISTIFORMES","PRISTIDAE","Pristis","pectinata","Pristis pectinata",0,122,0,75.5,0,122,33,2139,22,35.1181182861328,278.391296386719,194.866714477539,188.325621488552,130,15303,22,3.93389010429382,30.6297092437744,25.6891002655029,24.3069463896376
"875","RHINOPRISTIFORMES","PRISTIDAE","Pristis","pectinata","Pristis pectinata",0,122,0,75.5,0,122,33,2139,22,35.1181182861328,278.391296386719,194.866714477539,188.325621488552,130,15303,22,3.93389010429382,30.6297092437744,25.6891002655029,24.3069463896376
"876","RHINOPRISTIFORMES","PRISTIDAE","Pristis","pectinata","Pristis pectinata",0,122,0,75.5,0,122,33,2139,22,35.1181182861328,278.391296386719,194.866714477539,188.325621488552,130,15303,22,3.93389010429382,30.6297092437744,25.6891002655029,24.3069463896376
"877","RHINOPRISTIFORMES","PRISTIDAE","Pristis","pectinata","Pristis pectinata",0,122,0,75.5,0,122,33,2139,22,35.1181182861328,278.391296386719,194.866714477539,188.325621488552,130,15303,22,3.93389010429382,30.6297092437744,25.6891002655029,24.3069463896376
"878","RHINOPRISTIFORMES","PRISTIDAE","Pristis","pristis","Pristis pristis",0,60,0,75.5,0,60,53,7145,13,0,280.892303466797,257.555236816406,187.635267982456,209,72740,13,1.2997100353241,33.4570999145508,28.4181900024414,27.5016495514152
"879","RHINOPRISTIFORMES","PRISTIDAE","Pristis","pristis","Pristis pristis",0,60,0,75.5,0,60,53,7145,13,0,280.892303466797,257.555236816406,187.635267982456,209,72740,13,1.2997100353241,33.4570999145508,28.4181900024414,27.5016495514152
"880","RHINOPRISTIFORMES","PRISTIDAE","Pristis","pristis","Pristis pristis",0,60,0,75.5,0,60,53,7145,13,0,280.892303466797,257.555236816406,187.635267982456,209,72740,13,1.2997100353241,33.4570999145508,28.4181900024414,27.5016495514152
"881","RHINOPRISTIFORMES","PRISTIDAE","Pristis","pristis","Pristis pristis",0,60,0,75.5,0,60,53,7145,13,0,280.892303466797,257.555236816406,187.635267982456,209,72740,13,1.2997100353241,33.4570999145508,28.4181900024414,27.5016495514152
"882","RHINOPRISTIFORMES","PRISTIDAE","Pristis","pristis","Pristis pristis",0,60,0,75.5,0,60,53,7145,13,0,280.892303466797,257.555236816406,187.635267982456,209,72740,13,1.2997100353241,33.4570999145508,28.4181900024414,27.5016495514152
"883","RHINOPRISTIFORMES","PRISTIDAE","Pristis","pristis","Pristis pristis",0,60,0,75.5,0,60,53,7145,13,0,280.892303466797,257.555236816406,187.635267982456,209,72740,13,1.2997100353241,33.4570999145508,28.4181900024414,27.5016495514152
"884","RHINOPRISTIFORMES","PRISTIDAE","Pristis","pristis","Pristis pristis",0,60,0,75.5,0,60,53,7145,13,0,280.892303466797,257.555236816406,187.635267982456,209,72740,13,1.2997100353241,33.4570999145508,28.4181900024414,27.5016495514152
"885","RHINOPRISTIFORMES","PRISTIDAE","Pristis","pristis","Pristis pristis",0,60,0,75.5,0,60,53,7145,13,0,280.892303466797,257.555236816406,187.635267982456,209,72740,13,1.2997100353241,33.4570999145508,28.4181900024414,27.5016495514152
"886","RHINOPRISTIFORMES","PRISTIDAE","Pristis","pristis","Pristis pristis",0,60,0,75.5,0,60,53,7145,13,0,280.892303466797,257.555236816406,187.635267982456,209,72740,13,1.2997100353241,33.4570999145508,28.4181900024414,27.5016495514152
"887","RHINOPRISTIFORMES","PRISTIDAE","Pristis","pristis","Pristis pristis",0,60,0,75.5,0,60,53,7145,13,0,280.892303466797,257.555236816406,187.635267982456,209,72740,13,1.2997100353241,33.4570999145508,28.4181900024414,27.5016495514152
"888","RHINOPRISTIFORMES","PRISTIDAE","Pristis","pristis","Pristis pristis",0,60,0,75.5,0,60,53,7145,13,0,280.892303466797,257.555236816406,187.635267982456,209,72740,13,1.2997100353241,33.4570999145508,28.4181900024414,27.5016495514152
"889","RHINOPRISTIFORMES","PRISTIDAE","Pristis","pristis","Pristis pristis",0,60,0,75.5,0,60,53,7145,13,0,280.892303466797,257.555236816406,187.635267982456,209,72740,13,1.2997100353241,33.4570999145508,28.4181900024414,27.5016495514152
"890","RHINOPRISTIFORMES","PRISTIDAE","Pristis","pristis","Pristis pristis",0,60,0,75.5,0,60,53,7145,13,0,280.892303466797,257.555236816406,187.635267982456,209,72740,13,1.2997100353241,33.4570999145508,28.4181900024414,27.5016495514152
"891","RHINOPRISTIFORMES","PRISTIDAE","Pristis","pristis","Pristis pristis",0,60,0,75.5,0,60,53,7145,13,0,280.892303466797,257.555236816406,187.635267982456,209,72740,13,1.2997100353241,33.4570999145508,28.4181900024414,27.5016495514152
"892","RHINOPRISTIFORMES","PRISTIDAE","Pristis","pristis","Pristis pristis",0,60,0,75.5,0,60,53,7145,13,0,280.892303466797,257.555236816406,187.635267982456,209,72740,13,1.2997100353241,33.4570999145508,28.4181900024414,27.5016495514152
"893","RHINOPRISTIFORMES","PRISTIDAE","Pristis","pristis","Pristis pristis",0,60,0,75.5,0,60,53,7145,13,0,280.892303466797,257.555236816406,187.635267982456,209,72740,13,1.2997100353241,33.4570999145508,28.4181900024414,27.5016495514152
"894","RHINOPRISTIFORMES","PRISTIDAE","Pristis","pristis","Pristis pristis",0,60,0,75.5,0,60,53,7145,13,0,280.892303466797,257.555236816406,187.635267982456,209,72740,13,1.2997100353241,33.4570999145508,28.4181900024414,27.5016495514152
"895","RHINOPRISTIFORMES","PRISTIDAE","Pristis","pristis","Pristis pristis",0,60,0,75.5,0,60,53,7145,13,0,280.892303466797,257.555236816406,187.635267982456,209,72740,13,1.2997100353241,33.4570999145508,28.4181900024414,27.5016495514152
"896","RHINOPRISTIFORMES","PRISTIDAE","Pristis","pristis","Pristis pristis",0,60,0,75.5,0,60,53,7145,13,0,280.892303466797,257.555236816406,187.635267982456,209,72740,13,1.2997100353241,33.4570999145508,28.4181900024414,27.5016495514152
"897","RHINOPRISTIFORMES","PRISTIDAE","Pristis","pristis","Pristis pristis",0,60,0,75.5,0,60,53,7145,13,0,280.892303466797,257.555236816406,187.635267982456,209,72740,13,1.2997100353241,33.4570999145508,28.4181900024414,27.5016495514152
"898","RHINOPRISTIFORMES","PRISTIDAE","Pristis","pristis","Pristis pristis",0,60,0,75.5,0,60,53,7145,13,0,280.892303466797,257.555236816406,187.635267982456,209,72740,13,1.2997100353241,33.4570999145508,28.4181900024414,27.5016495514152
"899","RHINOPRISTIFORMES","PRISTIDAE","Pristis","pristis","Pristis pristis",0,60,0,75.5,0,60,53,7145,13,0,280.892303466797,257.555236816406,187.635267982456,209,72740,13,1.2997100353241,33.4570999145508,28.4181900024414,27.5016495514152
"900","RHINOPRISTIFORMES","PRISTIDAE","Pristis","pristis","Pristis pristis",0,60,0,75.5,0,60,53,7145,13,0,280.892303466797,257.555236816406,187.635267982456,209,72740,13,1.2997100353241,33.4570999145508,28.4181900024414,27.5016495514152
"901","RHINOPRISTIFORMES","PRISTIDAE","Pristis","pristis","Pristis pristis",0,60,0,75.5,0,60,53,7145,13,0,280.892303466797,257.555236816406,187.635267982456,209,72740,13,1.2997100353241,33.4570999145508,28.4181900024414,27.5016495514152
"902","RHINOPRISTIFORMES","PRISTIDAE","Pristis","pristis","Pristis pristis",0,60,0,75.5,0,60,53,7145,13,0,280.892303466797,257.555236816406,187.635267982456,209,72740,13,1.2997100353241,33.4570999145508,28.4181900024414,27.5016495514152
"903","RHINOPRISTIFORMES","PRISTIDAE","Pristis","pristis","Pristis pristis",0,60,0,75.5,0,60,53,7145,13,0,280.892303466797,257.555236816406,187.635267982456,209,72740,13,1.2997100353241,33.4570999145508,28.4181900024414,27.5016495514152
"904","RHINOPRISTIFORMES","PRISTIDAE","Pristis","zijsron","Pristis zijsron",0,100,0,75.5,0,100,66,8408,21,0,281.330169677734,240.769912719727,182.814147442891,262,78663,21,1.2731100320816,35.6816902160645,28.4181900024414,27.2449008354677
"905","RHINOPRISTIFORMES","PRISTIDAE","Pristis","zijsron","Pristis zijsron",0,100,0,75.5,0,100,66,8408,21,0,281.330169677734,240.769912719727,182.814147442891,262,78663,21,1.2731100320816,35.6816902160645,28.4181900024414,27.2449008354677
"906","RHINOPRISTIFORMES","PRISTIDAE","Pristis","zijsron","Pristis zijsron",0,100,0,75.5,0,100,66,8408,21,0,281.330169677734,240.769912719727,182.814147442891,262,78663,21,1.2731100320816,35.6816902160645,28.4181900024414,27.2449008354677
"907","RHINOPRISTIFORMES","PRISTIDAE","Pristis","zijsron","Pristis zijsron",0,100,0,75.5,0,100,66,8408,21,0,281.330169677734,240.769912719727,182.814147442891,262,78663,21,1.2731100320816,35.6816902160645,28.4181900024414,27.2449008354677
"908","RHINOPRISTIFORMES","PRISTIDAE","Pristis","zijsron","Pristis zijsron",0,100,0,75.5,0,100,66,8408,21,0,281.330169677734,240.769912719727,182.814147442891,262,78663,21,1.2731100320816,35.6816902160645,28.4181900024414,27.2449008354677
"909","RHINOPRISTIFORMES","PRISTIDAE","Pristis","zijsron","Pristis zijsron",0,100,0,75.5,0,100,66,8408,21,0,281.330169677734,240.769912719727,182.814147442891,262,78663,21,1.2731100320816,35.6816902160645,28.4181900024414,27.2449008354677
"910","RHINOPRISTIFORMES","PRISTIDAE","Pristis","zijsron","Pristis zijsron",0,100,0,75.5,0,100,66,8408,21,0,281.330169677734,240.769912719727,182.814147442891,262,78663,21,1.2731100320816,35.6816902160645,28.4181900024414,27.2449008354677
"911","RHINOPRISTIFORMES","PRISTIDAE","Pristis","zijsron","Pristis zijsron",0,100,0,75.5,0,100,66,8408,21,0,281.330169677734,240.769912719727,182.814147442891,262,78663,21,1.2731100320816,35.6816902160645,28.4181900024414,27.2449008354677
"912","RHINOPRISTIFORMES","PRISTIDAE","Pristis","zijsron","Pristis zijsron",0,100,0,75.5,0,100,66,8408,21,0,281.330169677734,240.769912719727,182.814147442891,262,78663,21,1.2731100320816,35.6816902160645,28.4181900024414,27.2449008354677
"913","RHINOPRISTIFORMES","PRISTIDAE","Pristis","zijsron","Pristis zijsron",0,100,0,75.5,0,100,66,8408,21,0,281.330169677734,240.769912719727,182.814147442891,262,78663,21,1.2731100320816,35.6816902160645,28.4181900024414,27.2449008354677
"914","RHINOPRISTIFORMES","PRISTIDAE","Pristis","zijsron","Pristis zijsron",0,100,0,75.5,0,100,66,8408,21,0,281.330169677734,240.769912719727,182.814147442891,262,78663,21,1.2731100320816,35.6816902160645,28.4181900024414,27.2449008354677
"915","RHINOPRISTIFORMES","PRISTIDAE","Pristis","zijsron","Pristis zijsron",0,100,0,75.5,0,100,66,8408,21,0,281.330169677734,240.769912719727,182.814147442891,262,78663,21,1.2731100320816,35.6816902160645,28.4181900024414,27.2449008354677
"916","CARCHARHINIFORMES","PROSCYLLIIDAE","Proscyllium","habereri","Proscyllium habereri",50,320,95.5,310,50,320,48,1647,20,48.5968208312988,283.565643310547,170.473892211914,201.343765420919,192,15083,20,0.152989998459816,28.0932006835938,21.7674007415771,18.6486034727828
"917","CARCHARHINIFORMES","PROSCYLLIIDAE","Proscyllium","magnificum","Proscyllium magnificum",141,300,95.5,310,141,300,7,42,7,1.47218906879425,78.1165008544922,57.6883697509766,17.6851434026446,28,100,7,10.6489906311035,17.3133907318115,4.84730052947998,13.6194707679749
"918","RAJIFORMES","ARHYNCHOBATIDAE","Psammobatis","bergi","Psammobatis bergi",10,80,24.5714285714286,263.571428571429,10,80,25,1022,15,Inf,-Inf,-Inf,255.899534729362,99,11732,15,9.46260929107666,26.2368087768555,14.0751810073853,12.6155091678572
"919","RAJIFORMES","ARHYNCHOBATIDAE","Psammobatis","extenta","Psammobatis extenta",13,160,24.5714285714286,263.571428571429,13,160,26,1491,20,167.479431152344,323.918334960938,134.971588134766,255.997808056018,103,20085,20,2.02199006080627,26.1230907440186,15.3365097045898,11.784299884449
"920","RAJIFORMES","ARHYNCHOBATIDAE","Psammobatis","lentiginosa","Psammobatis lentiginosa",28,170,24.5714285714286,263.571428571429,28,170,22,848,18,181.609512329102,305.77001953125,64.4247741699219,247.121033740493,90,11385,18,1.37190997600555,25.3199005126953,15.3365097045898,12.7441724335566
"921","RAJIFORMES","ARHYNCHOBATIDAE","Psammobatis","normani","Psammobatis normani",30,360,24.5714285714286,263.571428571429,30,360,18,1198,25,82.0830917358398,317.556823730469,134.971588134766,271.81637066951,72,16815,25,2.91301012039185,14.2071905136108,7.80698013305664,8.01026303836926
"922","RAJIFORMES","ARHYNCHOBATIDAE","Psammobatis","rudis","Psammobatis rudis",30,475,24.5714285714286,263.571428571429,30,475,28,2201,30,0,328.959228515625,254.289367675781,254.926545236718,113,26951,30,0.873700022697449,22.6972007751465,17.5564994812012,8.19633563009557
"923","RAJIFORMES","ARHYNCHOBATIDAE","Psammobatis","rutrum","Psammobatis rutrum",31,150,24.5714285714286,263.571428571429,31,150,20,696,17,181.609512329102,250.03352355957,64.4247741699219,242.695991735349,82,9136,17,2.37299990653992,25.120491027832,14.0751810073853,13.3056238736507
"924","RAJIFORMES","ARHYNCHOBATIDAE","Psammobatis","scobina","Psammobatis scobina",30,450,24.5714285714286,263.571428571429,30,450,23,446,29,0,321.906158447266,254.289367675781,185.061190089837,94,4458,29,2.64828991889954,15.5501098632812,8.40631008148193,9.76652564784239
"925","RHINOPRISTIFORMES","RHINOBATIDAE","Pseudobatos","buthi","Pseudobatos buthi",0,10,0.333333333333333,74.6111111111111,0,10,6,9,3,0,265.214996337891,246.507751464844,221.682227240668,24,75,3,6.80601024627686,33.4454002380371,21.4935913085938,21.8051697540283
"926","RHINOPRISTIFORMES","RHINOBATIDAE","Pseudobatos","glaucostigmus","Pseudobatos glaucostigmus",0,110,0.333333333333333,74.6111111111111,0,110,35,924,21,0,276.905914306641,274.104461669922,121.59133867784,141,5710,21,3.99530005455017,34.0424880981445,25.6879901885986,21.0585597243702
"927","RHINOPRISTIFORMES","RHINOBATIDAE","Pseudobatos","horkelii","Pseudobatos horkelii",0,150,0.333333333333333,74.6111111111111,0,150,19,846,23,181.609512329102,339.606658935547,104.093795776367,246.098251432955,76,11693,23,2.02199006080627,28.42799949646,18.2648086547852,14.6690544381293
"928","RHINOPRISTIFORMES","RHINOBATIDAE","Pseudobatos","lentiginosus","Pseudobatos lentiginosus",0,30,0.333333333333333,74.6111111111111,0,30,39,455,7,91.0596389770508,263.349273681641,127.939468383789,201.602299717494,154,4681,7,4.18521022796631,30.3610897064209,24.9090194702148,25.5607200880077
"929","RHINOPRISTIFORMES","RHINOBATIDAE","Pseudobatos","leucorhynchus","Pseudobatos leucorhynchus",0,50,0.333333333333333,74.6111111111111,0,50,33,484,11,0,276.905914306641,275.307464599609,171.768491264217,133,2646,11,4.28778982162476,33.4674110412598,23.6885089874268,23.1067520838656
"930","RHINOPRISTIFORMES","RHINOBATIDAE","Pseudobatos","percellens","Pseudobatos percellens",0,110,0.333333333333333,74.6111111111111,0,110,51,1669,21,100.471473693848,265.754669189453,118.937431335449,193.816586320167,205,15688,21,3.91428995132446,29.9987907409668,25.2347812652588,25.7134277664965
"931","RHINOPRISTIFORMES","RHINOBATIDAE","Pseudobatos","planiceps","Pseudobatos planiceps",1,50,0.333333333333333,74.6111111111111,1,50,37,363,11,0,276.905914306641,257.555236816406,154.364937842713,150,1765,11,3.02878999710083,31.9606990814209,25.867000579834,22.6089057635991
"932","RHINOPRISTIFORMES","RHINOBATIDAE","Pseudobatos","prahli","Pseudobatos prahli",1,70,0.333333333333333,74.6111111111111,1,70,19,285,15,0,276.905914306641,257.555236816406,127.640783507364,78,1983,15,4.33540010452271,31.9606990814209,23.6885089874268,23.5163682960706
"933","RHINOPRISTIFORMES","RHINOBATIDAE","Pseudobatos","productus","Pseudobatos productus",1,91.5,0.333333333333333,74.6111111111111,1,91.5,16,828,19,0,283.496063232422,275.307464599609,206.964741706848,65,12020,19,2.66530990600586,34.0424880981445,28.8861103057861,16.4772674689079
"934","LAMNIFORMES","PSEUDOCARCHARIIDAE","Pseudocarcharias","kamoharai","Pseudocarcharias kamoharai",0,590,0,590,0,590,76,487500,39,0,380.169738769531,374.896881103516,154.344799084162,306,7751573,39,-1.0037100315094,34.0424880981445,28.8861103057861,18.8296643351632
"935","RAJIFORMES","ARHYNCHOBATIDAE","Pseudoraja","fischeri","Pseudoraja fischeri",412,576,412,576,412,576,9,70,7,96.0470733642578,161.596572875977,41.8081359863281,133.003728812081,36,343,7,6.18161010742188,15.3449096679688,2.787109375,11.4563840721509
"936","CARCHARHINIFORMES","PSEUDOTRIAKIDAE","Pseudotriakis","microdon","Pseudotriakis microdon",100,2430,100,2430,100,2430,112,21082,51,22.3537368774414,333.023040771484,187.265930175781,182.612647183603,452,227903,51,-2.00170993804932,25.8619995117188,21.7772903442383,7.70414313614287
"937","MYLIOBATIFORMES","DASYATIDAE","Pteroplatytrygon","violacea","Pteroplatytrygon violacea",0,381,0,381,0,381,102,25009,32,0,336.207824707031,291.303344726562,196.166514101087,409,272842,32,-1.98351001739502,30.5317993164062,26.9518795013428,17.5512471624859
"938","RAJIFORMES","RAJIDAE","Raja","asterias","Raja asterias",0,200,24.9333333333333,448.333333333333,0,200,16,2800,25,145.404205322266,281.619110107422,112.67121887207,229.397262911115,62,27421,25,6.05949020385742,28.8703002929688,17.5059795379639,16.5979448747098
"939","RAJIFORMES","RAJIDAE","Raja","brachyura","Raja brachyura",10,900,24.9333333333333,448.333333333333,10,900,34,7911,43,118.867195129395,336.717315673828,114.272987365723,233.081767911963,139,69872,43,-2.0998101234436,27.4479904174805,22.2689018249512,12.8089390894715
"940","RAJIFORMES","RAJIDAE","Raja","clavata","Raja clavata",5,1020,24.9333333333333,448.333333333333,5,1020,109,19716,46,0,365.698150634766,331.541473388672,208.632867728327,434,189748,46,-2.0998101234436,44.2368125915527,37.5705108642578,12.7735730067631
"941","RAJIFORMES","RAJIDAE","Raja","herwigi","Raja herwigi",55,300,24.9333333333333,448.333333333333,55,300,2,72,18,58.9394950866699,203.269134521484,139.10026550293,107.287683010101,9,384,18,4.41950988769531,23.6565914154053,14.580982208252,16.5345073615511
"942","RAJIFORMES","RAJIDAE","Raja","maderensis","Raja maderensis",150,150,24.9333333333333,448.333333333333,150,150,3,8,1,187.7265625,230.777389526367,41.414794921875,217.124307632446,10,96,1,6.34120988845825,17.3595008850098,10.7408103942871,16.738344391187
"943","RAJIFORMES","RAJIDAE","Raja","microocellata","Raja microocellata",1,100,24.9333333333333,448.333333333333,1,100,38,1762,21,35.5909080505371,347.251098632812,185.980407714844,239.763606821638,152,19826,21,5.06700992584229,28.4218902587891,22.025390625,14.125536123174
"944","RAJIFORMES","RAJIDAE","Raja","miraletus","Raja miraletus",50,555,24.9333333333333,448.333333333333,50,555,21,3708,28,69.562255859375,269.327941894531,162.210815429688,211.808340971781,85,30578,28,-1.98351001739502,23.4347095489502,18.3689117431641,14.9652531383878
"945","RAJIFORMES","RAJIDAE","Raja","montagui","Raja montagui",10,800,24.9333333333333,448.333333333333,10,800,34,5819,41,118.867195129395,336.717315673828,114.272987365723,245.028844219443,136,61353,41,-2.0998101234436,27.4479904174805,22.2689018249512,11.6681194867412
"946","RAJIFORMES","RAJIDAE","Raja","ocellifera","Raja ocellifera",15,105,24.9333333333333,448.333333333333,15,105,5,180,18,146.675308227539,239.33332824707,92.6580200195312,201.927782270643,22,2782,18,5.96991014480591,26.0126991271973,14.5245800018311,15.6011931743663
"947","RAJIFORMES","RAJIDAE","Raja","parva","Raja parva",10,300,24.9333333333333,448.333333333333,10,300,33,1322,27,13.9230327606201,232.994598388672,191.487442016602,120.295605808091,133,6119,27,3.94918990135193,29.462610244751,24.3698196411133,19.9485789808812
"948","RAJIFORMES","RAJIDAE","Raja","polystigma","Raja polystigma",10,800,24.9333333333333,448.333333333333,10,800,15,3731,41,145.404205322266,281.619110107422,112.67121887207,214.802867659357,59,40498,41,-1.98351001739502,27.4479904174805,22.2689018249512,15.4874073704459
"949","RAJIFORMES","RAJIDAE","Raja","radula","Raja radula",0,350,24.9333333333333,448.333333333333,0,350,16,4029,31,145.404205322266,281.619110107422,112.67121887207,223.143575896043,62,62915,31,-1.98351001739502,28.8703002929688,22.2689018249512,16.1376721544257
"950","RAJIFORMES","RAJIDAE","Raja","straeleni","Raja straeleni",43,930,24.9333333333333,448.333333333333,43,930,65,3660,37,0,263.154693603516,185.174819946289,125.145155693534,261,26387,37,1.26030004024506,26.0095901489258,18.183500289917,12.9493256947693
"951","RAJIFORMES","RAJIDAE","Raja","undulata","Raja undulata",0,200,24.9333333333333,448.333333333333,0,200,40,3576,25,35.5909080505371,347.251098632812,185.980407714844,231.859653303287,160,33819,25,5.08760023117065,28.6744003295898,19.3124198913574,14.9033707775474
"952","RAJIFORMES","RAJIDAE","Rajella","annandalei","Rajella annandalei",397,827,535.555555555556,1644.66666666667,397,827,1,12,12,75.9186782836914,129.640609741211,34.2443542480469,109.468728383382,5,94,12,4.86559009552002,10.4872093200684,2.16889953613281,7.68678192889437
"953","RAJIFORMES","RAJIDAE","Rajella","barnardi","Rajella barnardi",100,1700,535.555555555556,1644.66666666667,100,1700,68,4643,41,0,235.323471069336,181.580764770508,137.921400271483,274,31387,41,1.26030004024506,19.6406898498535,14.1803092956543,8.86702179286632
"954","RAJIFORMES","RAJIDAE","Rajella","bathyphila","Rajella bathyphila",600,2300,535.555555555556,1644.66666666667,600,2300,28,8361,32,116.391983032227,336.717315673828,67.3380584716797,269.81093127932,110,86056,32,-2.0998101234436,10.6620998382568,7.23921012878418,4.32327781798413
"955","RAJIFORMES","RAJIDAE","Rajella","bigelowi","Rajella bigelowi",625,4155,535.555555555556,1644.66666666667,625,4155,63,19763,51,50.4397163391113,336.717315673828,87.8177642822266,242.967859119851,255,145896,51,-2.09999990463257,13.157790184021,7.23921012878418,4.81307273852591
"956","RAJIFORMES","RAJIDAE","Rajella","caudaspinosa","Rajella caudaspinosa",100,1100,535.555555555556,1644.66666666667,100,1100,11,707,29,43.394474029541,230.367416381836,112.062217712402,195.060850917703,43,5490,29,1.26030004024506,21.3239097595215,16.9258003234863,10.1091593063594
"957","RAJIFORMES","RAJIDAE","Rajella","challengeri","Rajella challengeri",860,1500,535.555555555556,1644.66666666667,860,1500,12,555,14,150.870529174805,226.605728149414,51.5863494873047,178.160335176485,46,6089,14,2.52419996261597,6.77550983428955,1.15948009490967,4.09371815614266
"958","RAJIFORMES","RAJIDAE","Rajella","dissimilis","Rajella dissimilis",400,1640,535.555555555556,1644.66666666667,400,1640,97,3183,28,13.9230327606201,305.518249511719,95.6408843994141,161.159442151975,390,20337,28,-1.97109997272491,13.6322002410889,7.23921012878418,6.42862932128078
"959","RAJIFORMES","RAJIDAE","Rajella","eisenhardti","Rajella eisenhardti",757,907,535.555555555556,1644.66666666667,757,907,1,0,4,Inf,-Inf,-Inf,NA,2,0,4,Inf,-Inf,-Inf,NA
"960","RAJIFORMES","RAJIDAE","Rajella","fuliginea","Rajella fuliginea",730,1280,535.555555555556,1644.66666666667,730,1280,20,1739,12,43.2547721862793,265.352111816406,116.775840759277,174.374684132537,81,10882,12,4.16700983047485,11.7197999954224,2.4417200088501,5.44730296123556
"961","RAJIFORMES","RAJIDAE","Rajella","fyllae","Rajella fyllae",150,2050,535.555555555556,1644.66666666667,150,2050,40,24670,45,92.7306060791016,366.372344970703,196.798049926758,277.915451117223,156,281810,45,-2.09999990463257,13.8391904830933,10.309009552002,3.51773895707962
"962","RAJIFORMES","RAJIDAE","Rajella","kukujevi","Rajella kukujevi",750,2190,535.555555555556,1644.66666666667,750,2190,48,5042,28,61.0466117858887,336.717315673828,87.8177642822266,240.272404214873,191,35910,28,-2.09999990463257,12.6717090606689,7.23921012878418,5.24624462758945
"963","RAJIFORMES","RAJIDAE","Rajella","leoparda","Rajella leoparda",130,1920,535.555555555556,1644.66666666667,130,1920,58,4474,44,0,230.367416381836,181.580764770508,137.437197713379,234,32429,44,1.26030004024506,18.7469005584717,14.6911191940308,8.01716774193496
"964","RAJIFORMES","RAJIDAE","Rajella","lintea","Rajella lintea",196,635,535.555555555556,1644.66666666667,196,635,26,5831,16,204.747802734375,337.5009765625,53.875,285.440233359143,105,66001,16,-2.09999990463257,10.9683904647827,6.55468988418579,4.88508497639352
"965","RAJIFORMES","RAJIDAE","Rajella","nigerrima","Rajella nigerrima",590,1295,535.555555555556,1644.66666666667,590,1295,58,881,15,0,298.747894287109,81.5785522460938,120.702566760623,233,4731,15,2.65880990028381,7.5991997718811,1.45941019058228,4.43321463084579
"966","RAJIFORMES","RAJIDAE","Rajella","paucispinosa","Rajella paucispinosa",1230,1260,535.555555555556,1644.66666666667,1230,1260,1,0,1,Inf,-Inf,-Inf,NA,6,2,1,3.91129994392395,4.59638977050781,0.685089826583862,4.26171016693115
"967","RAJIFORMES","RAJIDAE","Rajella","purpuriventralis","Rajella purpuriventralis",730,2010,535.555555555556,1644.66666666667,730,2010,19,130,26,73.6685943603516,222.742263793945,90.0562744140625,191.680670166016,78,899,26,4.11400985717773,6.93288993835449,0.895699977874756,4.84910836447863
"968","RAJIFORMES","RAJIDAE","Rajella","ravidula","Rajella ravidula",495,1475,535.555555555556,1644.66666666667,495,1475,66,656,20,27.8850708007812,230.367416381836,85.429801940918,153.195863200397,265,3339,20,2.7430100440979,11.9098091125488,1.44531965255737,5.22206793227
"969","RAJIFORMES","RAJIDAE","Rajella","sadowskii","Rajella sadowskii",800,1360,535.555555555556,1644.66666666667,800,1360,9,58,12,161.904800415039,250.03352355957,86.0453796386719,202.271580926303,36,542,12,3.12559008598328,5.81019020080566,1.18269968032837,3.95089083140187
"970","RHINOPRISTIFORMES","RHINIDAE","Rhina","ancylostomus","Rhina ancylostomus",0,70,0,70,0,70,73,9840,15,0,353.762603759766,294.577453613281,192.93599166056,293,96132,15,-1.0037100315094,35.6816902160645,27.6921100616455,25.8425348257744
"971","ORECTOLOBIFORMES","RHINCODONTIDAE","Rhincodon","typus","Rhincodon typus",0,1928,0,1928,0,1928,84,900640,66,0,380.169738769531,374.896881103516,143.307110060673,339,14250904,66,0.793610036373138,35.6816902160645,28.8861103057861,13.2870817289305
"972","RHINOPRISTIFORMES","RHINOBATIDAE","Rhinobatos","albomaculatus","Rhinobatos albomaculatus",0,132,30.8888888888889,133.722222222222,0,132,38,1161,22,13.9230327606201,245.930160522461,194.866714477539,140.483395690655,154,6329,22,4.06499004364014,29.596809387207,24.3698196411133,21.4541826227073
"973","RHINOPRISTIFORMES","RHINOBATIDAE","Rhinobatos","annandalei","Rhinobatos annandalei",5,73,30.8888888888889,133.722222222222,5,73,21,894,15,0,306.709228515625,294.577453613281,155.562089390936,85,7137,15,4.23759984970093,32.5030899047852,25.7143993377686,26.5431029095409
"974","RHINOPRISTIFORMES","RHINOBATIDAE","Rhinobatos","austini","Rhinobatos austini",0,107,30.8888888888889,133.722222222222,0,107,11,92,21,114.356002807617,250.449096679688,117.236862182617,202.380849921185,46,1088,21,4.97769021987915,28.6833095550537,21.286319732666,23.4384360050454
"975","RHINOPRISTIFORMES","RHINOBATIDAE","Rhinobatos","borneensis","Rhinobatos borneensis",0,100,30.8888888888889,133.722222222222,0,100,8,378,21,38.3578300476074,231.067138671875,182.746170043945,181.202258054542,29,3321,21,2.65948987007141,30.6403007507324,27.2397994995117,26.7618569124538
"976","RHINOPRISTIFORMES","RHINOBATIDAE","Rhinobatos","holcorhynchus","Rhinobatos holcorhynchus",75,350,30.8888888888889,133.722222222222,75,350,30,200,16,11.3436012268066,230.903106689453,190.693923950195,176.312851486206,120,2108,16,3.52368998527527,26.4238910675049,19.3063888549805,18.2324487262704
"977","RHINOPRISTIFORMES","RHINOBATIDAE","Rhinobatos","hynnicephalus","Rhinobatos hynnicephalus",20,100,30.8888888888889,133.722222222222,20,100,20,583,17,67.9065093994141,245.7158203125,160.453018188477,207.553901554585,78,4282,17,2.41770005226135,28.9726009368896,20.6949100494385,21.9521038533371
"978","RHINOPRISTIFORMES","RHINOBATIDAE","Rhinobatos","irvinei","Rhinobatos irvinei",0,49,30.8888888888889,133.722222222222,0,49,44,625,11,13.9230327606201,264.630615234375,194.866714477539,179.223747888184,179,3931,11,4.53710985183716,29.596809387207,24.2451000213623,22.5842519023588
"979","RHINOPRISTIFORMES","RHINOBATIDAE","Rhinobatos","jimbaranensis","Rhinobatos jimbaranensis",1,60,30.8888888888889,133.722222222222,1,60,14,22,13,171.557342529297,208.443023681641,36.8856811523438,171.070808410645,55,314,13,4.53301000595093,30.2847003936768,24.3690891265869,28.5241147120287
"980","RHINOPRISTIFORMES","RHINOBATIDAE","Rhinobatos","lionotus","Rhinobatos lionotus",0,73,30.8888888888889,133.722222222222,0,73,17,323,16,0,233.070434570312,232.484375,159.39392218575,68,2536,16,4.2372899055481,30.8761100769043,25.7143993377686,27.5729611153106
"981","RHINOPRISTIFORMES","RHINOBATIDAE","Rhinobatos","manai","Rhinobatos manai",191,290,30.8888888888889,133.722222222222,191,290,1,0,5,Inf,-Inf,-Inf,NA,2,10,5,11.8222999572754,20.5103092193604,2.57511901855469,15.2257809638977
"982","RHINOPRISTIFORMES","RHINOBATIDAE","Rhinobatos","nudidorsalis","Rhinobatos nudidorsalis",125,125,30.8888888888889,133.722222222222,125,125,1,0,1,Inf,-Inf,-Inf,NA,4,0,1,Inf,-Inf,-Inf,NA
"983","RHINOPRISTIFORMES","RHINOBATIDAE","Rhinobatos","penggali","Rhinobatos penggali",0,60,30.8888888888889,133.722222222222,0,60,2,39,13,29.2670936584473,221.084289550781,172.838287353516,183.983087392954,8,304,13,7.64109992980957,30.0221099853516,21.5903987884521,27.1296861485431
"984","RHINOPRISTIFORMES","RHINOBATIDAE","Rhinobatos","punctifer","Rhinobatos punctifer",0,70,30.8888888888889,133.722222222222,0,70,21,1260,15,0,306.709228515625,294.577453613281,171.536201253013,80,22057,15,3.93238997459412,35.6816902160645,27.8520107269287,25.5454047054718
"985","RHINOPRISTIFORMES","RHINOBATIDAE","Rhinobatos","ranongensis","Rhinobatos ranongensis",68,108,30.8888888888889,133.722222222222,68,108,2,14,7,Inf,-Inf,-Inf,109.872895377023,7,27,7,Inf,-Inf,-Inf,23.5215976149948
"986","RHINOPRISTIFORMES","RHINOBATIDAE","Rhinobatos","rhinobatos","Rhinobatos rhinobatos",0,180,30.8888888888889,133.722222222222,0,180,63,4849,24,13.9230327606201,283.884948730469,194.866714477539,202.202788554558,251,37056,24,3.94918990135193,29.596809387207,24.3698196411133,17.6190288126572
"987","RHINOPRISTIFORMES","RHINOBATIDAE","Rhinobatos","sainsburyi","Rhinobatos sainsburyi",70,200,30.8888888888889,133.722222222222,70,200,12,379,11,65.0345077514648,208.031204223633,140.843475341797,162.178764947172,48,3275,11,5.58611011505127,27.5917091369629,21.8049812316895,24.8757184065025
"988","RHINOPRISTIFORMES","RHINOBATIDAE","Rhinobatos","schlegelii","Rhinobatos schlegelii",1,230,30.8888888888889,133.722222222222,1,230,20,1521,26,48.5968208312988,324.776977539062,182.449462890625,220.32326792981,79,15745,26,0.149309992790222,29.5005912780762,26.4311981201172,18.0555281730333
"989","RHINOPRISTIFORMES","RHINOBATIDAE","Rhinobatos","whitei","Rhinobatos whitei",0,100,30.8888888888889,133.722222222222,0,100,5,85,21,22.7408351898193,218.444198608398,182.00114440918,177.267198899213,18,1292,21,4.150710105896,30.7677001953125,26.0047912597656,26.8554497857581
"990","CHIMAERIFORMES","RHINOCHIMAERIDAE","Rhinochimaera","africana","Rhinochimaera africana",430,1450,340.333333333333,1513.33333333333,430,1450,82,2578,23,0,277.147796630859,93.5173568725586,113.83719935456,328,17415,23,0.102200001478195,16.0535907745361,4.27660989761353,5.89250643243059
"991","CHIMAERIFORMES","RHINOCHIMAERIDAE","Rhinochimaera","atlantica","Rhinochimaera atlantica",400,1800,340.333333333333,1513.33333333333,400,1800,106,7974,31,24.4695949554443,336.93701171875,103.102127075195,222.948788784248,424,57063,31,-2.09999990463257,16.2546901702881,7.23921012878418,5.66624425751133
"992","CHIMAERIFORMES","RHINOCHIMAERIDAE","Rhinochimaera","pacifica","Rhinochimaera pacifica",191,1290,340.333333333333,1513.33333333333,191,1290,103,6289,29,0,411.553894042969,181.225341796875,193.70698332525,410,46012,29,-0.821900010108948,21.2309913635254,4.07281970977783,8.04835749874339
"993","MYLIOBATIFORMES","RHINOPTERIDAE","Rhinoptera","bonasus","Rhinoptera bonasus",0,60,0,56.4285714285714,0,60,79,2148,13,83.9925003051758,331.996704101562,132.386535644531,205.830502664577,315,22163,13,1.70748996734619,30.3610897064209,25.2359008789062,24.1123177569002
"994","MYLIOBATIFORMES","RHINOPTERIDAE","Rhinoptera","brasiliensis","Rhinoptera brasiliensis",0,20,0,56.4285714285714,0,20,65,625,5,95.7942657470703,275.190368652344,127.939468383789,201.238158447266,258,5706,5,3.53899002075195,30.3610897064209,24.9090194702148,26.282691000555
"995","MYLIOBATIFORMES","RHINOPTERIDAE","Rhinoptera","javanica","Rhinoptera javanica",0,50,0,56.4285714285714,0,50,39,3377,11,0,306.709228515625,294.577453613281,189.450530061504,156,31978,11,2.69498991966248,33.4570999145508,27.2327899932861,27.8433196210184
"996","MYLIOBATIFORMES","RHINOPTERIDAE","Rhinoptera","jayakari","Rhinoptera jayakari",0,50,0,56.4285714285714,0,50,58,4735,11,0,306.709228515625,294.577453613281,191.428653074947,231,43166,11,2.62009000778198,35.6816902160645,27.2397994995117,27.3951235699023
"997","MYLIOBATIFORMES","RHINOPTERIDAE","Rhinoptera","marginata","Rhinoptera marginata",0,100,0,56.4285714285714,0,100,55,3458,21,13.9230327606201,281.619110107422,194.866714477539,207.88532609206,220,25178,21,4.06499004364014,29.596809387207,24.25,18.0172960583406
"998","MYLIOBATIFORMES","RHINOPTERIDAE","Rhinoptera","neglecta","Rhinoptera neglecta",0,50,0,56.4285714285714,0,50,23,383,11,147.058517456055,227.700988769531,72.1532897949219,202.503442151739,92,5274,11,2.94091010093689,32.3907127380371,25.7267799377441,25.331140264671
"999","MYLIOBATIFORMES","RHINOPTERIDAE","Rhinoptera","steindachneri","Rhinoptera steindachneri",0,65,0,56.4285714285714,0,65,39,725,14,0,276.905914306641,275.307464599609,159.323134461765,155,4492,14,3.0428900718689,34.0424880981445,26.0893001556396,21.7125502392743
"1000","RAJIFORMES","ARHYNCHOBATIDAE","Rhinoraja","kujiensis","Rhinoraja kujiensis",450,1000,350,956.666666666667,450,1000,22,436,13,10.1551532745361,207.113754272461,142.135879516602,91.8636572251626,87,2702,13,0.517410039901733,12.4872999191284,3.01700019836426,4.41221800475188
"1001","RAJIFORMES","ARHYNCHOBATIDAE","Rhinoraja","longicauda","Rhinoraja longicauda",300,1000,350,956.666666666667,300,1000,11,179,19,32.8640098571777,246.248275756836,96.9418029785156,114.849710837423,42,1091,19,0.489600002765656,12.1127901077271,3.01638031005859,3.3378091127254
"1002","RAJIFORMES","ARHYNCHOBATIDAE","Rhinoraja","odai","Rhinoraja odai",300,870,350,956.666666666667,300,870,4,65,16,60.1956176757812,185.087905883789,39.2458953857422,126.464399953989,15,615,16,2.40130996704102,15.6926002502441,3.01638031005859,8.05873785018921
"1003","CARCHARHINIFORMES","CARCHARHINIDAE","Rhizoprionodon","acutus","Rhizoprionodon acutus",1,200,0.571428571428571,196.428571428571,1,200,73,17523,25,0,308.073760986328,294.577453613281,170.920022610666,291,168691,25,0.793610036373138,35.6816902160645,28.7154903411865,25.3714552012721
"1004","CARCHARHINIFORMES","CARCHARHINIDAE","Rhizoprionodon","lalandii","Rhizoprionodon lalandii",3,149,0.571428571428571,196.428571428571,3,149,41,1417,22,91.0596389770508,265.754669189453,124.469367980957,194.806794052824,161,12531,22,3.3622899055481,29.5067901611328,24.7175807952881,25.4647808193675
"1005","CARCHARHINIFORMES","CARCHARHINIDAE","Rhizoprionodon","longurio","Rhizoprionodon longurio",0,100,0.571428571428571,196.428571428571,0,100,49,1019,21,0,276.905914306641,275.307464599609,137.658443405537,199,4200,21,2.82251000404358,33.4674110412598,22.3255195617676,19.7416245351519
"1006","CARCHARHINIFORMES","CARCHARHINIDAE","Rhizoprionodon","oligolinx","Rhizoprionodon oligolinx",0,36,0.571428571428571,196.428571428571,0,36,39,1778,8,0,306.709228515625,294.577453613281,192.22991997855,155,16908,8,2.58419990539551,35.6816902160645,26.034309387207,27.7709705283068
"1007","CARCHARHINIFORMES","CARCHARHINIDAE","Rhizoprionodon","porosus","Rhizoprionodon porosus",0,500,0.571428571428571,196.428571428571,0,500,65,7263,37,45.1946258544922,316.177612304688,158.959518432617,186.280771653875,259,60000,37,3.3622899055481,30.8931903839111,25.6891002655029,22.3417078900973
"1008","CARCHARHINIFORMES","CARCHARHINIDAE","Rhizoprionodon","taylori","Rhizoprionodon taylori",0,110,0.571428571428571,196.428571428571,0,110,21,2465,21,58.7150726318359,245.091888427734,154.507476806641,193.624295895095,84,29963,21,2.77129006385803,32.3907127380371,26.4067096710205,26.2242870978837
"1009","CARCHARHINIFORMES","CARCHARHINIDAE","Rhizoprionodon","terraenovae","Rhizoprionodon terraenovae",0,280,0.571428571428571,196.428571428571,0,280,31,2707,28,48.1606941223145,356.724487304688,206.558822631836,211.181648457319,124,30033,28,-0.832210004329681,30.3610897064209,25.2388191223145,16.3145076737575
"1010","RHINOPRISTIFORMES","RHINIDAE","Rhynchobatus","australiae","Rhynchobatus australiae",0,60,5.14285714285714,82.1428571428571,0,60,60,8603,13,0,306.709228515625,294.577453613281,190.269747691391,242,77112,13,2.62009000778198,35.6816902160645,27.3097915649414,27.3638851532292
"1011","RHINOPRISTIFORMES","RHINIDAE","Rhynchobatus","cooki","Rhynchobatus cooki",NA,NA,5.14285714285714,82.1428571428571,5.14285714285714,82.1428571428571,7,4,16,Inf,-Inf,-Inf,182.279235839844,31,100,16,Inf,-Inf,-Inf,28.7621215057373
"1012","RHINOPRISTIFORMES","RHINIDAE","Rhynchobatus","djiddensis","Rhynchobatus djiddensis",0,70,5.14285714285714,82.1428571428571,0,70,65,1041,15,0,306.709228515625,294.577453613281,189.692800303816,259,10897,15,4.45598983764648,35.6816902160645,26.0657005310059,25.4970447897878
"1013","RHINOPRISTIFORMES","RHINIDAE","Rhynchobatus","immaculatus","Rhynchobatus immaculatus",NA,NA,5.14285714285714,82.1428571428571,5.14285714285714,82.1428571428571,2,43,16,Inf,-Inf,-Inf,195.597183227539,6,484,16,10.100209236145,28.5925998687744,17.4584999084473,22.636798870465
"1014","RHINOPRISTIFORMES","RHINIDAE","Rhynchobatus","laevis","Rhynchobatus laevis",0,60,5.14285714285714,82.1428571428571,0,60,38,1167,13,0,306.709228515625,294.577453613281,180.565143934967,153,10015,13,6.06371021270752,35.6816902160645,24.0705986022949,26.2031609449991
"1015","RHINOPRISTIFORMES","RHINIDAE","Rhynchobatus","luebberti","Rhynchobatus luebberti",0,35,5.14285714285714,82.1428571428571,0,35,27,322,8,36.0399932861328,245.930160522461,194.866714477539,187.625994048504,110,2151,8,4.53710985183716,29.596809387207,24.2451000213623,24.8267979393555
"1016","RHINOPRISTIFORMES","RHINIDAE","Rhynchobatus","mononoke","Rhynchobatus mononoke",15,250,5.14285714285714,82.1428571428571,15,250,4,129,24,67.9065093994141,245.7158203125,160.453018188477,209.829331745473,15,1148,24,3.8515100479126,27.3223896026611,18.4466819763184,18.4281964800499
"1017","RHINOPRISTIFORMES","RHINIDAE","Rhynchobatus","palpebratus","Rhynchobatus palpebratus",5,60,5.14285714285714,82.1428571428571,5,60,49,1278,12,62.4092483520508,245.091888427734,144.549346923828,194.621253770282,196,11787,12,2.88591003417969,30.4912910461426,26.1765003204346,27.2451472733477
"1018","RHINOPRISTIFORMES","RHINIDAE","Rhynchobatus","springeri","Rhynchobatus springeri",16,40,5.14285714285714,82.1428571428571,16,40,28,545,6,18.6150932312012,227.166809082031,200.391845703125,191.00246584831,113,4151,6,2.80451011657715,30.7110996246338,26.75830078125,28.3889383570139
"1019","RAJIFORMES","ARHYNCHOBATIDAE","Rioraja","agassizii","Rioraja agassizii",5,600,5,600,5,600,24,1337,38,161.904800415039,323.918334960938,86.0453796386719,236.153704818007,94,16396,38,1.37190997600555,27.9792995452881,24.5368194580078,15.3491743400522
"1020","RAJIFORMES","RAJIDAE","Rostroraja","ackleyi","Rostroraja ackleyi",30,385,62.25,388.75,30,385,5,26,26,133.939041137695,171.73908996582,34.7508392333984,187.921390826886,19,292,26,6.06348991394043,29.0427913665771,21.240909576416,23.1364790968699
"1021","RAJIFORMES","RAJIDAE","Rostroraja","alba","Rostroraja alba",10,750,62.25,388.75,10,750,89,12457,40,0,283.695861816406,254.029251098633,186.865082465407,356,97300,40,-1.98351001739502,30.030590057373,25.9642200469971,15.7468133140713
"1022","RAJIFORMES","RAJIDAE","Rostroraja","bahamensis","Rostroraja bahamensis",366,411,62.25,388.75,366,411,2,0,2,Inf,-Inf,-Inf,NA,7,4,2,15.9186096191406,18.0043087005615,0.65679931640625,17.0680770874023
"1023","RAJIFORMES","RAJIDAE","Rostroraja","cervigoni","Rostroraja cervigoni",37,549,62.25,388.75,37,549,7,488,31,89.5451202392578,229.45783996582,107.777557373047,157.233851057584,27,2576,31,4.19919013977051,28.0955009460449,20.6665992736816,21.8818694814022
"1024","RAJIFORMES","RAJIDAE","Rostroraja","eglanteria","Rostroraja eglanteria",0,330,62.25,388.75,0,330,18,1437,30,107.797264099121,331.996704101562,156.048461914062,201.619885507688,71,13830,30,1.70748996734619,30.3610897064209,23.9193000793457,19.1883708990922
"1025","RAJIFORMES","RAJIDAE","Rostroraja","equatorialis","Rostroraja equatorialis",20,200,62.25,388.75,20,200,33,932,21,0,294.344696044922,290.384582519531,91.435301915003,133,6403,21,3.06551003456116,31.9575996398926,22.4288806915283,18.7123900287955
"1026","RAJIFORMES","RAJIDAE","Rostroraja","texana","Rostroraja texana",5,185,62.25,388.75,5,185,13,591,23,92.3088150024414,236.547866821289,124.572166442871,194.723803279767,49,4441,23,4.29660987854004,29.3298091888428,24.4456100463867,23.8433895929255
"1027","RAJIFORMES","RAJIDAE","Rostroraja","velezi","Rostroraja velezi",30,300,62.25,388.75,30,300,44,987,23,0,260.229736328125,248.73258972168,65.9084368691739,176,5562,23,3.00109004974365,30.1704902648926,20.1861915588379,17.0451089304499
"1028","CARCHARHINIFORMES","SCYLIORHINIDAE","Schroederichthys","bivius","Schroederichthys bivius",12,359,79.2,353.8,12,359,27,2850,29,0,348.658843994141,288.788452148438,265.396426714512,107,37087,29,0.873700022697449,24.934289932251,17.5564994812012,8.94750535082161
"1029","CARCHARHINIFORMES","SCYLIORHINIDAE","Schroederichthys","chilensis","Schroederichthys chilensis",0,50,79.2,353.8,0,50,31,165,11,0,298.174011230469,288.788452148438,202.523546091716,126,833,11,3.79908990859985,23.129508972168,17.6175804138184,13.1559132991576
"1030","CARCHARHINIFORMES","SCYLIORHINIDAE","Schroederichthys","maculatus","Schroederichthys maculatus",190,410,79.2,353.8,190,410,8,99,9,84.9099502563477,178.230987548828,68.3378677368164,136.355834421485,33,476,9,8.02749061584473,20.8777103424072,2.96389007568359,14.2831627060385
"1031","CARCHARHINIFORMES","SCYLIORHINIDAE","Schroederichthys","saurisqualus","Schroederichthys saurisqualus",122,500,79.2,353.8,122,500,9,103,16,169.582290649414,245.003372192383,58.2538299560547,214.428229915286,34,912,16,3.1773099899292,19.3039093017578,16.1085186004639,15.0461649141814
"1032","CARCHARHINIFORMES","SCYLIORHINIDAE","Schroederichthys","tenuis","Schroederichthys tenuis",72,450,79.2,353.8,72,450,9,201,21,112.125,246.431869506836,118.937431335449,170.202746794591,36,1744,21,4.25090980529785,27.6741104125977,22.7616004943848,19.580095760866
"1033","RAJIFORMES","ANACANTHOBATIDAE","Schroederobatis","americana","Schroederobatis americana",183,915,183,915,183,915,14,758,22,48.1606941223145,236.782333374023,116.775840759277,136.427768616689,57,5550,22,4.27441024780273,22.3773899078369,3.45988178253174,11.3034743107976
"1034","CARCHARHINIFORMES","CARCHARHINIDAE","Scoliodon","laticaudus","Scoliodon laticaudus",10,75,5,62.5,10,75,20,1012,14,0,228.377075195312,228.377075195312,153.80608163238,79,8152,14,4.23759984970093,30.5971908569336,25.6907806396484,26.8223758506588
"1035","CARCHARHINIFORMES","CARCHARHINIDAE","Scoliodon","macrorhynchos","Scoliodon macrorhynchos",0,50,5,62.5,0,50,50,3036,11,22.7408351898193,353.762603759766,240.769912719727,203.68435764941,200,30051,11,-1.0037100315094,32.111988067627,27.6921100616455,25.2365074507119
"1036","CARCHARHINIFORMES","SCYLIORHINIDAE","Scyliorhinus","boa","Scyliorhinus boa",200,700,132.466666666667,546.133333333333,200,700,28,1287,17,77.9493637084961,213.411499023438,95.4452133178711,146.631848599805,114,8349,17,4.67940998077393,23.3214912414551,4.28331851959229,12.4400662215317
"1037","CARCHARHINIFORMES","SCYLIORHINIDAE","Scyliorhinus","cabofriensis","Scyliorhinus cabofriensis",200,536,132.466666666667,546.133333333333,200,536,2,14,14,183.160797119141,229.195495605469,34.4073638916016,204.822056361607,8,66,14,8.26830005645752,17.6192092895508,1.74901866912842,13.3942073908719
"1038","CARCHARHINIFORMES","SCYLIORHINIDAE","Scyliorhinus","canicula","Scyliorhinus canicula",0,800,132.466666666667,546.133333333333,0,800,54,12500,43,35.5909080505371,393.683929443359,185.980407714844,234.483925632629,218,136555,43,-2.0998101234436,44.2368125915527,37.5705108642578,12.7983151774939
"1039","CARCHARHINIFORMES","SCYLIORHINIDAE","Scyliorhinus","capensis","Scyliorhinus capensis",26,695,132.466666666667,546.133333333333,26,695,14,1117,36,0,270.492401123047,232.198364257812,192.729026514393,56,11531,36,1.26030004024506,22.8171901702881,14.2227907180786,12.7304278572335
"1040","CARCHARHINIFORMES","SCYLIORHINIDAE","Scyliorhinus","cervigoni","Scyliorhinus cervigoni",45,500,132.466666666667,546.133333333333,45,500,38,1503,28,13.9230327606201,230.32600402832,181.580764770508,88.4722644173932,152,6887,28,3.89408993721008,26.1236991882324,18.4434089660645,15.2713830099581
"1041","CARCHARHINIFORMES","SCYLIORHINIDAE","Scyliorhinus","comoroensis","Scyliorhinus comoroensis",200,400,132.466666666667,546.133333333333,200,400,2,27,9,135.609405517578,191.807266235352,25.7843017578125,163.872364750615,5,96,9,11.2625904083252,20.8432903289795,2.52670097351074,14.885678033034
"1042","CARCHARHINIFORMES","SCYLIORHINIDAE","Scyliorhinus","hachijoensis","Scyliorhinus hachijoensis",100,650,132.466666666667,546.133333333333,100,650,4,60,20,61.9562873840332,223.115661621094,155.076141357422,168.928617223104,14,397,20,2.46448993682861,22.3855895996094,18.676700592041,14.1279978764147
"1043","CARCHARHINIFORMES","SCYLIORHINIDAE","Scyliorhinus","haeckelii","Scyliorhinus haeckelii",37,402,132.466666666667,546.133333333333,37,402,29,1290,26,152.121383666992,305.77001953125,88.4097137451172,221.735401100336,116,12566,26,1.37190997600555,28.2059001922607,22.5122909545898,16.1634376315048
"1044","CARCHARHINIFORMES","SCYLIORHINIDAE","Scyliorhinus","hesperius","Scyliorhinus hesperius",274,457,132.466666666667,546.133333333333,274,457,9,144,8,84.9099502563477,164.212554931641,68.3378677368164,126.822062068515,35,711,8,7.21401023864746,16.9881000518799,2.96389007568359,12.0346537105812
"1045","CARCHARHINIFORMES","SCYLIORHINIDAE","Scyliorhinus","meadi","Scyliorhinus meadi",329,548,132.466666666667,546.133333333333,329,548,12,210,9,114.978820800781,206.885009765625,58.2479400634766,169.323899441674,51,1571,9,7.56299018859863,19.7364902496338,3.6923999786377,15.2780000582233
"1046","CARCHARHINIFORMES","SCYLIORHINIDAE","Scyliorhinus","retifer","Scyliorhinus retifer",73,754,132.466666666667,546.133333333333,73,754,25,1337,27,73.6685943603516,283.828369140625,159.30908203125,160.564926803692,97,11171,27,1.94220995903015,28.0249900817871,22.5563793182373,15.8821954214309
"1047","CARCHARHINIFORMES","SCYLIORHINIDAE","Scyliorhinus","stellaris","Scyliorhinus stellaris",0,380,132.466666666667,546.133333333333,0,380,32,6930,32,145.404205322266,393.683929443359,118.922119140625,242.419050917412,126,76972,32,-1.98351001739502,44.2368125915527,37.5705108642578,12.9924234343326
"1048","CARCHARHINIFORMES","SCYLIORHINIDAE","Scyliorhinus","torazame","Scyliorhinus torazame",0,320,132.466666666667,546.133333333333,0,320,13,1356,30,67.9065093994141,308.073760986328,160.453018188477,216.298555295376,52,18264,30,0.151510000228882,28.9787006378174,26.047119140625,18.6360797201835
"1049","CARCHARHINIFORMES","SCYLIORHINIDAE","Scyliorhinus","torrei","Scyliorhinus torrei",229,550,132.466666666667,546.133333333333,229,550,12,327,13,112.251045227051,209.268447875977,58.2479400634766,165.831855120644,51,2468,13,6.93509006500244,23.2018089294434,3.34950065612793,16.3863211039399
"1050","CARCHARHINIFORMES","SCYLIORHINIDAE","Scyliorhinus","ugoi","Scyliorhinus ugoi",274,500,132.466666666667,546.133333333333,274,500,19,100,10,122.60294342041,256.094573974609,115.460952758789,183.33917388916,74,553,10,6.48910999298096,15.5034999847412,1.77270030975342,11.0877863709793
"1051","CARCHARHINIFORMES","TRIAKIDAE","Scylliogaleus","quecketti","Scylliogaleus quecketti",0,73,0,73,0,73,7,80,16,121.349990844727,242.391494750977,102.539474487305,206.96445350647,28,439,16,4.97769021987915,27.2967910766602,21.286319732666,21.7232751607352
"1052","SQUALIFORMES","SOMNIOSIDAE","Scymnodalatias","albicauda","Scymnodalatias albicauda",140,512,152.5,448,140,512,41,2366,15,156.277053833008,329.165618896484,135.416534423828,250.947193323105,163,26854,15,-0.123909994959831,22.4172096252441,19.4717998504639,7.07998003816415
"1053","SQUALIFORMES","SOMNIOSIDAE","Scymnodalatias","garricki","Scymnodalatias garricki",300,580,152.5,448,300,580,6,22,11,194.061019897461,228.094650268555,8.94587707519531,210.57893371582,23,52,11,10.7518901824951,15.0542097091675,1.10671901702881,12.9675936882312
"1054","SQUALIFORMES","SOMNIOSIDAE","Scymnodalatias","oligodon","Scymnodalatias oligodon",0,200,152.5,448,0,200,6,775,25,18.8820819854736,269.463714599609,222.157043457031,227.851590458039,22,7525,25,2.77540993690491,23.6588897705078,20.701681137085,19.4570651706429
"1055","SQUALIFORMES","SOMNIOSIDAE","Scymnodalatias","sherwoodi","Scymnodalatias sherwoodi",170,500,152.5,448,170,500,9,1189,14,195.408920288086,295.471435546875,54.3597717285156,260.762979621342,38,14949,14,4.55171012878418,12.4179096221924,2.35679006576538,8.72547363879266
"1056","SQUALIFORMES","SOMNIOSIDAE","Scymnodon","ichiharai","Scymnodon ichiharai",450,830,343.75,1262.5,450,830,30,182,10,5.83431196212769,138.010147094727,33.5392837524414,34.0055309154175,121,1017,10,3.51431012153625,11.4421901702881,1.34978008270264,8.5349658234164
"1057","SQUALIFORMES","SOMNIOSIDAE","Scymnodon","plunketi","Scymnodon plunketi",180,1550,343.75,1262.5,180,1550,22,4670,35,148.346694946289,310.4794921875,60.9449462890625,218.650819164987,88,42567,35,2.52419996261597,18.4947090148926,3.22700977325439,8.11700500920389
"1058","SQUALIFORMES","SOMNIOSIDAE","Scymnodon","ringens","Scymnodon ringens",200,1600,343.75,1262.5,200,1600,104,3923,35,40.0082778930664,305.518249511719,87.8177642822266,197.330369951772,417,24775,35,-1.97109997272491,17.1532897949219,7.23921012878418,10.0513162348441
"1059","RAJIFORMES","ANACANTHOBATIDAE","Sinobatis","andamanensis","Sinobatis andamanensis",508,518,614.555555555556,982.777777777778,508,518,2,2,1,16.4279117584229,30.3139877319336,8.14559936523438,22.7866477966309,7,5,1,9.47150039672852,10.1560907363892,0.570990562438965,9.8025016784668
"1060","RAJIFORMES","ANACANTHOBATIDAE","Sinobatis","borneensis","Sinobatis borneensis",316,990,614.555555555556,982.777777777778,316,990,24,819,18,43.603385925293,199.854141235352,72.4559783935547,108.843483418335,97,4674,18,3.34039998054504,17.7796001434326,1.83430004119873,9.2534273324178
"1061","RAJIFORMES","ANACANTHOBATIDAE","Sinobatis","brevicauda","Sinobatis brevicauda",960,1130,614.555555555556,982.777777777778,960,1130,2,10,5,71.1855087280273,109.032371520996,22.8936233520508,89.2863342285156,8,50,5,4.91650009155273,6.37349987030029,0.714720249176025,5.69368641853332
"1062","RAJIFORMES","ANACANTHOBATIDAE","Sinobatis","bulbicauda","Sinobatis bulbicauda",150,1125,614.555555555556,982.777777777778,150,1125,20,1024,27,58.0806045532227,250.626770019531,119.972381591797,135.107294000685,80,9525,27,3.05400991439819,22.1276912689209,18.7744808197021,10.9730845444847
"1063","RAJIFORMES","ANACANTHOBATIDAE","Sinobatis","caerulea","Sinobatis caerulea",482,1168,614.555555555556,982.777777777778,482,1168,6,140,15,64.8516235351562,240.718215942383,80.8581161499023,154.270719364711,23,1129,15,3.89839005470276,9.96120929718018,1.50431966781616,6.58634962076841
"1064","RAJIFORMES","ANACANTHOBATIDAE","Sinobatis","filicauda","Sinobatis filicauda",606,880,614.555555555556,982.777777777778,606,880,7,12,7,152.746765136719,204.182754516602,19.0281829833984,180.252429962158,28,79,7,4.42800998687744,8.34260940551758,1.02660989761353,6.31249849705756
"1065","RAJIFORMES","ANACANTHOBATIDAE","Sinobatis","melanosoma","Sinobatis melanosoma",575,1100,614.555555555556,982.777777777778,575,1100,26,501,12,33.8722457885742,155.992126464844,67.8874816894531,89.5888914766902,103,3459,12,3.40198993682861,13.9327001571655,6.50878953933716,6.4376506797838
"1066","SQUALIFORMES","SOMNIOSIDAE","Somniosus","antarcticus","Somniosus antarcticus",245,1540,109,2017.8,245,1540,25,5978,32,1.68640184402466,348.658843994141,108.276062011719,215.927815303949,98,62362,32,0.873700022697449,15.9719095230103,6.14310026168823,6.21177701435708
"1067","SQUALIFORMES","SOMNIOSIDAE","Somniosus","longus","Somniosus longus",120,1160,109,2017.8,120,1160,84,2149,29,7.99049139022827,281.657623291016,195.878067016602,133.508538656204,336,20038,29,2.19699001312256,20.6978912353516,17.7832794189453,8.28753846432233
"1068","SQUALIFORMES","SOMNIOSIDAE","Somniosus","microcephalus","Somniosus microcephalus",0,2647,109,2017.8,0,2647,60,96874,73,92.7306060791016,459.997863769531,348.090118408203,291.302565896226,243,1269373,73,-2.09999990463257,29.8000907897949,25.0784187316895,3.24051335617068
"1069","SQUALIFORMES","SOMNIOSIDAE","Somniosus","pacificus","Somniosus pacificus",0,2008,109,2017.8,0,2008,60,46539,67,0,433.693145751953,383.843658447266,188.570269425567,239,425656,67,-2.09960985183716,29.5005912780762,26.5123100280762,4.15530866790756
"1070","SQUALIFORMES","SOMNIOSIDAE","Somniosus","rostratus","Somniosus rostratus",180,2734,109,2017.8,180,2734,34,7390,51,69.562255859375,273.343078613281,87.8177642822266,197.246050064231,136,66999,51,-1.98351001739502,26.0894088745117,12.7489099502563,11.9622986844306
"1071","CARCHARHINIFORMES","SPHYRNIDAE","Sphyrna","corona","Sphyrna corona",0,100,0.857142857142857,273.285714285714,0,100,50,1071,21,0,276.905914306641,257.555236816406,111.367779786291,200,7476,21,3.93931007385254,34.0424880981445,25.8135013580322,20.1551706357204
"1072","CARCHARHINIFORMES","SPHYRNIDAE","Sphyrna","lewini","Sphyrna lewini",0,1043,0.857142857142857,273.285714285714,0,1043,80,111841,48,0,380.169738769531,374.896881103516,152.982372168423,318,1533265,48,0.0596099980175495,35.6816902160645,28.8861103057861,18.0443201299964
"1073","CARCHARHINIFORMES","SPHYRNIDAE","Sphyrna","lewini","Sphyrna lewini",0,1043,0.857142857142857,273.285714285714,0,1043,80,111841,48,0,380.169738769531,374.896881103516,152.982372168423,318,1533265,48,0.0596099980175495,35.6816902160645,28.8861103057861,18.0443201299964
"1074","CARCHARHINIFORMES","SPHYRNIDAE","Sphyrna","media","Sphyrna media",0,100,0.857142857142857,273.285714285714,0,100,64,2813,21,0,276.905914306641,257.555236816406,166.970393683111,259,24664,21,3.3622899055481,34.0424880981445,25.8135013580322,23.6147590529172
"1075","CARCHARHINIFORMES","SPHYRNIDAE","Sphyrna","mokarran","Sphyrna mokarran",0,300,0.857142857142857,273.285714285714,0,300,82,76133,29,0,380.169738769531,374.896881103516,171.924489136159,327,1109633,29,-1.98351001739502,44.2368125915527,37.5705108642578,21.8211542983636
"1076","CARCHARHINIFORMES","SPHYRNIDAE","Sphyrna","tiburo","Sphyrna tiburo",0,90,0.857142857142857,273.285714285714,0,90,77,4476,19,0,345.120056152344,275.307464599609,189.432427183233,310,38710,19,1.70748996734619,34.0424880981445,25.8135013580322,23.3959230612797
"1077","CARCHARHINIFORMES","SPHYRNIDAE","Sphyrna","tudes","Sphyrna tudes",5,80,0.857142857142857,273.285714285714,5,80,50,1315,16,91.0596389770508,265.754669189453,124.469367980957,203.427704193927,200,13907,16,3.3622899055481,29.5067901611328,24.5577087402344,24.0431134578197
"1078","CARCHARHINIFORMES","SPHYRNIDAE","Sphyrna","zygaena","Sphyrna zygaena",1,200,0.857142857142857,273.285714285714,1,200,109,44816,25,0,399.958831787109,337.253845214844,205.984481365914,437,602121,25,-1.98351001739502,34.0424880981445,28.8861103057861,18.1961594557663
"1079","RAJIFORMES","RAJIDAE","Spiniraja","whitleyi","Spiniraja whitleyi",0,345,0,345,0,345,13,1278,31,150.870529174805,276.577301025391,111.624435424805,238.774898809633,50,13107,31,2.8680100440979,24.2720909118652,19.7959995269775,15.9122702931888
"1080","RAJIFORMES","ANACANTHOBATIDAE","Springeria","folirostris","Springeria folirostris",300,512,400.5,782,300,512,2,9,9,111.975700378418,131.919555664062,17.0590133666992,120.525297376845,8,80,9,7.84578990936279,12.8461904525757,1.46068096160889,10.3266957521439
"1081","RAJIFORMES","ANACANTHOBATIDAE","Springeria","longirostris","Springeria longirostris",501,1052,400.5,782,501,1052,13,331,12,111.975700378418,244.497314453125,94.3468933105469,154.282568018242,55,2179,12,4.50219011306763,18.3186092376709,3.06959962844849,9.38730630528878
"1082","SQUALIFORMES","DALATIIDAE","Squaliolus","aliae","Squaliolus aliae",150,2000,80,1900,150,2000,70,7296,45,21.2825050354004,232.80827331543,141.212341308594,118.98658998206,279,107409,45,2.34219002723694,28.92919921875,26.0080986022949,8.37046973039419
"1083","SQUALIFORMES","DALATIIDAE","Squaliolus","laticaudus","Squaliolus laticaudus",10,1800,80,1900,10,1800,88,12970,61,1.61206221580505,307.360290527344,228.485244750977,183.378529423498,350,98975,61,0.873700022697449,30.0129909515381,27.2917995452881,14.21538209688
"1084","SQUALIFORMES","SQUALIDAE","Squalus","acanthias","Squalus acanthias",0,1978,171.2,732.628571428571,0,1978,130,33091,67,0,459.997863769531,406.787078857422,240.945734571839,518,307540,67,-1.99431002140045,44.2368125915527,37.5705108642578,10.3612993535683
"1085","SQUALIFORMES","SQUALIDAE","Squalus","acutipinnis","Squalus acutipinnis",0,1500,171.2,732.628571428571,0,1500,15,208,57,124.107002258301,253.103286743164,94.9864883422852,201.263659917391,62,1493,57,3.07808995246887,28.0167999267578,24.6893005371094,15.642843549234
"1086","SQUALIFORMES","SQUALIDAE","Squalus","albicaudus","Squalus albicaudus",195,421,171.2,732.628571428571,195,421,14,120,10,163.215576171875,239.102416992188,50.3484649658203,201.913441721598,58,837,10,8.31690979003906,19.118200302124,2.92597961425781,13.7394578038151
"1087","SQUALIFORMES","SQUALIDAE","Squalus","albifrons","Squalus albifrons",131,450,171.2,732.628571428571,131,450,20,502,14,129.477142333984,219.965072631836,64.5004577636719,177.348983278313,80,7026,14,2.85720992088318,24.2735900878906,20.8524188995361,16.7601927634559
"1088","SQUALIFORMES","SQUALIDAE","Squalus","altipinnis","Squalus altipinnis",130,300,171.2,732.628571428571,130,300,38,806,8,27.8375759124756,224.526214599609,130.745910644531,129.737726490787,153,12088,8,2.57200002670288,30.5132102966309,27.0115203857422,15.8168465814237
"1089","SQUALIFORMES","SQUALIDAE","Squalus","bahiensis","Squalus bahiensis",599,599,171.2,732.628571428571,599,599,1,0,1,Inf,-Inf,-Inf,NA,1,1,1,6.60820007324219,7.6052098274231,0.997009754180908,7.15039014816284
"1090","SQUALIFORMES","SQUALIDAE","Squalus","bassi","Squalus bassi",159,591,171.2,732.628571428571,159,591,14,402,17,130.007385253906,231.884246826172,76.5247955322266,200.364643533431,56,2828,17,3.07808995246887,18.8349094390869,13.2411012649536,11.0493784444841
"1091","SQUALIFORMES","SQUALIDAE","Squalus","blainville","Squalus blainville",15,1500,171.2,732.628571428571,15,1500,81,18794,54,0,328.559692382812,328.077362060547,174.465099328409,322,158782,54,-1.98351001739502,44.2368125915527,37.5705108642578,13.9388646475906
"1092","SQUALIFORMES","SQUALIDAE","Squalus","boretzi","Squalus boretzi",100,525,171.2,732.628571428571,100,525,4,85,17,27.1468276977539,256.345794677734,227.034362792969,212.40268052045,15,197,17,2.39728999137878,18.1606903076172,14.6265802383423,12.3146355454692
"1093","SQUALIFORMES","SQUALIDAE","Squalus","brevirostris","Squalus brevirostris",40,342,171.2,732.628571428571,40,342,25,1435,23,22.7408351898193,232.492813110352,176.590637207031,194.701532361233,98,14314,23,2.41770005226135,29.0235900878906,23.5674896240234,20.3616884395999
"1094","SQUALIFORMES","SQUALIDAE","Squalus","bucephalus","Squalus bucephalus",448,880,171.2,732.628571428571,448,880,8,308,11,159.501129150391,218.840408325195,35.6376647949219,192.954160715078,34,3761,11,4.73109006881714,13.2209997177124,1.16730976104736,8.52083082536344
"1095","SQUALIFORMES","SQUALIDAE","Squalus","chloroculus","Squalus chloroculus",216,1360,171.2,732.628571428571,216,1360,12,1401,29,151.527496337891,269.666442871094,85.9756317138672,211.714438286617,49,17177,29,2.75578999519348,15.3745098114014,2.87430000305176,7.79953282270983
"1096","SQUALIFORMES","SQUALIDAE","Squalus","clarkae","Squalus clarkae",100,750,171.2,732.628571428571,100,750,29,3652,22,45.1946258544922,283.448547363281,127.939468383789,149.35815521399,113,26110,22,3.27508997917175,28.604190826416,23.5602989196777,15.2299525870349
"1097","SQUALIFORMES","SQUALIDAE","Squalus","crassispinus","Squalus crassispinus",180,300,171.2,732.628571428571,180,300,20,283,6,84.8311309814453,233.015121459961,104.350524902344,141.142888827374,80,4039,6,10.8963098526001,23.5592098236084,4.42980003356934,16.3144005357289
"1098","SQUALIFORMES","SQUALIDAE","Squalus","cubensis","Squalus cubensis",50,904,171.2,732.628571428571,50,904,81,5977,35,45.1946258544922,315.432342529297,158.959518432617,172.666296262136,321,39234,35,0.873700022697449,29.838809967041,23.5602989196777,17.8767694410104
"1099","SQUALIFORMES","SQUALIDAE","Squalus","edmundsi","Squalus edmundsi",204,850,171.2,732.628571428571,204,850,25,755,20,25.1599998474121,255.260375976562,104.350524902344,183.900017764868,104,7763,20,4.28899002075195,20.2869911193848,3.98858070373535,10.5290488843587
"1100","SQUALIFORMES","SQUALIDAE","Squalus","formosus","Squalus formosus",180,790,171.2,732.628571428571,180,790,11,112,20,69.9751968383789,209.941253662109,45.6954116821289,153.099040167672,47,765,20,2.63081002235413,20.8761100769043,2.37631893157959,11.0667190252566
"1101","SQUALIFORMES","SQUALIDAE","Squalus","grahami","Squalus grahami",148,504,171.2,732.628571428571,148,504,24,612,15,121.999786376953,217.569763183594,64.5004577636719,175.42502835841,95,8568,15,2.85018992424011,23.347900390625,20.4482097625732,15.6831297063026
"1102","SQUALIFORMES","SQUALIDAE","Squalus","griffini","Squalus griffini",15,668,171.2,732.628571428571,15,668,19,3653,37,150.186630249023,281.621612548828,110.417984008789,226.948630741515,73,41692,37,2.58820009231567,24.4922904968262,21.4398002624512,13.6606452792503
"1103","SQUALIFORMES","SQUALIDAE","Squalus","hawaiiensis","Squalus hawaiiensis",305,360,171.2,732.628571428571,305,360,1,0,3,Inf,-Inf,-Inf,NA,1,0,3,Inf,-Inf,-Inf,NA
"1104","SQUALIFORMES","SQUALIDAE","Squalus","hemipinnis","Squalus hemipinnis",40,500,171.2,732.628571428571,40,500,21,239,29,6.96156597137451,221.084289550781,193.834045410156,112.209299406746,84,2193,29,3.12670993804932,29.3306007385254,22.5735015869141,19.7489801451217
"1105","SQUALIFORMES","SQUALIDAE","Squalus","japonicus","Squalus japonicus",52,400,171.2,732.628571428571,52,400,19,966,23,61.9562873840332,295.989990234375,160.453018188477,202.926934417977,77,10885,23,-0.267110019922256,28.0932006835938,21.7674007415771,16.9266160792278
"1106","SQUALIFORMES","SQUALIDAE","Squalus","lalannei","Squalus lalannei",1000,1000,171.2,732.628571428571,1000,1000,1,1,1,82.5217971801758,92.3935699462891,9.87177276611328,85.9458999633789,2,2,1,5.94900989532471,6.22299003601074,0.272300243377686,6.1155948638916
"1107","SQUALIFORMES","SQUALIDAE","Squalus","lobularis","Squalus lobularis",NA,NA,171.2,732.628571428571,171.2,732.628571428571,9,37,19,179.909240722656,293.307434082031,98.8700256347656,237.007047086149,39,734,19,0.873700022697449,19.2337093353271,6.29458999633789,8.62835259398583
"1108","SQUALIFORMES","SQUALIDAE","Squalus","mahia","Squalus mahia",55,500,171.2,732.628571428571,55,500,48,519,26,9.0339527130127,244.369537353516,208.375381469727,174.805544241315,190,3171,26,3.07808995246887,27.8782005310059,19.6828002929688,17.9050069428212
"1109","SQUALIFORMES","SQUALIDAE","Squalus","margaretsmithae","Squalus margaretsmithae",55,460,171.2,732.628571428571,55,460,79,1412,24,0,257.128112792969,158.609466552734,182.578218643794,316,10910,24,1.86199998855591,19.6357002258301,13.6490097045898,12.7484487002099
"1110","SQUALIFORMES","SQUALIDAE","Squalus","megalops","Squalus megalops",0,580,171.2,732.628571428571,0,580,24,2574,39,64.8516235351562,276.577301025391,151.05451965332,227.674343681187,97,25876,39,2.67760992050171,29.3057098388672,24.3807907104492,17.8380979178106
"1111","SQUALIFORMES","SQUALIDAE","Squalus","melanurus","Squalus melanurus",34,790,171.2,732.628571428571,34,790,1,36,36,140.829940795898,221.656677246094,70.1316528320312,198.34880150689,2,203,36,2.93848991394043,26.0422096252441,18.4578189849854,17.918183047196
"1112","SQUALIFORMES","SQUALIDAE","Squalus","mitsukurii","Squalus mitsukurii",22,640,171.2,732.628571428571,22,640,28,2737,36,36.7078170776367,361.348327636719,279.307556152344,223.923597290519,111,30596,36,-0.267110019922256,29.2610092163086,23.6053810119629,13.4344197417898
"1113","SQUALIFORMES","SQUALIDAE","Squalus","montalbani","Squalus montalbani",154,1370,171.2,732.628571428571,154,1370,62,4864,32,25.1599998474121,255.260375976562,119.972381591797,145.353438693442,246,54661,32,2.47721004486084,28.92919921875,26.0080986022949,10.3663052520009
"1114","SQUALIFORMES","SQUALIDAE","Squalus","nasutus","Squalus nasutus",300,850,171.2,732.628571428571,300,850,51,848,16,25.1599998474121,255.260375976562,104.350524902344,145.947854046552,205,9647,16,4.45830011367798,16.6453990936279,2.89968204498291,8.84659572921418
"1115","SQUALIFORMES","SQUALIDAE","Squalus","notocaudatus","Squalus notocaudatus",225,454,171.2,732.628571428571,225,454,6,243,10,150.812622070312,188.654998779297,26.6701049804688,167.781712598761,24,3859,10,9.69790935516357,20.7846088409424,2.99870014190674,15.6780110757318
"1116","SQUALIFORMES","SQUALIDAE","Squalus","quasimodo","Squalus quasimodo",NA,NA,171.2,732.628571428571,171.2,732.628571428571,6,20,19,189.508117675781,260.095458984375,45.6607208251953,218.833813476563,22,524,19,4.31488990783691,19.2337093353271,3.35518980026245,12.9046790845522
"1117","SQUALIFORMES","SQUALIDAE","Squalus","rancureli","Squalus rancureli",320,400,171.2,732.628571428571,320,400,3,12,4,149.507583618164,181.772262573242,17.5462493896484,166.871332804362,14,115,4,11.0481996536255,16.7572898864746,1.82721996307373,14.0204529720804
"1118","SQUALIFORMES","SQUALIDAE","Squalus","raoulensis","Squalus raoulensis",210,500,171.2,732.628571428571,210,500,1,13,13,187.187393188477,215.269134521484,26.5980987548828,202.368141761193,3,117,13,9.45250988006592,16.9622097015381,0.989500045776367,13.0098763408824
"1119","SQUALIFORMES","SQUALIDAE","Squalus","shiraii","Squalus shiraii",310,390,171.2,732.628571428571,310,390,9,40,5,124.992599487305,219.057861328125,24.7161254882812,178.649153518677,36,192,5,7.97150993347168,17.5930099487305,1.59940052032471,14.1724982559681
"1120","SQUALIFORMES","SQUALIDAE","Squalus","suckleyi","Squalus suckleyi",0,1236,171.2,732.628571428571,0,1236,45,24983,52,0,433.582611083984,385.539733886719,203.689612326694,179,291293,52,-1.99990999698639,34.0424880981445,28.8861103057861,5.62146482684935
"1121","SQUATINIFORMES","SQUATINIDAE","Squatina","aculeata","Squatina aculeata",30,500,112.391304347826,412.521739130435,30,500,35,1707,31,30.7886943817139,267.384368896484,177.889175415039,188.398075374163,139,22258,31,4.02758979797363,28.0275096893311,18.2113189697266,15.4988627271818
"1122","SQUATINIFORMES","SQUATINIDAE","Squatina","aculeata","Squatina aculeata",30,500,112.391304347826,412.521739130435,30,500,35,1707,31,30.7886943817139,267.384368896484,177.889175415039,188.398075374163,139,22258,31,4.02758979797363,28.0275096893311,18.2113189697266,15.4988627271818
"1123","SQUATINIFORMES","SQUATINIDAE","Squatina","africana","Squatina africana",1,494,112.391304347826,412.521739130435,1,494,48,5781,37,1.61206221580505,250.449096679688,228.485244750977,166.45790438511,191,72361,37,2.8637900352478,31.8404998779297,26.4042091369629,20.315906300503
"1124","SQUATINIFORMES","SQUATINIDAE","Squatina","albipunctata","Squatina albipunctata",35,415,112.391304347826,412.521739130435,35,415,24,1921,27,123.617576599121,254.968383789062,76.3288421630859,193.977657161238,98,27253,27,2.81431007385254,28.2868099212646,21.3994789123535,20.3467607311654
"1125","SQUATINIFORMES","SQUATINIDAE","Squatina","argentina","Squatina argentina",51,320,112.391304347826,412.521739130435,51,320,12,464,20,169.369354248047,292.476654052734,92.7005004882812,223.712111834822,48,6586,20,2.35088992118835,24.7828102111816,18.0519905090332,16.9002143949352
"1126","SQUATINIFORMES","SQUATINIDAE","Squatina","armata","Squatina armata",0,400,112.391304347826,412.521739130435,0,400,63,1295,33,0,371.608825683594,288.788452148438,164.335682543825,251,9572,33,1.89309000968933,28.8221092224121,19.8169803619385,11.7215353649528
"1127","SQUATINIFORMES","SQUATINIDAE","Squatina","australis","Squatina australis",0,130,112.391304347826,412.521739130435,0,130,15,1846,22,142.027694702148,278.367736816406,116.805679321289,239.299889520085,59,22008,22,2.52419996261597,24.4784088134766,21.173189163208,16.3645907778256
"1128","SQUATINIFORMES","SQUATINIDAE","Squatina","californica","Squatina californica",0,100,112.391304347826,412.521739130435,0,100,35,1838,21,0,325.150268554688,298.189483642578,225.85650651992,139,24215,21,2.34080004692078,34.0424880981445,28.8861103057861,12.627031532349
"1129","SQUATINIFORMES","SQUATINIDAE","Squatina","david","Squatina david",100,326,112.391304347826,412.521739130435,100,326,8,552,10,88.5782012939453,264.620330810547,136.696548461914,143.041983728823,33,7101,10,3.9097900390625,26.5800094604492,21.8091201782227,16.5957144366706
"1130","SQUATINIFORMES","SQUATINIDAE","Squatina","dumeril","Squatina dumeril",0,1290,112.391304347826,412.521739130435,0,1290,25,6079,53,43.2547721862793,345.120056152344,166.804718017578,186.124404526949,97,75229,53,1.70748996734619,30.3610897064209,25.5298194885254,16.7542265715838
"1131","SQUATINIFORMES","SQUATINIDAE","Squatina","formosa","Squatina formosa",100,400,112.391304347826,412.521739130435,100,400,4,4,13,Inf,-Inf,-Inf,177.608448028564,16,287,13,2.66269993782043,24.1477909088135,19.9882907867432,16.2442026005389
"1132","SQUATINIFORMES","SQUATINIDAE","Squatina","guggenheim","Squatina guggenheim",10,80,112.391304347826,412.521739130435,10,80,19,707,15,181.609512329102,323.918334960938,64.4247741699219,243.006464870512,77,10627,15,1.37190997600555,26.2368087768555,17.0926990509033,15.1338163930272
"1133","SQUATINIFORMES","SQUATINIDAE","Squatina","japonica","Squatina japonica",10,352,112.391304347826,412.521739130435,10,352,24,2435,29,48.5968208312988,374.343811035156,182.449462890625,232.044739706365,93,29004,29,-0.267110019922256,29.2973003387451,26.3889083862305,15.7649891834985
"1134","SQUATINIFORMES","SQUATINIDAE","Squatina","leae","Squatina leae",100,500,112.391304347826,412.521739130435,100,500,24,76,17,7.45379447937012,176.657241821289,83.856819152832,59.3501475986682,99,312,17,3.5529899597168,25.9153900146484,18.6100997924805,14.880968051079
"1135","SQUATINIFORMES","SQUATINIDAE","Squatina","mapama","Squatina mapama",1190,1259,112.391304347826,412.521739130435,1190,1259,1,2,2,123.7275390625,226.326705932617,90.2611541748047,198.351234436035,1,2,2,4.26241016387939,4.66050004959106,0.341989994049072,4.507159948349
"1136","SQUATINIFORMES","SQUATINIDAE","Squatina","nebulosa","Squatina nebulosa",0,330,112.391304347826,412.521739130435,0,330,23,3034,30,48.5968208312988,354.029357910156,182.449462890625,227.537289882854,89,35047,30,-1.0037100315094,29.3906002044678,27.6921100616455,16.7567003937986
"1137","SQUATINIFORMES","SQUATINIDAE","Squatina","occulta","Squatina occulta",10,350,112.391304347826,412.521739130435,10,350,15,1096,29,161.904800415039,298.881591796875,107.396560668945,223.119573815896,61,15952,29,2.35088992118835,26.9263896942139,23.388599395752,18.3011257696594
"1138","SQUATINIFORMES","SQUATINIDAE","Squatina","oculata","Squatina oculata",10,500,112.391304347826,412.521739130435,10,500,42,2879,35,30.7886943817139,281.619110107422,182.73991394043,192.376348519996,167,38152,35,-1.74990999698639,44.2368125915527,37.5705108642578,16.273595398372
"1139","SQUATINIFORMES","SQUATINIDAE","Squatina","oculata","Squatina oculata",10,500,112.391304347826,412.521739130435,10,500,42,2879,35,30.7886943817139,281.619110107422,182.73991394043,192.376348519996,167,38152,35,-1.74990999698639,44.2368125915527,37.5705108642578,16.273595398372
"1140","SQUATINIFORMES","SQUATINIDAE","Squatina","oculata","Squatina oculata",10,500,112.391304347826,412.521739130435,10,500,42,2879,35,30.7886943817139,281.619110107422,182.73991394043,192.376348519996,167,38152,35,-1.74990999698639,44.2368125915527,37.5705108642578,16.273595398372
"1141","SQUATINIFORMES","SQUATINIDAE","Squatina","pseudocellata","Squatina pseudocellata",150,312,112.391304347826,412.521739130435,150,312,10,190,7,90.7105712890625,234.950805664062,104.350524902344,147.638328231008,42,2133,7,3.22639989852905,22.1276912689209,18.7744808197021,16.7219952638307
"1142","SQUATINIFORMES","SQUATINIDAE","Squatina","squatina","Squatina squatina",0,150,112.391304347826,412.521739130435,0,150,33,4616,23,92.0529174804688,347.251098632812,136.858932495117,240.974497707506,134,66823,23,-1.93681001663208,44.2368125915527,37.5705108642578,15.2629162215656
"1143","SQUATINIFORMES","SQUATINIDAE","Squatina","squatina","Squatina squatina",0,150,112.391304347826,412.521739130435,0,150,33,4616,23,92.0529174804688,347.251098632812,136.858932495117,240.974497707506,134,66823,23,-1.93681001663208,44.2368125915527,37.5705108642578,15.2629162215656
"1144","SQUATINIFORMES","SQUATINIDAE","Squatina","squatina","Squatina squatina",0,150,112.391304347826,412.521739130435,0,150,33,4616,23,92.0529174804688,347.251098632812,136.858932495117,240.974497707506,134,66823,23,-1.93681001663208,44.2368125915527,37.5705108642578,15.2629162215656
"1145","SQUATINIFORMES","SQUATINIDAE","Squatina","tergocellata","Squatina tergocellata",130,400,112.391304347826,412.521739130435,130,400,7,286,12,142.027694702148,269.795135498047,98.0187835693359,240.551730389362,29,2659,12,2.6816999912262,20.8599090576172,17.5660190582275,12.733635440452
"1146","SQUATINIFORMES","SQUATINIDAE","Squatina","tergocellatoides","Squatina tergocellatoides",100,300,112.391304347826,412.521739130435,100,300,22,37,9,77.5898971557617,202.750549316406,125.160652160645,166.41911315918,87,410,9,2.58419990539551,24.1477909088135,19.9882907867432,17.4504651139422
"1147","SQUATINIFORMES","SQUATINIDAE","Squatina","varii","Squatina varii",195,195,112.391304347826,412.521739130435,195,195,12,28,1,165.872314453125,220.065521240234,37.0408935546875,197.461790357317,48,401,1,14.8195905685425,20.5874099731445,2.97990989685059,17.8254348631214
"1148","ORECTOLOBIFORMES","STEGOSTOMIDAE","Stegostoma","tigrinum","Stegostoma tigrinum",0,90,0,90,0,90,74,15205,19,0,309.783233642578,294.577453613281,188.869748525422,294,120436,19,0.830699980258942,35.6816902160645,28.7154903411865,26.3169764626715
"1149","MYLIOBATIFORMES","POTAMOTRYGONIDAE","Styracura","pacifica","Styracura pacifica",0,30,0,40,0,30,17,105,7,0,247.032608032227,247.032608032227,177.264939589728,70,712,7,4.28778982162476,31.9606990814209,20.9975185394287,26.2858649371715
"1150","MYLIOBATIFORMES","POTAMOTRYGONIDAE","Styracura","schmardae","Styracura schmardae",0,50,0,40,0,50,28,1494,11,83.9925003051758,267.0380859375,132.386535644531,198.307627543867,109,11717,11,3.95860004425049,30.6297092437744,25.6891002655029,27.0248897811644
"1151","ORECTOLOBIFORMES","ORECTOLOBIDAE","Sutorectus","tentaculatus","Sutorectus tentaculatus",0,35,0,35,0,35,9,397,8,143.543640136719,269.795135498047,98.0187835693359,231.98499949573,37,5397,8,2.6816999912262,25.3441009521484,21.3031806945801,18.6012801406603
"1152","RAJIFORMES","ARHYNCHOBATIDAE","Sympterygia","acuta","Sympterygia acuta",0,188,3.25,217,0,188,18,864,25,181.609512329102,339.606658935547,104.093795776367,238.28772687912,75,11759,25,1.37190997600555,28.42799949646,18.2648086547852,15.8235949033052
"1153","RAJIFORMES","ARHYNCHOBATIDAE","Sympterygia","bonapartii","Sympterygia bonapartii",0,500,3.25,217,0,500,32,2439,37,161.904800415039,359.094543457031,149.261581420898,259.08317957554,129,32949,37,1.37190997600555,28.42799949646,21.9911003112793,11.7376608721797
"1154","RAJIFORMES","ARHYNCHOBATIDAE","Sympterygia","brevicaudata","Sympterygia brevicaudata",8,100,3.25,217,8,100,34,361,19,0,274.772125244141,266.020904541016,112.060738408334,138,2193,19,3.83691000938416,21.5389003753662,17.6245994567871,14.6130853410296
"1155","RAJIFORMES","ARHYNCHOBATIDAE","Sympterygia","lima","Sympterygia lima",5,80,3.25,217,5,80,24,160,16,0,274.772125244141,266.020904541016,171.9644320786,93,618,16,3.83691000938416,21.8796997070312,17.6175804138184,12.5197175436421
"1156","MYLIOBATIFORMES","DASYATIDAE","Taeniura","lessoni","Taeniura lessoni",0,18,0,34,0,18,16,265,5,96.8471145629883,213.843658447266,114.125373840332,197.937738497752,64,3772,5,2.75019001960754,30.3299007415771,27.283618927002,28.9292690559258
"1157","MYLIOBATIFORMES","DASYATIDAE","Taeniura","lymma","Taeniura lymma",0,50,0,34,0,50,62,6285,11,0,306.709228515625,294.577453613281,191.928581767056,244,53785,11,2.65948987007141,35.6816902160645,27.2397994995117,27.7820788875082
"1158","MYLIOBATIFORMES","DASYATIDAE","Taeniurops","grabatus","Taeniurops grabatus",0,450,0,475,0,450,62,5765,35,13.9230327606201,283.884948730469,194.866714477539,180.013345282655,250,34883,35,3.94918990135193,29.6420001983643,25.2221012115479,17.4460763650227
"1159","MYLIOBATIFORMES","DASYATIDAE","Taeniurops","meyeni","Taeniurops meyeni",0,500,0,475,0,500,73,24223,37,0,380.169738769531,374.896881103516,157.104712586721,291,208950,37,-1.0037100315094,35.6816902160645,28.7154903411865,23.0398355024766
"1160","MYLIOBATIFORMES","DASYATIDAE","Telatrygon","acutirostra","Telatrygon acutirostra",2,142,0.5,95.5,2,142,11,861,23,67.9065093994141,312.535888671875,160.453018188477,226.885504639523,43,10418,23,0.428189992904663,28.9780101776123,22.9946994781494,17.5259517344982
"1161","MYLIOBATIFORMES","DASYATIDAE","Telatrygon","biasa","Telatrygon biasa",0,90,0.5,95.5,0,90,23,2210,19,3.03169202804565,280.892303466797,240.769912719727,182.30932471504,89,24935,19,2.65948987007141,32.111988067627,27.2397994995117,27.990287404723
"1162","MYLIOBATIFORMES","DASYATIDAE","Telatrygon","crozieri","Telatrygon crozieri",0,50,0.5,95.5,0,50,16,406,11,0,233.070434570312,232.484375,176.017359296677,65,3688,11,4.2372899055481,31.052490234375,25.591911315918,27.412834429172
"1163","MYLIOBATIFORMES","DASYATIDAE","Telatrygon","zugei","Telatrygon zugei",0,100,0.5,95.5,0,100,29,1351,21,55.2159652709961,323.705871582031,182.449462890625,214.025537554376,116,13658,21,2.39211010932922,31.2149085998535,26.4311981201172,21.1146959163972
"1164","TORPEDINIFORMES","NARKIDAE","Temera","hardwickii","Temera hardwickii",0,20,0,20,0,20,13,125,5,1.47218906879425,223.619049072266,209.369277954102,195.994629394531,50,867,5,3.86040997505188,31.1898002624512,25.6570987701416,28.7025857527226
"1165","TORPEDINIFORMES","TORPEDINIDAE","Tetronarce","californica","Tetronarce californica",3,274,40.5,615.5,3,274,27,1588,27,0,318.709411621094,298.189483642578,206.658904500812,108,18628,27,2.34080004692078,21.345890045166,17.8965187072754,10.0102082020944
"1166","TORPEDINIFORMES","TORPEDINIDAE","Tetronarce","cowleyi","Tetronarce cowleyi",110,455,40.5,615.5,110,455,20,462,15,0,227.047225952148,128.962432861328,144.288598238132,78,3385,15,2.56939005851746,15.5593900680542,12.3071899414062,10.6660386157353
"1167","TORPEDINIFORMES","TORPEDINIDAE","Tetronarce","formosa","Tetronarce formosa",1,340,40.5,615.5,1,340,40,927,31,48.5968208312988,259.802825927734,182.449462890625,200.481785195031,159,7992,31,2.41770005226135,29.7411994934082,26.4311981201172,20.1275565745654
"1168","TORPEDINIFORMES","TORPEDINIDAE","Tetronarce","nobiliana","Tetronarce nobiliana",0,925,40.5,615.5,0,925,117,27204,45,0,362.562866210938,254.029251098633,215.931547360321,467,256369,45,-1.98351001739502,31.2339897155762,26.1715106964111,14.1095510275643
"1169","TORPEDINIFORMES","TORPEDINIDAE","Tetronarce","occidentalis","Tetronarce occidentalis",0,530,40.5,615.5,0,530,42,2603,38,101.770324707031,350.445678710938,206.558822631836,197.938394538449,166,23381,38,-0.156110003590584,30.3610897064209,25.2347812652588,16.6495160053531
"1170","TORPEDINIFORMES","TORPEDINIDAE","Tetronarce","puelcha","Tetronarce puelcha",10,600,40.5,615.5,10,600,28,1717,37,161.904800415039,323.918334960938,98.8700256347656,239.748043480208,111,21669,37,2.33291006088257,27.9577007293701,24.5368194580078,14.4744631234498
"1171","TORPEDINIFORMES","TORPEDINIDAE","Tetronarce","tokionis","Tetronarce tokionis",200,1100,40.5,615.5,200,1100,22,673,25,32.8640098571777,274.735443115234,66.9889221191406,129.985413323186,90,6775,25,1.75590002536774,20.1726093292236,4.07281970977783,7.97148956626104
"1172","TORPEDINIFORMES","TORPEDINIDAE","Tetronarce","tremens","Tetronarce tremens",0,700,40.5,615.5,0,700,48,2095,41,0,276.905914306641,270.573913574219,84.7846877877638,191,13269,41,2.75150990486145,30.0529098510742,25.3563003540039,15.1087811893935
"1173","TORPEDINIFORMES","TORPEDINIDAE","Torpedo","adenensis","Torpedo adenensis",26,230,5.77777777777778,244.333333333333,26,230,1,0,21,Inf,-Inf,-Inf,NA,4,287,21,4.95969009399414,28.625789642334,15.1067991256714,20.7735234868651
"1174","TORPEDINIFORMES","TORPEDINIDAE","Torpedo","andersoni","Torpedo andersoni",11,229,5.77777777777778,244.333333333333,11,229,20,1081,24,59.397533416748,278.391296386719,144.751586914062,194.20917966915,79,8023,24,3.93389010429382,30.050609588623,25.6891002655029,24.4626969311669
"1175","TORPEDINIFORMES","TORPEDINIDAE","Torpedo","bauchotae","Torpedo bauchotae",0,60,5.77777777777778,244.333333333333,0,60,33,599,13,13.9230327606201,245.930160522461,194.866714477539,165.244990264434,134,3365,13,4.53710985183716,29.596809387207,24.2451000213623,23.3777498914087
"1176","TORPEDINIFORMES","TORPEDINIDAE","Torpedo","fuscomaculata","Torpedo fuscomaculata",0,440,5.77777777777778,244.333333333333,0,440,33,1939,35,59.0782051086426,301.980194091797,146.419494628906,196.318748588228,132,16654,35,1.86199998855591,30.3226089477539,25.9549102783203,19.6787909285224
"1177","TORPEDINIFORMES","TORPEDINIDAE","Torpedo","mackayana","Torpedo mackayana",15,50,5.77777777777778,244.333333333333,15,50,33,371,8,13.9230327606201,232.994598388672,184.750946044922,161.46009088398,134,1987,8,7.13769006729126,29.3661098480225,18.5687980651855,22.4896455835804
"1178","TORPEDINIFORMES","TORPEDINIDAE","Torpedo","marmorata","Torpedo marmorata",0,370,5.77777777777778,244.333333333333,0,370,93,6816,32,0,393.683929443359,254.029251098633,198.412059202161,374,54327,32,-1.98351001739502,29.596809387207,24.7517108917236,15.8013829549206
"1179","TORPEDINIFORMES","TORPEDINIDAE","Torpedo","panthera","Torpedo panthera",0,350,5.77777777777778,244.333333333333,0,350,18,1455,31,0,306.709228515625,294.577453613281,128.82736689053,74,12675,31,3.80388998985291,35.6816902160645,27.026309967041,24.2478319595457
"1180","TORPEDINIFORMES","TORPEDINIDAE","Torpedo","sinuspersici","Torpedo sinuspersici",0,150,5.77777777777778,244.333333333333,0,150,61,1718,23,0,306.709228515625,294.577453613281,176.928145699784,245,19092,23,3.09699988365173,35.6816902160645,26.0657005310059,24.8646667071066
"1181","TORPEDINIFORMES","TORPEDINIDAE","Torpedo","torpedo","Torpedo torpedo",0,320,5.77777777777778,244.333333333333,0,320,63,6328,30,13.9230327606201,283.884948730469,194.866714477539,197.998348923007,252,49773,30,3.94918990135193,29.6420001983643,24.9382915496826,17.1435850659348
"1182","CARCHARHINIFORMES","CARCHARHINIDAE","Triaenodon","obesus","Triaenodon obesus",0,330,0,330,0,330,62,34786,30,0,306.709228515625,294.577453613281,172.396580172457,248,244585,30,0.793610036373138,33.4570999145508,28.7154903411865,24.5480211772233
"1183","CARCHARHINIFORMES","TRIAKIDAE","Triakis","acutipinna","Triakis acutipinna",50,200,18.2,138.2,50,200,2,0,15,Inf,-Inf,-Inf,NA,6,82,15,3.48678994178772,18.1776008605957,11.8362197875977,15.4518077780561
"1184","CARCHARHINIFORMES","TRIAKIDAE","Triakis","maculata","Triakis maculata",10,200,18.2,138.2,10,200,19,479,23,0,244.626586914062,244.626586914062,89.7688444765724,76,2953,23,3.00109004974365,26.7290096282959,22.8931198120117,16.0114412746953
"1185","CARCHARHINIFORMES","TRIAKIDAE","Triakis","megalopterus","Triakis megalopterus",0,50,18.2,138.2,0,50,22,264,11,0,301.980194091797,254.029251098633,216.639985344627,90,1141,11,4.97769021987915,26.5981101989746,21.286319732666,17.0937617190776
"1186","CARCHARHINIFORMES","TRIAKIDAE","Triakis","scyllium","Triakis scyllium",30,150,18.2,138.2,30,150,26,1659,17,32.8262786865234,374.343811035156,305.663879394531,233.56570230384,102,17767,17,-1.61871004104614,28.7419090270996,23.2598915100098,15.3217945083535
"1187","CARCHARHINIFORMES","TRIAKIDAE","Triakis","semifasciata","Triakis semifasciata",1,91,18.2,138.2,1,91,24,1056,19,0,295.477722167969,275.307464599609,212.949983593189,96,15533,19,2.46060991287231,34.0424880981445,28.8861103057861,15.2739636046009
"1188","SQUALIFORMES","ETMOPTERIDAE","Trigonognathus","kabeyai","Trigonognathus kabeyai",250,1000,250,1000,250,1000,15,1144,21,22.257381439209,222.346282958984,48.3553161621094,125.247279440606,63,5471,21,2.63081002235413,17.8293895721436,1.77869987487793,8.46128354685286
"1189","MYLIOBATIFORMES","UROLOPHIDAE","Trygonoptera","galba","Trygonoptera galba",100,210,16.6666666666667,127.166666666667,100,210,8,56,5,123.916732788086,233.244644165039,95.5330963134766,218.514326368059,33,502,5,2.89281010627747,22.1972904205322,18.3496017456055,18.839739620923
"1190","MYLIOBATIFORMES","UROLOPHIDAE","Trygonoptera","imitata","Trygonoptera imitata",0,120,16.6666666666667,127.166666666667,0,120,4,253,22,150.870529174805,265.701629638672,100.863510131836,241.54155704061,15,4425,22,2.62559008598328,22.1072006225586,18.9981098175049,15.2258677595753
"1191","MYLIOBATIFORMES","UROLOPHIDAE","Trygonoptera","mucosa","Trygonoptera mucosa",0,95,16.6666666666667,127.166666666667,0,95,7,325,20,158.724639892578,265.509582519531,86.2527465820312,233.80662499061,29,2036,20,9.9146900177002,24.2720909118652,12.6629104614258,18.2254187943659
"1192","MYLIOBATIFORMES","UROLOPHIDAE","Trygonoptera","ovalis","Trygonoptera ovalis",0,88,16.6666666666667,127.166666666667,0,88,7,203,19,145.307693481445,259.355773925781,85.4918975830078,228.565104141611,30,1637,19,8.6326904296875,23.7166900634766,12.6629104614258,18.9094550750863
"1193","MYLIOBATIFORMES","UROLOPHIDAE","Trygonoptera","personata","Trygonoptera personata",0,115,16.6666666666667,127.166666666667,0,115,8,119,22,142.027694702148,255.260375976562,88.9996948242188,218.175171667788,34,880,22,9.49679088592529,25.9146099090576,13.4164991378784,21.7204475186088
"1194","MYLIOBATIFORMES","UROLOPHIDAE","Trygonoptera","testacea","Trygonoptera testacea",0,135,16.6666666666667,127.166666666667,0,135,12,108,22,150.870529174805,250.385467529297,97.1285400390625,212.533889064082,44,1692,22,2.81431007385254,26.9253997802734,22.6340198516846,19.8928443297709
"1195","RHINOPRISTIFORMES","TRYGONORRHINIDAE","Trygonorrhina","dumerilii","Trygonorrhina dumerilii",30,205,15,152.5,30,205,10,1333,19,143.906921386719,269.795135498047,98.4381713867188,241.024590013623,43,17115,19,2.61600995063782,22.7003898620605,18.0157108306885,15.7889149280518
"1196","RHINOPRISTIFORMES","TRYGONORRHINIDAE","Trygonorrhina","fasciata","Trygonorrhina fasciata",0,100,15,152.5,0,100,11,252,21,147.058517456055,250.385467529297,97.1285400390625,211.822152152894,42,3749,21,2.81431007385254,26.6063995361328,23.1808986663818,20.2191325968887
"1197","TORPEDINIFORMES","NARKIDAE","Typhlonarke","aysoni","Typhlonarke aysoni",50,800,50,800,50,800,16,3118,33,150.186630249023,293.405609130859,109.534530639648,234.043251497612,63,34989,33,2.59618997573853,20.9212093353271,13.8927803039551,11.3326553419109
"1198","MYLIOBATIFORMES","UROTRYGONIDAE","Urobatis","concentricus","Urobatis concentricus",0,109,3,62.1666666666667,0,109,16,452,21,0,275.406433105469,275.307464599609,161.240925062019,64,2830,21,3.99530005455017,34.0424880981445,25.6879901885986,19.3220771250371
"1199","MYLIOBATIFORMES","UROTRYGONIDAE","Urobatis","halleri","Urobatis halleri",15,91,3,62.1666666666667,15,91,35,1720,16,0,294.344696044922,290.384582519531,151.789765223791,139,21930,16,2.58311009407043,31.9575996398926,28.8861103057861,18.1902101114902
"1200","MYLIOBATIFORMES","UROTRYGONIDAE","Urobatis","jamaicensis","Urobatis jamaicensis",1,70,3,62.1666666666667,1,70,29,2126,15,83.9925003051758,278.391296386719,132.386535644531,199.693182427594,114,15607,15,3.93389010429382,30.6297092437744,25.6891002655029,25.7293016093113
"1201","MYLIOBATIFORMES","UROTRYGONIDAE","Urobatis","maculatus","Urobatis maculatus",0,30,3,62.1666666666667,0,30,11,112,7,0,275.406433105469,275.307464599609,218.474507195609,42,604,7,6.80601024627686,33.4674110412598,22.1968193054199,22.141508811357
"1202","MYLIOBATIFORMES","UROTRYGONIDAE","Urobatis","pardalis","Urobatis pardalis",1,53,3,62.1666666666667,1,53,3,12,12,0,219.738388061523,219.738388061523,91.4137380917867,10,106,12,26.0020904541016,29.9396991729736,3.93760871887207,24.3898433109499
"1203","MYLIOBATIFORMES","UROTRYGONIDAE","Urobatis","tumbesensis","Urobatis tumbesensis",1,20,3,62.1666666666667,1,20,12,25,5,0,276.905914306641,257.555236816406,190.530498657227,49,272,5,7.13419008255005,28.7158088684082,19.8169803619385,22.6981309371836
"1204","MYLIOBATIFORMES","DASYATIDAE","Urogymnus","acanthobothrium","Urogymnus acanthobothrium",2,60,0.4,64.2,2,60,8,123,13,186.44970703125,236.831970214844,46.9768829345703,191.301528124305,34,970,13,14.7273998260498,32.3907127380371,13.922908782959,27.5812363988345
"1205","MYLIOBATIFORMES","DASYATIDAE","Urogymnus","acanthobothrium","Urogymnus acanthobothrium",2,60,0.4,64.2,2,60,8,123,13,186.44970703125,236.831970214844,46.9768829345703,191.301528124305,34,970,13,14.7273998260498,32.3907127380371,13.922908782959,27.5812363988345
"1206","MYLIOBATIFORMES","DASYATIDAE","Urogymnus","asperrimus","Urogymnus asperrimus",0,130,0.4,64.2,0,130,63,14731,22,0,306.709228515625,294.577453613281,174.809503026734,249,135234,22,0.793610036373138,35.6816902160645,28.7154903411865,26.6423254909516
"1207","MYLIOBATIFORMES","DASYATIDAE","Urogymnus","dalyensis","Urogymnus dalyensis",0,6,0.4,64.2,0,6,11,6,2,188.898651123047,236.831970214844,46.9768829345703,205.08179473877,41,87,2,7.95731019973755,29.9816913604736,21.7333908081055,27.744347364053
"1208","MYLIOBATIFORMES","DASYATIDAE","Urogymnus","granulatus","Urogymnus granulatus",0,85,0.4,64.2,0,85,57,6678,18,0,306.709228515625,294.577453613281,181.535184547765,229,55743,18,2.75239992141724,35.6816902160645,27.3097915649414,27.0071396715894
"1209","MYLIOBATIFORMES","DASYATIDAE","Urogymnus","lobistoma","Urogymnus lobistoma",0,40,0.4,64.2,0,40,19,509,9,48.7014579772949,216.108428955078,164.558456420898,188.689568240422,74,4587,9,3.79591012001038,31.1898002624512,25.7623805999756,28.4855632757033
"1210","MYLIOBATIFORMES","DASYATIDAE","Urogymnus","polylepis","Urogymnus polylepis",NA,NA,0.4,64.2,0.4,64.2,33,170,14,0,222.221130371094,197.775527954102,185.276337747013,131,495,14,6.29299020767212,32.111988067627,22.763599395752,28.4790082603994
"1211","MYLIOBATIFORMES","DASYATIDAE","Urogymnus","polylepis","Urogymnus polylepis",NA,NA,0.4,64.2,0.4,64.2,33,170,14,0,222.221130371094,197.775527954102,185.276337747013,131,495,14,6.29299020767212,32.111988067627,22.763599395752,28.4790082603994
"1212","MYLIOBATIFORMES","DASYATIDAE","Urogymnus","polylepis","Urogymnus polylepis",NA,NA,0.4,64.2,0.4,64.2,33,170,14,0,222.221130371094,197.775527954102,185.276337747013,131,495,14,6.29299020767212,32.111988067627,22.763599395752,28.4790082603994
"1213","MYLIOBATIFORMES","UROLOPHIDAE","Urolophus","aurantiacus","Urolophus aurantiacus",10,205,73.1578947368421,238.631578947368,10,205,14,886,23,65.3856582641602,252.024459838867,168.840896606445,211.39396190428,57,7997,23,0.561190009117126,29.2973003387451,26.4311981201172,19.7187529707366
"1214","MYLIOBATIFORMES","UROLOPHIDAE","Urolophus","bucculentus","Urolophus bucculentus",65,265,73.1578947368421,238.631578947368,65,265,24,747,15,146.401031494141,269.666442871094,103.517181396484,224.114253829282,95,10364,15,2.52419996261597,25.9332103729248,18.8231887817383,15.7534596427717
"1215","MYLIOBATIFORMES","UROLOPHIDAE","Urolophus","circularis","Urolophus circularis",0,120,73.1578947368421,238.631578947368,0,120,4,167,22,156.439331054688,259.355773925781,91.9932250976562,233.668034993246,15,1205,22,2.71938991546631,22.8855991363525,17.5825996398926,18.471920531815
"1216","MYLIOBATIFORMES","UROLOPHIDAE","Urolophus","cruciatus","Urolophus cruciatus",0,210,73.1578947368421,238.631578947368,0,210,7,310,25,157.399673461914,276.577301025391,111.624435424805,245.281528152958,29,3678,25,2.63720011711121,21.7999992370605,14.5826816558838,14.3027190106793
"1217","MYLIOBATIFORMES","UROLOPHIDAE","Urolophus","deforgesi","Urolophus deforgesi",203,330,73.1578947368421,238.631578947368,203,330,3,32,6,165.480895996094,203.801651000977,28.4941253662109,178.324427127838,8,338,6,15.6836099624634,21.1556091308594,1.27380847930908,18.6049989610029
"1218","MYLIOBATIFORMES","UROLOPHIDAE","Urolophus","expansus","Urolophus expansus",130,420,73.1578947368421,238.631578947368,130,420,4,244,13,147.688949584961,269.795135498047,94.0529937744141,241.427128213351,16,1535,13,2.6816999912262,20.3522090911865,14.6252908706665,12.3498002440611
"1219","MYLIOBATIFORMES","UROLOPHIDAE","Urolophus","flavomosaicus","Urolophus flavomosaicus",60,320,73.1578947368421,238.631578947368,60,320,11,295,18,61.0586776733398,242.724273681641,151.05451965332,194.060227009401,43,1831,18,3.00249004364014,27.2069911956787,20.4811820983887,21.60639026346
"1220","MYLIOBATIFORMES","UROLOPHIDAE","Urolophus","gigas","Urolophus gigas",0,50,73.1578947368421,238.631578947368,0,50,10,302,11,164.217575073242,273.989593505859,96.2728424072266,240.621416963489,39,2111,11,8.37790966033936,24.2720909118652,9.8818187713623,16.6094229534191
"1221","MYLIOBATIFORMES","UROLOPHIDAE","Urolophus","kapalensis","Urolophus kapalensis",10,130,73.1578947368421,238.631578947368,10,130,6,58,20,174.712615966797,222.073928833008,47.0361480712891,206.39021248653,25,782,20,3.12778997421265,25.8246898651123,22.6340198516846,19.8998675809797
"1222","MYLIOBATIFORMES","UROLOPHIDAE","Urolophus","lobatus","Urolophus lobatus",0,30,73.1578947368421,238.631578947368,0,30,3,21,7,181.867126464844,259.355773925781,69.9339904785156,229.284870692662,13,272,7,15.3101091384888,22.8855991363525,5.16149997711182,19.128825545311
"1223","MYLIOBATIFORMES","UROLOPHIDAE","Urolophus","mitosis","Urolophus mitosis",100,200,73.1578947368421,238.631578947368,100,200,1,0,5,Inf,-Inf,-Inf,NA,3,0,5,Inf,-Inf,-Inf,NA
"1224","MYLIOBATIFORMES","UROLOPHIDAE","Urolophus","neocaledoniensis","Urolophus neocaledoniensis",229,428,73.1578947368421,238.631578947368,229,428,4,90,9,139.318664550781,201.476425170898,56.6571197509766,186.398052639431,16,860,9,12.6488094329834,19.9959087371826,1.38230037689209,16.404568297364
"1225","MYLIOBATIFORMES","UROLOPHIDAE","Urolophus","orarius","Urolophus orarius",5,50,73.1578947368421,238.631578947368,5,50,6,94,10,Inf,-Inf,-Inf,243.009901330826,23,634,10,Inf,-Inf,-Inf,16.6720338905647
"1226","MYLIOBATIFORMES","UROLOPHIDAE","Urolophus","papilio","Urolophus papilio",330,330,73.1578947368421,238.631578947368,330,330,3,6,1,167.739593505859,190.12873840332,16.5559844970703,178.238861083984,8,62,1,15.6836099624634,17.3743991851807,1.27380847930908,16.6831229117609
"1227","MYLIOBATIFORMES","UROLOPHIDAE","Urolophus","paucimaculatus","Urolophus paucimaculatus",0,206,73.1578947368421,238.631578947368,0,206,13,1036,25,150.870529174805,277.865936279297,111.624435424805,239.568211912649,55,11496,25,2.52419996261597,25.6551895141602,21.3290901184082,16.0489063539186
"1228","MYLIOBATIFORMES","UROLOPHIDAE","Urolophus","piperatus","Urolophus piperatus",123,370,73.1578947368421,238.631578947368,123,370,4,0,11,Inf,-Inf,-Inf,NA,18,11,11,13.333890914917,21.9015102386475,1.18521881103516,18.4512950723821
"1229","MYLIOBATIFORMES","UROLOPHIDAE","Urolophus","sufflavus","Urolophus sufflavus",45,320,73.1578947368421,238.631578947368,45,320,10,66,21,152.572235107422,233.114654541016,72.2240753173828,203.041811856357,42,1349,21,2.81431007385254,25.7917003631592,17.3873901367188,18.1112861046533
"1230","MYLIOBATIFORMES","UROLOPHIDAE","Urolophus","viridis","Urolophus viridis",20,330,73.1578947368421,238.631578947368,20,330,18,951,26,147.058517456055,277.425384521484,103.517181396484,233.419638311825,72,12769,26,2.52419996261597,26.4014911651611,17.7997989654541,15.3209499128648
"1231","MYLIOBATIFORMES","UROLOPHIDAE","Urolophus","westraliensis","Urolophus westraliensis",60,220,73.1578947368421,238.631578947368,60,220,11,238,14,70.3966598510742,208.499282836914,138.102630615234,162.411382146242,43,1699,14,13.3841905593872,21.0412101745605,2.92591857910156,24.3997578634944
"1232","MYLIOBATIFORMES","UROTRYGONIDAE","Urotrygon","aspidura","Urotrygon aspidura",5,100,2.8,46.8,5,100,31,600,20,0,276.905914306641,257.555236816406,105.609887369474,122,2908,20,4.33540010452271,30.184591293335,23.6885089874268,21.4150650527487
"1233","MYLIOBATIFORMES","UROTRYGONIDAE","Urotrygon","chilensis","Urotrygon chilensis",1,60,2.8,46.8,1,60,55,637,13,0,276.905914306641,257.555236816406,150.23622767929,220,3664,13,3.83691000938416,33.9436874389648,23.9325103759766,22.2345938849137
"1234","MYLIOBATIFORMES","UROTRYGONIDAE","Urotrygon","cimar","Urotrygon cimar",1,85,2.8,46.8,1,85,12,306,18,0,247.032608032227,247.032608032227,101.127098784727,47,1475,18,5.06729984283447,31.9606990814209,22.8072910308838,23.5221694319127
"1235","MYLIOBATIFORMES","UROTRYGONIDAE","Urotrygon","microphthalmum","Urotrygon microphthalmum",8,55,2.8,46.8,8,55,21,342,10,91.0596389770508,251.558807373047,124.469367980957,196.587818748073,82,3682,10,3.91428995132446,28.5222911834717,24.4845008850098,27.1937348626348
"1236","MYLIOBATIFORMES","UROTRYGONIDAE","Urotrygon","munda","Urotrygon munda",5,50,2.8,46.8,5,50,29,220,10,0,276.905914306641,257.555236816406,143.758090504733,115,1368,10,4.33540010452271,30.1658897399902,23.6885089874268,23.5462149277068
"1237","MYLIOBATIFORMES","UROTRYGONIDAE","Urotrygon","nana","Urotrygon nana",2,15,2.8,46.8,2,15,16,44,4,0,239.779037475586,236.802825927734,197.169555317272,62,239,4,22.8146991729736,31.9606990814209,7.6394100189209,27.788014926671
"1238","MYLIOBATIFORMES","UROTRYGONIDAE","Urotrygon","reticulata","Urotrygon reticulata",1,15,2.8,46.8,1,15,2,4,4,187.242874145508,212.809341430664,25.5664672851562,198.397315979004,6,60,4,23.1330909729004,29.2322006225586,6.04790115356445,26.792474492391
"1239","MYLIOBATIFORMES","UROTRYGONIDAE","Urotrygon","rogersi","Urotrygon rogersi",1,30,2.8,46.8,1,30,35,210,7,0,276.905914306641,266.622161865234,192.580084664481,140,1271,7,6.80601024627686,33.4674110412598,22.3255195617676,24.8887547133571
"1240","MYLIOBATIFORMES","UROTRYGONIDAE","Urotrygon","simulatrix","Urotrygon simulatrix",2,18,2.8,46.8,2,18,20,0,5,Inf,-Inf,-Inf,NA,84,45,5,14.9547100067139,33.2424011230469,18.287691116333,26.2249722798665
"1241","MYLIOBATIFORMES","UROTRYGONIDAE","Urotrygon","venezuelae","Urotrygon venezuelae",2,40,2.8,46.8,2,40,4,27,9,107.877304077148,210.795913696289,100.056922912598,196.109432644314,14,85,9,23.0295085906982,30.8931903839111,6.33991050720215,26.5407064325669
"1242","SQUALIFORMES","SOMNIOSIDAE","Zameus","squamulosus","Zameus squamulosus",0,1511,0,1511,0,1511,114,27123,57,0,365.698150634766,255.33854675293,195.861255459908,454,242978,57,-1.41381001472473,31.2339897155762,26.586109161377,14.8206276348544
"1243","MYLIOBATIFORMES","ZANOBATIDAE","Zanobatus","maculatus","Zanobatus maculatus",0,30,0,45,0,30,24,196,7,15.0481004714966,241.901397705078,191.487442016602,190.859545026507,95,1003,7,6.41278982162476,29.596809387207,22.5114002227783,24.7360378048593
"1244","MYLIOBATIFORMES","ZANOBATIDAE","Zanobatus","schoenleinii","Zanobatus schoenleinii",0,60,0,45,0,60,49,814,13,13.9230327606201,264.630615234375,194.866714477539,178.08388122821,199,4963,13,4.53710985183716,29.596809387207,24.2451000213623,21.8834133788076
"1245","RHINOPRISTIFORMES","TRYGONORRHINIDAE","Zapteryx","brevirostris","Zapteryx brevirostris",2,140,1,163.333333333333,2,140,23,948,23,169.817825317383,339.606658935547,104.093795776367,237.0363321586,94,11779,23,7.62190008163452,28.42799949646,18.9584102630615,16.6172247057263
"1246","RHINOPRISTIFORMES","TRYGONORRHINIDAE","Zapteryx","exasperata","Zapteryx exasperata",0,200,1,163.333333333333,0,200,16,1129,25,0,284.524932861328,275.307464599609,183.015763691614,66,15479,25,2.63789010047913,34.0424880981445,28.8861103057861,15.2011669730561
"1247","RHINOPRISTIFORMES","TRYGONORRHINIDAE","Zapteryx","xyster","Zapteryx xyster",1,150,1,163.333333333333,1,150,29,843,23,0,294.344696044922,290.384582519531,100.913094824036,115,5298,23,3.48678994178772,31.9606990814209,25.2493915557861,21.2734458002787
